pdf_path,company,registrant_name,company_name_mismatch,error
../downolad_files/data/nasdaq_annual_reports\1-800-flowerscom\NASDAQ_FLWS_2022.pdf,1-800-flowerscom,"1-800-FLOWERS.COM, Inc.",False,
../downolad_files/data/nasdaq_annual_reports\1-800-flowerscom\NASDAQ_FLWS_2019.pdf,1-800-flowerscom,,,
../downolad_files/data/nasdaq_annual_reports\1-800-flowerscom\NASDAQ_FLWS_2020.pdf,1-800-flowerscom,,,
../downolad_files/data/nasdaq_annual_reports\1-800-flowerscom\NASDAQ_FLWS_2021.pdf,1-800-flowerscom,,,
../downolad_files/data/nasdaq_annual_reports\10x-genomics-inc\NASDAQ_TXG_2019.pdf,10x-genomics-inc,"10x Genomics, Inc.",False,
../downolad_files/data/nasdaq_annual_reports\10x-genomics-inc\NASDAQ_TXG_2021.pdf,10x-genomics-inc,"10x Genomics, Inc.",False,
../downolad_files/data/nasdaq_annual_reports\10x-genomics-inc\NASDAQ_TXG_2020.pdf,10x-genomics-inc,"10x Genomics, Inc.",False,
../downolad_files/data/nasdaq_annual_reports\111-inc\NASDAQ_YI_2018.pdf,111-inc,"111, Inc.",False,
../downolad_files/data/nasdaq_annual_reports\111-inc\NASDAQ_YI_2019.pdf,111-inc,"111, Inc.",False,
../downolad_files/data/nasdaq_annual_reports\111-inc\NASDAQ_YI_2020.pdf,111-inc,"111, Inc.",False,
../downolad_files/data/nasdaq_annual_reports\1347-property-insurance-holdings-inc\NASDAQ_PIH_2015.pdf,1347-property-insurance-holdings-inc,"1347 Property Insurance Holdings, Inc.",False,
../downolad_files/data/nasdaq_annual_reports\1347-property-insurance-holdings-inc\NASDAQ_PIH_2016.pdf,1347-property-insurance-holdings-inc,"1347 Property Insurance Holdings, Inc.",False,
../downolad_files/data/nasdaq_annual_reports\1347-property-insurance-holdings-inc\NASDAQ_PIH_2017.pdf,1347-property-insurance-holdings-inc,"1347 Property Insurance Holdings, Inc.",False,
../downolad_files/data/nasdaq_annual_reports\111-inc\NASDAQ_YI_2021.pdf,111-inc,"111, Inc.",False,
../downolad_files/data/nasdaq_annual_reports\1st-source-corporation\NASDAQ_SRCE_2019.pdf,1st-source-corporation,1st Source Corporation,False,
../downolad_files/data/nasdaq_annual_reports\1st-source-corporation\NASDAQ_SRCE_2020.pdf,1st-source-corporation,1st Source Corporation,False,
../downolad_files/data/nasdaq_annual_reports\1895-bancorp-of-wisconsin-inc\NASDAQ_BCOW_2021.pdf,1895-bancorp-of-wisconsin-inc,"1895 BANCORP OF WISCONSIN, INC.",False,
../downolad_files/data/nasdaq_annual_reports\1895-bancorp-of-wisconsin-inc\NASDAQ_BCOW_2022.pdf,1895-bancorp-of-wisconsin-inc,"1895 BANCORP OF WISCONSIN, INC.",False,
../downolad_files/data/nasdaq_annual_reports\1st-source-corporation\NASDAQ_SRCE_2021.pdf,1st-source-corporation,1st Source Corporation,False,
../downolad_files/data/nasdaq_annual_reports\1st-source-corporation\NASDAQ_SRCE_2022.pdf,1st-source-corporation,1st Source Corporation,False,
../downolad_files/data/nasdaq_annual_reports\21vianet-group-inc\NASDAQ_VNET_2015.pdf,21vianet-group-inc,"21Vianet Group, Inc.",False,
../downolad_files/data/nasdaq_annual_reports\21vianet-group-inc\NASDAQ_VNET_2016.pdf,21vianet-group-inc,"21Vianet Group, Inc.",False,
../downolad_files/data/nasdaq_annual_reports\21vianet-group-inc\NASDAQ_VNET_2017.pdf,21vianet-group-inc,"21Vianet Group, Inc.",False,
../downolad_files/data/nasdaq_annual_reports\21vianet-group-inc\NASDAQ_VNET_2018.pdf,21vianet-group-inc,"21Vianet Group, Inc.",False,
../downolad_files/data/nasdaq_annual_reports\2u-inc\NASDAQ_TWOU_2020.pdf,2u-inc,"2U, INC.",,
../downolad_files/data/nasdaq_annual_reports\2u-inc\NASDAQ_TWOU_2019.pdf,2u-inc,"2U, INC.",,
../downolad_files/data/nasdaq_annual_reports\2u-inc\NASDAQ_TWOU_2021.pdf,2u-inc,"2U, INC.",,
../downolad_files/data/nasdaq_annual_reports\21vianet-group-inc\NASDAQ_VNET_2019.pdf,21vianet-group-inc,"21Vianet Group, Inc.",False,
../downolad_files/data/nasdaq_annual_reports\360-finance-inc\NASDAQ_QFIN_2018.pdf,360-finance-inc,"360 Finance, Inc.",False,
../downolad_files/data/nasdaq_annual_reports\360-finance-inc\NASDAQ_QFIN_2019.pdf,360-finance-inc,"360 Finance, Inc.",False,
../downolad_files/data/nasdaq_annual_reports\360-finance-inc\NASDAQ_QFIN_2020.pdf,360-finance-inc,"360 DigiTech, Inc.",False,
../downolad_files/data/nasdaq_annual_reports\36kr-holdings-inc\NASDAQ_KRKR_2020.pdf,36kr-holdings-inc,36Kr Holdings Inc.,False,
../downolad_files/data/nasdaq_annual_reports\36kr-holdings-inc\NASDAQ_KRKR_2019.pdf,36kr-holdings-inc,36Kr Holdings Inc.,False,
../downolad_files/data/nasdaq_annual_reports\36kr-holdings-inc\NASDAQ_KRKR_2021.pdf,36kr-holdings-inc,36Kr Holdings Inc.,False,
../downolad_files/data/nasdaq_annual_reports\2u-inc\NASDAQ_TWOU_2022.pdf,2u-inc,,,
../downolad_files/data/nasdaq_annual_reports\3d-systems-corp\NASDAQ_DDD_2017.pdf,3d-systems-corp,3D SYSTEMS CORPORATION,False,
../downolad_files/data/nasdaq_annual_reports\3d-systems-corp\NASDAQ_DDD_2018.pdf,3d-systems-corp,3D SYSTEMS CORPORATION,False,
../downolad_files/data/nasdaq_annual_reports\3d-systems-corp\NASDAQ_DDD_2019.pdf,3d-systems-corp,,,
../downolad_files/data/nasdaq_annual_reports\3d-systems-corp\NASDAQ_DDD_2020.pdf,3d-systems-corp,3D SYSTEMS CORPORATION,False,
../downolad_files/data/nasdaq_annual_reports\36kr-holdings-inc\NASDAQ_KRKR_2022.pdf,36kr-holdings-inc,36Kr Holdings Inc.,False,
../downolad_files/data/nasdaq_annual_reports\51job-inc\NASDAQ_JOBS_2015.pdf,51job-inc,"51job, Inc.",False,
../downolad_files/data/nasdaq_annual_reports\51job-inc\NASDAQ_JOBS_2016.pdf,51job-inc,"51job, Inc.",False,
../downolad_files/data/nasdaq_annual_reports\51job-inc\NASDAQ_JOBS_2017.pdf,51job-inc,"51job, Inc.",False,
../downolad_files/data/nasdaq_annual_reports\51job-inc\NASDAQ_JOBS_2018.pdf,51job-inc,"51job, Inc.",False,
../downolad_files/data/nasdaq_annual_reports\3d-systems-corp\NASDAQ_DDD_2021.pdf,3d-systems-corp,36Kr Holdings Inc.,True,
../downolad_files/data/nasdaq_annual_reports\51job-inc\NASDAQ_JOBS_2019.pdf,51job-inc,"51job, Inc.",False,
../downolad_files/data/nasdaq_annual_reports\89bio-inc\NASDAQ_ETNB_2019.pdf,89bio-inc,"89bio, Inc.",False,
../downolad_files/data/nasdaq_annual_reports\8x8-inc\NASDAQ_EGHT_2019.pdf,8x8-inc,"8x8, Inc.",False,
../downolad_files/data/nasdaq_annual_reports\8x8-inc\NASDAQ_EGHT_2020.pdf,8x8-inc,"8x8, Inc.",False,
../downolad_files/data/nasdaq_annual_reports\89bio-inc\NASDAQ_ETNB_2020.pdf,89bio-inc,"89bio, Inc.",False,
../downolad_files/data/nasdaq_annual_reports\89bio-inc\NASDAQ_ETNB_2021.pdf,89bio-inc,"89bio, Inc.",False,
../downolad_files/data/nasdaq_annual_reports\8x8-inc\NASDAQ_EGHT_2021.pdf,8x8-inc,"8x8, Inc.",False,
../downolad_files/data/nasdaq_annual_reports\9-meters-biopharma-inc\NASDAQ_NMTR_2018.pdf,9-meters-biopharma-inc,"INNOVATE BIO PHARMACEUTICALS, INC.",True,
../downolad_files/data/nasdaq_annual_reports\8x8-inc\NASDAQ_EGHT_2022.pdf,8x8-inc,,,
../downolad_files/data/nasdaq_annual_reports\9-meters-biopharma-inc\NASDAQ_NMTR_2017.pdf,9-meters-biopharma-inc,"INNOVATE BIO PHARMACEUTICALS, INC.",True,
../downolad_files/data/nasdaq_annual_reports\9-meters-biopharma-inc\NASDAQ_NMTR_2019.pdf,9-meters-biopharma-inc,"INNOVATE BIO PHARMACEUTICALS, INC.",True,
../downolad_files/data/nasdaq_annual_reports\9-meters-biopharma-inc\NASDAQ_NMTR_2020.pdf,9-meters-biopharma-inc,"9 METERS BIOPHARMA, INC.",False,
../downolad_files/data/nasdaq_annual_reports\9-meters-biopharma-inc\NASDAQ_NMTR_2021.pdf,9-meters-biopharma-inc,"9 METERS BIOPHARMA, INC.",False,
../downolad_files/data/nasdaq_annual_reports\BRPInc\NASDAQ_DOO_2018.pdf,BRPInc,,,
../downolad_files/data/nasdaq_annual_reports\BRPInc\NASDAQ_DOO_2019.pdf,BRPInc,,,
../downolad_files/data/nasdaq_annual_reports\9f-inc\NASDAQ_JFU_2019.pdf,9f-inc,9F Inc.,,
../downolad_files/data/nasdaq_annual_reports\9f-inc\NASDAQ_JFU_2020.pdf,9f-inc,9F Inc.,,
../downolad_files/data/nasdaq_annual_reports\BRPInc\NASDAQ_DOO_2020.pdf,BRPInc,,,
../downolad_files/data/nasdaq_annual_reports\BRPInc\NASDAQ_DOO_2021.pdf,BRPInc,,,
../downolad_files/data/nasdaq_annual_reports\9f-inc\NASDAQ_JFU_2021.pdf,9f-inc,9F Inc.,,
../downolad_files/data/nasdaq_annual_reports\BRPInc\TSX_DOO_2017.pdf,BRPInc,,,
../downolad_files/data/nasdaq_annual_reports\DBV\NASDAQ_DBVT_2017.pdf,DBV,,,
../downolad_files/data/nasdaq_annual_reports\DBV\NASDAQ_DBVT_2018.pdf,DBV,,,
../downolad_files/data/nasdaq_annual_reports\DBV\NASDAQ_DBVT_2019.pdf,DBV,,,
../downolad_files/data/nasdaq_annual_reports\DBV\NASDAQ_DBVT_2021.pdf,DBV,DBV TECHNOLOGIES S.A.,False,
../downolad_files/data/nasdaq_annual_reports\DBV\NASDAQ_DBVT_2020.pdf,DBV,DBV TECHNOLOGIES S.A.,False,
../downolad_files/data/nasdaq_annual_reports\Green-Plains-Partners-LP\NASDAQ_GPP_2018.pdf,Green-Plains-Partners-LP,GREEN PLAINS PARTNERS LP,False,
../downolad_files/data/nasdaq_annual_reports\Green-Plains-Partners-LP\NASDAQ_GPP_2019.pdf,Green-Plains-Partners-LP,GREEN PLAINS PARTNERS LP,False,
../downolad_files/data/nasdaq_annual_reports\Green-Plains-Partners-LP\NASDAQ_GPP_2020.pdf,Green-Plains-Partners-LP,GREEN PLAINS PARTNERS LP,False,
../downolad_files/data/nasdaq_annual_reports\Green-Plains-Partners-LP\NASDAQ_GPP_2021.pdf,Green-Plains-Partners-LP,,,
../downolad_files/data/nasdaq_annual_reports\Eldorado-Resorts-Inc\NASDAQ_ERI_2020.pdf,Eldorado-Resorts-Inc,"CAESARS ENTERTAINMENT, INC.",False,
../downolad_files/data/nasdaq_annual_reports\Hurco-companies-Inc\NASDAQ_HURC_2019.pdf,Hurco-companies-Inc,"HURCO COMPANIES, INC.",False,
../downolad_files/data/nasdaq_annual_reports\ICU-medical-Incorporated\NASDAQ_ICUI_2016_be053643da474abb9e048daf1ac9aa5f.pdf,ICU-medical-Incorporated,"ICU MEDICAL, INC.",False,
../downolad_files/data/nasdaq_annual_reports\Hurco-companies-Inc\NASDAQ_HURC_2021.pdf,Hurco-companies-Inc,"HURCO COMPANIES,INC.",False,
../downolad_files/data/nasdaq_annual_reports\Hurco-companies-Inc\NASDAQ_HURC_2022.pdf,Hurco-companies-Inc,"HURCO COMPANIES, INC.",False,
../downolad_files/data/nasdaq_annual_reports\Hurco-companies-Inc\NASDAQ_HURC_2020.pdf,Hurco-companies-Inc,"HURCO COMPANIES, INC.",False,
../downolad_files/data/nasdaq_annual_reports\ICU-medical-Incorporated\NASDAQ_ICUI_2017_f648bdecfe524b9ab55f6e702d3f397b.pdf,ICU-medical-Incorporated,"ICU MEDICAL, INC.",False,
../downolad_files/data/nasdaq_annual_reports\ICU-medical-Incorporated\NASDAQ_ICUI_2018.pdf,ICU-medical-Incorporated,"ICU MEDICAL, INC.",False,
../downolad_files/data/nasdaq_annual_reports\ICU-medical-Incorporated\NASDAQ_ICUI_2019.pdf,ICU-medical-Incorporated,"ICU MEDICAL, INC.",False,
../downolad_files/data/nasdaq_annual_reports\Independent-bank-corp\NASDAQ_INDB_2015.pdf,Independent-bank-corp,,,
../downolad_files/data/nasdaq_annual_reports\Independent-bank-corp\NASDAQ_INDB_2016.pdf,Independent-bank-corp,,,
../downolad_files/data/nasdaq_annual_reports\Independent-bank-corp\NASDAQ_INDB_2017.pdf,Independent-bank-corp,,,
../downolad_files/data/nasdaq_annual_reports\Independent-bank-corp\NASDAQ_INDB_2018.pdf,Independent-bank-corp,,,
../downolad_files/data/nasdaq_annual_reports\Independent-bank-corp\NASDAQ_INDB_2019.pdf,Independent-bank-corp,,,
../downolad_files/data/nasdaq_annual_reports\ICU-medical-Incorporated\NASDAQ_ICUI_2020.PDF,ICU-medical-Incorporated,,,
../downolad_files/data/nasdaq_annual_reports\Independent-bank-corporation\NASDAQ_IBCP_2016.pdf,Independent-bank-corporation,,,
../downolad_files/data/nasdaq_annual_reports\Independent-bank-corporation\NASDAQ_IBCP_2017_f4884b55347f43f09dc5f6b860f3148e.pdf,Independent-bank-corporation,,,
../downolad_files/data/nasdaq_annual_reports\Independent-bank-corporation\NASDAQ_IBCP_2019.pdf,Independent-bank-corporation,,,
../downolad_files/data/nasdaq_annual_reports\Independent-bank-group-Inc\NASDAQ_IBTX_2015.pdf,Independent-bank-group-Inc,"Independent Bank Group, Inc.",False,
../downolad_files/data/nasdaq_annual_reports\Independent-bank-corporation\NASDAQ_IBCP_2020.pdf,Independent-bank-corporation,INDEPENDENT BANK CORPORATION,False,
../downolad_files/data/nasdaq_annual_reports\Independent-bank-group-Inc\NASDAQ_IBTX_2016.pdf,Independent-bank-group-Inc,,,
../downolad_files/data/nasdaq_annual_reports\Independent-bank-group-Inc\NASDAQ_IBTX_2017.pdf,Independent-bank-group-Inc,"Independent Bank Group, Inc.",False,
../downolad_files/data/nasdaq_annual_reports\Independent-bank-group-Inc\NASDAQ_IBTX_2018.pdf,Independent-bank-group-Inc,"Independent Bank Group, Inc.",False,
../downolad_files/data/nasdaq_annual_reports\Independent-bank-group-Inc\NASDAQ_IBTX_2020.pdf,Independent-bank-group-Inc,"Independent Bank Group, Inc.",False,
../downolad_files/data/nasdaq_annual_reports\Innospec-Inc\NASDAQ_IOSP_2016.pdf,Innospec-Inc,INNOSPEC INC.,False,
../downolad_files/data/nasdaq_annual_reports\Innospec-Inc\NASDAQ_IOSP_2017.pdf,Innospec-Inc,INNOSPEC INC.,False,
../downolad_files/data/nasdaq_annual_reports\Independent-bank-corporation\NASDAQ_IBCP_2018.pdf,Independent-bank-corporation,,,
../downolad_files/data/nasdaq_annual_reports\Innospec-Inc\NASDAQ_IOSP_2018.pdf,Innospec-Inc,INNOSPEC INC.,False,
../downolad_files/data/nasdaq_annual_reports\Innospec-Inc\NASDAQ_IOSP_2019.pdf,Innospec-Inc,INNOSPEC INC.,False,
../downolad_files/data/nasdaq_annual_reports\Innospec-Inc\NASDAQ_IOSP_2020.pdf,Innospec-Inc,INNOSPEC INC.,False,
../downolad_files/data/nasdaq_annual_reports\Inogen-Inc\NASDAQ_INGN_2017.pdf,Inogen-Inc,"INOGEN, INC.",False,
../downolad_files/data/nasdaq_annual_reports\Inogen-Inc\NASDAQ_INGN_2016.pdf,Inogen-Inc,"INOGEN, INC.",False,
../downolad_files/data/nasdaq_annual_reports\Inogen-Inc\NASDAQ_INGN_2019.pdf,Inogen-Inc,"INOGEN, INC.",False,
../downolad_files/data/nasdaq_annual_reports\Insmed-Incorporated\NASDAQ_INSM_2016.pdf,Insmed-Incorporated,INSMED INCORPORATED,False,
../downolad_files/data/nasdaq_annual_reports\Inogen-Inc\NASDAQ_INGN_2020.pdf,Inogen-Inc,"INOGEN, INC.",False,
../downolad_files/data/nasdaq_annual_reports\Inogen-Inc\NASDAQ_INGN_2018.pdf,Inogen-Inc,"INOGEN, INC.",False,
../downolad_files/data/nasdaq_annual_reports\Insmed-Incorporated\NASDAQ_INSM_2019.pdf,Insmed-Incorporated,,,
../downolad_files/data/nasdaq_annual_reports\Insmed-Incorporated\NASDAQ_INSM_2017.pdf,Insmed-Incorporated,INSMED INCORPORATED,False,
../downolad_files/data/nasdaq_annual_reports\Insmed-Incorporated\NASDAQ_INSM_2020.pdf,Insmed-Incorporated,INSMED INCORPORATED,False,
../downolad_files/data/nasdaq_annual_reports\Insulet-corporation\NASDAQ_PODD_2016.pdf,Insulet-corporation,INSULET CORPORATION,False,
../downolad_files/data/nasdaq_annual_reports\Insmed-Incorporated\NASDAQ_INSM_2018.pdf,Insmed-Incorporated,INSMED INCORPORATED,False,
../downolad_files/data/nasdaq_annual_reports\Insulet-corporation\NASDAQ_PODD_2017.pdf,Insulet-corporation,INSULET CORPORATION,False,
../downolad_files/data/nasdaq_annual_reports\Insulet-corporation\NASDAQ_PODD_2018.pdf,Insulet-corporation,INSULET CORPORATION,False,
../downolad_files/data/nasdaq_annual_reports\Insulet-corporation\NASDAQ_PODD_2019.pdf,Insulet-corporation,INSULET CORPORATION,False,
../downolad_files/data/nasdaq_annual_reports\Insulet-corporation\NASDAQ_PODD_2020.pdf,Insulet-corporation,INSULET CORPORATION,False,
../downolad_files/data/nasdaq_annual_reports\Insys-therapeutics-Inc\NASDAQ_INSY_2015.pdf,Insys-therapeutics-Inc,"Insys Therapeutics, Inc.",False,
../downolad_files/data/nasdaq_annual_reports\Insys-therapeutics-Inc\NASDAQ_INSY_2018.pdf,Insys-therapeutics-Inc,"Insys Therapeutics, Inc.",False,
../downolad_files/data/nasdaq_annual_reports\Insys-therapeutics-Inc\NASDAQ_INSY_2016.pdf,Insys-therapeutics-Inc,"Insys Therapeutics, Inc.",False,
../downolad_files/data/nasdaq_annual_reports\Insys-therapeutics-Inc\NASDAQ_INSY_2017.pdf,Insys-therapeutics-Inc,"Insys Therapeutics, Inc.",False,
../downolad_files/data/nasdaq_annual_reports\Intellia-Therapeutics-Inc\NASDAQ_NTLA_2020.pdf,Intellia-Therapeutics-Inc,"INTELLIA THERAPEUTICS, INC.",False,
../downolad_files/data/nasdaq_annual_reports\Intellia-Therapeutics-Inc\NASDAQ_NTLA_2018.pdf,Intellia-Therapeutics-Inc,"INTELLIA THERAPEUTICS, INC.",False,
../downolad_files/data/nasdaq_annual_reports\Intellia-Therapeutics-Inc\NASDAQ_NTLA_2021.pdf,Intellia-Therapeutics-Inc,"INTELLIA THERAPEUTICS, INC.",False,
../downolad_files/data/nasdaq_annual_reports\Intersect-ENT-Inc\NASDAQ_XENT_2015.pdf,Intersect-ENT-Inc,,,
../downolad_files/data/nasdaq_annual_reports\Intersect-ENT-Inc\NASDAQ_XENT_2017.pdf,Intersect-ENT-Inc,,,
../downolad_files/data/nasdaq_annual_reports\Intellia-Therapeutics-Inc\NASDAQ_NTLA_2019.pdf,Intellia-Therapeutics-Inc,"INTELLIA THERAPEUTICS, INC.",False,
../downolad_files/data/nasdaq_annual_reports\Intersect-ENT-Inc\NASDAQ_XENT_2018.pdf,Intersect-ENT-Inc,"INTERSECT ENT, INC.",False,
../downolad_files/data/nasdaq_annual_reports\Intersect-ENT-Inc\NASDAQ_XENT_2019.pdf,Intersect-ENT-Inc,"INTERSECT ENT, INC.",False,
../downolad_files/data/nasdaq_annual_reports\Intra-Cellular-therapies-Inc\NASDAQ_ITCI_2016.pdf,Intra-Cellular-therapies-Inc,"Intra-Cellular Therapies, Inc.",False,
../downolad_files/data/nasdaq_annual_reports\Intersect-ENT-Inc\NASDAQ_XENT_2020.pdf,Intersect-ENT-Inc,,,
../downolad_files/data/nasdaq_annual_reports\Intra-Cellular-therapies-Inc\NASDAQ_ITCI_2017.pdf,Intra-Cellular-therapies-Inc,"Intra-Cellular Therapies, Inc.",False,
../downolad_files/data/nasdaq_annual_reports\Intra-Cellular-therapies-Inc\NASDAQ_ITCI_2018.pdf,Intra-Cellular-therapies-Inc,"Intra-Cellular Therapies, Inc.",False,
../downolad_files/data/nasdaq_annual_reports\Intra-Cellular-therapies-Inc\NASDAQ_ITCI_2020.pdf,Intra-Cellular-therapies-Inc,"Intra-Cellular Therapies, Inc.",False,
../downolad_files/data/nasdaq_annual_reports\Intra-Cellular-therapies-Inc\NASDAQ_ITCI_2019.pdf,Intra-Cellular-therapies-Inc,"Intra-Cellular Therapies, Inc.",False,
../downolad_files/data/nasdaq_annual_reports\Investors-Bancorp-Inc\NASDAQ_ISBC_2016.pdf,Investors-Bancorp-Inc,"Investors Bancorp, Inc.",False,
../downolad_files/data/nasdaq_annual_reports\Investors-Bancorp-Inc\NASDAQ_ISBC_2017.pdf,Investors-Bancorp-Inc,"Investors Bancorp, Inc.",False,
../downolad_files/data/nasdaq_annual_reports\Investors-Bancorp-Inc\NASDAQ_ISBC_2018.pdf,Investors-Bancorp-Inc,"Investors Bancorp, Inc.",False,
../downolad_files/data/nasdaq_annual_reports\Investors-Bancorp-Inc\NASDAQ_ISBC_2019.pdf,Investors-Bancorp-Inc,"Investors Bancorp, Inc.",False,
../downolad_files/data/nasdaq_annual_reports\Microstrategy\NASDAQ_MSTR_2016.pdf,Microstrategy,MICROSTRATEGY INCORPORATED,False,
../downolad_files/data/nasdaq_annual_reports\Microstrategy\NASDAQ_MSTR_2017.pdf,Microstrategy,MICROSTRATEGY INCORPORATED,False,
../downolad_files/data/nasdaq_annual_reports\Investors-Bancorp-Inc\NASDAQ_ISBC_2020.pdf,Investors-Bancorp-Inc,"Investors Bancorp, Inc.",False,
../downolad_files/data/nasdaq_annual_reports\Microstrategy\NASDAQ_MSTR_2018.pdf,Microstrategy,MICROSTRATEGY INCORPORATED,False,
../downolad_files/data/nasdaq_annual_reports\Microstrategy\NASDAQ_MSTR_2019.pdf,Microstrategy,MICROSTRATEGY INCORPORATED,False,
../downolad_files/data/nasdaq_annual_reports\Monolithic-Power-Systems-Inc\NASDAQ_MPWR_2016.pdf,Monolithic-Power-Systems-Inc,"Monolithic Power Systems, Inc.",False,
../downolad_files/data/nasdaq_annual_reports\Monolithic-Power-Systems-Inc\NASDAQ_MPWR_2019.pdf,Monolithic-Power-Systems-Inc,"Monolithic Power Systems, Inc.",False,
../downolad_files/data/nasdaq_annual_reports\Microstrategy\NASDAQ_MSTR_2020.pdf,Microstrategy,MICROBOT MEDICAL INC.,True,
../downolad_files/data/nasdaq_annual_reports\Monolithic-Power-Systems-Inc\NASDAQ_MPWR_2017_9c9f88a34a1a4e3e91288a498c765e7c.pdf,Monolithic-Power-Systems-Inc,"Monolithic Power Systems, Inc.",False,
../downolad_files/data/nasdaq_annual_reports\Monolithic-Power-Systems-Inc\NASDAQ_MPWR_2020.pdf,Monolithic-Power-Systems-Inc,"Monolithic Power Systems, Inc.",False,
../downolad_files/data/nasdaq_annual_reports\Monolithic-Power-Systems-Inc\NASDAQ_MPWR_2018.pdf,Monolithic-Power-Systems-Inc,"Monolithic Power Systems, Inc.",False,
../downolad_files/data/nasdaq_annual_reports\Norwegian-Cruise-Line-Holdings-Ltd\NASDAQ_NCLH_2016.pdf,Norwegian-Cruise-Line-Holdings-Ltd,NORWEGIAN CRUISE LINE HOLDINGS LTD.,False,
../downolad_files/data/nasdaq_annual_reports\Norwegian-Cruise-Line-Holdings-Ltd\NASDAQ_NCLH_2018.pdf,Norwegian-Cruise-Line-Holdings-Ltd,NORWEGIAN CRUISE LINE HOLDINGS LTD.,False,
../downolad_files/data/nasdaq_annual_reports\Norwegian-Cruise-Line-Holdings-Ltd\NASDAQ_NCLH_2017.pdf,Norwegian-Cruise-Line-Holdings-Ltd,NORWEGIAN CRUISE LINE HOLDINGS LTD.,False,
../downolad_files/data/nasdaq_annual_reports\Paratek-Pharmaceuticals\NASDAQ_PRTK_2015.pdf,Paratek-Pharmaceuticals,,,
../downolad_files/data/nasdaq_annual_reports\Norwegian-Cruise-Line-Holdings-Ltd\NASDAQ_NCLH_2019.pdf,Norwegian-Cruise-Line-Holdings-Ltd,NORWEGIAN CRUISE LINE HOLDINGS LTD.,False,
../downolad_files/data/nasdaq_annual_reports\Norwegian-Cruise-Line-Holdings-Ltd\NASDAQ_NCLH_2020.pdf,Norwegian-Cruise-Line-Holdings-Ltd,NORWEGIAN CRUISE LINE HOLDINGS LTD.,False,
../downolad_files/data/nasdaq_annual_reports\Paratek-Pharmaceuticals\NASDAQ_PRTK_2016.pdf,Paratek-Pharmaceuticals,"PARATEK PHARMACEUTICALS, INC.",False,
../downolad_files/data/nasdaq_annual_reports\Paratek-Pharmaceuticals\NASDAQ_PRTK_2017.pdf,Paratek-Pharmaceuticals,"PARATEK PHARMACEUTICALS, INC.",False,
../downolad_files/data/nasdaq_annual_reports\Paratek-Pharmaceuticals\NASDAQ_PRTK_2018.pdf,Paratek-Pharmaceuticals,"PARATEK PHARMACEUTICALS, INC.",False,
../downolad_files/data/nasdaq_annual_reports\Paratek-Pharmaceuticals\NASDAQ_PRTK_2019.pdf,Paratek-Pharmaceuticals,"PARATEK PHARMACEUTICALS, INC.",False,
../downolad_files/data/nasdaq_annual_reports\T2-biosystems\NASDAQ_TTOO_2018.pdf,T2-biosystems,"T2 Biosystems, Inc.",False,
../downolad_files/data/nasdaq_annual_reports\T2-biosystems\NASDAQ_TTOO_2016.pdf,T2-biosystems,"T2 Biosys tems, Inc.",False,
../downolad_files/data/nasdaq_annual_reports\T2-biosystems\NASDAQ_TTOO_2017.pdf,T2-biosystems,"T2 Biosystems, Inc.",False,
../downolad_files/data/nasdaq_annual_reports\T2-biosystems\NASDAQ_TTOO_2019.pdf,T2-biosystems,"T2 Biosystems, Inc.",False,
../downolad_files/data/nasdaq_annual_reports\Tile-shop-holdings\NASDAQ_TTS_2020.pdf,Tile-shop-holdings,"TILE SHOP HOLDINGS, INC.",False,
../downolad_files/data/nasdaq_annual_reports\T2-biosystems\NASDAQ_TTOO_2020.pdf,T2-biosystems,"T2 Biosystems, Inc.",False,
../downolad_files/data/nasdaq_annual_reports\Tile-shop-holdings\NASDAQ_TTS_2021.pdf,Tile-shop-holdings,"TILE SHOP HOLDINGS, INC.",False,
../downolad_files/data/nasdaq_annual_reports\Tile-shop-holdings\NASDAQ_TTS_2018.pdf,Tile-shop-holdings,"TILE SHOP HOLDINGS, INC.",False,
../downolad_files/data/nasdaq_annual_reports\Tile-shop-holdings\NASDAQ_TTS_2019.pdf,Tile-shop-holdings,"TILE SHOP HOLDINGS, INC.",False,
../downolad_files/data/nasdaq_annual_reports\a-mark-precious-metals\NASDAQ_AMRK_2020.pdf,a-mark-precious-metals,"A-MARK PRECIOUS METALS, INC.",False,
../downolad_files/data/nasdaq_annual_reports\a-mark-precious-metals\NASDAQ_AMRK_2017.pdf,a-mark-precious-metals,"A-MARK PRECIOUS METALS, INC.",False,
../downolad_files/data/nasdaq_annual_reports\a-mark-precious-metals\NASDAQ_AMRK_2019.pdf,a-mark-precious-metals,"A-MARK PRECIOUS METALS, INC.",False,
../downolad_files/data/nasdaq_annual_reports\a-mark-precious-metals\NASDAQ_AMRK_2018.pdf,a-mark-precious-metals,"A-MARK PRECIOUS METALS, INC.",False,
../downolad_files/data/nasdaq_annual_reports\aaon-inc\NASDAQ_AAON_2019.pdf,aaon-inc,,,
../downolad_files/data/nasdaq_annual_reports\aaon-inc\NASDAQ_AAON_2020.pdf,aaon-inc,"AAON, INC.",False,
../downolad_files/data/nasdaq_annual_reports\aaon-inc\NASDAQ_AAON_2021.pdf,aaon-inc,"AAON, INC.",False,
../downolad_files/data/nasdaq_annual_reports\aaon-inc\NASDAQ_AAON_2022.pdf,aaon-inc,"AAON, INC.",False,
../downolad_files/data/nasdaq_annual_reports\a-mark-precious-metals\NASDAQ_AMRK_2021.pdf,a-mark-precious-metals,"A-MARK PRECIOUS METALS, INC.",False,
../downolad_files/data/nasdaq_annual_reports\abeona-therapeutics-inc\NASDAQ_ABEO_2019.pdf,abeona-therapeutics-inc,ABEONA THERAPEUTICS INC.,False,
../downolad_files/data/nasdaq_annual_reports\abeona-therapeutics-inc\NASDAQ_ABEO_2020.pdf,abeona-therapeutics-inc,ABEONA THERAPEUTICS INC.,False,
../downolad_files/data/nasdaq_annual_reports\abeona-therapeutics-inc\NASDAQ_ABEO_2021.pdf,abeona-therapeutics-inc,ABEONA THERAPEUTICS INC.,False,
../downolad_files/data/nasdaq_annual_reports\abiomed-inc\NASDAQ_ABMD_2020.pdf,abiomed-inc,,,
../downolad_files/data/nasdaq_annual_reports\abiomed-inc\NASDAQ_ABMD_2019.pdf,abiomed-inc,"ABIOMED,Inc.",False,
../downolad_files/data/nasdaq_annual_reports\abiomed-inc\NASDAQ_ABMD_2021.pdf,abiomed-inc,,,
../downolad_files/data/nasdaq_annual_reports\abiomed-inc\NASDAQ_ABMD_2018.pdf,abiomed-inc,"ABIOMED,Inc.",False,
../downolad_files/data/nasdaq_annual_reports\abeona-therapeutics-inc\NASDAQ_ABEO_2022.pdf,abeona-therapeutics-inc,ABEONA THERAPEUTICS INC.,False,
../downolad_files/data/nasdaq_annual_reports\abraxas-petroleum-corp-1\NASDAQ_AXAS_2017.pdf,abraxas-petroleum-corp-1,,,
../downolad_files/data/nasdaq_annual_reports\abraxas-petroleum-corp-1\NASDAQ_AXAS_2018.pdf,abraxas-petroleum-corp-1,,,
../downolad_files/data/nasdaq_annual_reports\abraxas-petroleum-corp-1\NASDAQ_AXAS_2021.pdf,abraxas-petroleum-corp-1,,,
../downolad_files/data/nasdaq_annual_reports\abraxas-petroleum-corp-1\NASDAQ_AXAS_2016.pdf,abraxas-petroleum-corp-1,ABRAXAS PETROLEUM CORPORATION,False,
../downolad_files/data/nasdaq_annual_reports\ac-immune\NASDAQ_ACIU_2018.pdf,ac-immune,AC IMMUNE SA,False,
../downolad_files/data/nasdaq_annual_reports\ac-immune\NASDAQ_ACIU_2019.pdf,ac-immune,AC IMMUNE SA,False,
../downolad_files/data/nasdaq_annual_reports\ac-immune\NASDAQ_ACIU_2020.pdf,ac-immune,AC IMMUNE SA,False,
../downolad_files/data/nasdaq_annual_reports\ac-immune\NASDAQ_ACIU_2021.pdf,ac-immune,,,
../downolad_files/data/nasdaq_annual_reports\acacia-communications-inc\NASDAQ_ACIA%20_2018.pdf,,,,Unexpected EOF
../downolad_files/data/nasdaq_annual_reports\ac-immune\NASDAQ_ACIU_2022.pdf,ac-immune,,,
../downolad_files/data/nasdaq_annual_reports\acacia-communications-inc\NASDAQ_ACIA%20_2017.pdf,acacia-communications-inc,"Acacia Communications, Inc.",False,
../downolad_files/data/nasdaq_annual_reports\acacia-communications-inc\NASDAQ_ACIA%20_2016.pdf,acacia-communications-inc,,,
../downolad_files/data/nasdaq_annual_reports\acacia-research-corporation\NASDAQ_ACTG_2020.pdf,acacia-research-corporation,,,
../downolad_files/data/nasdaq_annual_reports\acacia-research-corporation\NASDAQ_ACTG_2019.pdf,acacia-research-corporation,,,
../downolad_files/data/nasdaq_annual_reports\acacia-communications-inc\NASDAQ_ACIA_2019.pdf,acacia-communications-inc,"Acacia Communications, Inc.",False,
../downolad_files/data/nasdaq_annual_reports\acacia-research-corporation\NASDAQ_ACTG_2021.pdf,acacia-research-corporation,,,
../downolad_files/data/nasdaq_annual_reports\acadia-healthcare-co\NASDAQ_ACHC_2019.pdf,acadia-healthcare-co,"ACADIA HEALTHCARE COMPANY, INC.",False,
../downolad_files/data/nasdaq_annual_reports\acadia-healthcare-co\NASDAQ_ACHC_2021.pdf,acadia-healthcare-co,"ACADIA HEALTHCARE COMPANY, INC.",False,
../downolad_files/data/nasdaq_annual_reports\acadia-healthcare-co\NASDAQ_ACHC_2022.pdf,acadia-healthcare-co,"ACADIA HEALTHCARE COMPANY, INC.",False,
../downolad_files/data/nasdaq_annual_reports\acacia-research-corporation\NASDAQ_ACTG_2022.pdf,acacia-research-corporation,,,
../downolad_files/data/nasdaq_annual_reports\acadia-healthcare-co\NASDAQ_ACHC_2020.pdf,acadia-healthcare-co,,,
../downolad_files/data/nasdaq_annual_reports\acadia-pharmaceuticals\NASDAQ_ACAD_2018.pdf,acadia-pharmaceuticals,ACADIA PHARMACEUTICALS INC.,False,
../downolad_files/data/nasdaq_annual_reports\acadia-pharmaceuticals\NASDAQ_ACAD_2019.pdf,acadia-pharmaceuticals,ACADIA PHARMACEUTICALS INC.,False,
../downolad_files/data/nasdaq_annual_reports\acadia-pharmaceuticals\NASDAQ_ACAD_2020.pdf,acadia-pharmaceuticals,ACADIA PHARMACEUTICALS INC.,False,
../downolad_files/data/nasdaq_annual_reports\acadia-pharmaceuticals\NASDAQ_ACAD_2021.pdf,acadia-pharmaceuticals,ACADIA PHARMACEUTICALS INC.,False,
../downolad_files/data/nasdaq_annual_reports\accelerate-diagnostics-inc\NASDAQ_AXDX_2019.pdf,accelerate-diagnostics-inc,"ACCELERATE DIAGNOSTICS, INC.",False,
../downolad_files/data/nasdaq_annual_reports\accelerate-diagnostics-inc\NASDAQ_AXDX_2020.pdf,accelerate-diagnostics-inc,"ACCELERATE DIAGNOSTICS, INC.",False,
../downolad_files/data/nasdaq_annual_reports\accelerate-diagnostics-inc\NASDAQ_AXDX_2021.pdf,accelerate-diagnostics-inc,"ACCELERATE DIAGNOSTICS, INC.",False,
../downolad_files/data/nasdaq_annual_reports\acceleron-pharma-inc\NASDAQ_XLRN_2018.pdf,acceleron-pharma-inc,ACCELERON PHARMA INC.,False,
../downolad_files/data/nasdaq_annual_reports\acceleron-pharma-inc\NASDAQ_XLRN_2017.pdf,acceleron-pharma-inc,,,
../downolad_files/data/nasdaq_annual_reports\acceleron-pharma-inc\NASDAQ_XLRN_2019.pdf,acceleron-pharma-inc,,,
../downolad_files/data/nasdaq_annual_reports\acceleron-pharma-inc\NASDAQ_XLRN_2020.pdf,acceleron-pharma-inc,,,
../downolad_files/data/nasdaq_annual_reports\accuray-incorporated\NASDAQ_ARAY_2019.pdf,accuray-incorporated,ACCURAY INCORPORATED,False,
../downolad_files/data/nasdaq_annual_reports\accuray-incorporated\NASDAQ_ARAY_2020.pdf,accuray-incorporated,ACCURAY INCORPORATED,False,
../downolad_files/data/nasdaq_annual_reports\accelerate-diagnostics-inc\NASDAQ_AXDX_2022.pdf,accelerate-diagnostics-inc,"ACCELERATE DIAGNOSTICS, INC.",False,
../downolad_files/data/nasdaq_annual_reports\accuray-incorporated\NASDAQ_ARAY_2021.pdf,accuray-incorporated,ACCURAY INCORPORATED,False,
../downolad_files/data/nasdaq_annual_reports\accuray-incorporated\NASDAQ_ARAY_2022.pdf,accuray-incorporated,ACCURAY INCORPORATED,False,
../downolad_files/data/nasdaq_annual_reports\acelrx-pharmaceuticals\NASDAQ_ACRX_2017.pdf,acelrx-pharmaceuticals,"ACELRX PHARMACEUTICALS, INC.",False,
../downolad_files/data/nasdaq_annual_reports\acelrx-pharmaceuticals\NASDAQ_ACRX_2018.pdf,acelrx-pharmaceuticals,"ACELRX PHARMACEUTICALS, INC.",False,
../downolad_files/data/nasdaq_annual_reports\acelrx-pharmaceuticals\NASDAQ_ACRX_2019.pdf,acelrx-pharmaceuticals,"ACELRX PHARMACEUTICALS, INC.",False,
../downolad_files/data/nasdaq_annual_reports\acer-therapeutics-inc\NASDAQ_ACER_2019.pdf,acer-therapeutics-inc,ACER THERAPEUTICS INC.,False,
../downolad_files/data/nasdaq_annual_reports\acer-therapeutics-inc\NASDAQ_ACER_2020.pdf,acer-therapeutics-inc,ACER THERAPEUTICS INC.,False,
../downolad_files/data/nasdaq_annual_reports\acelrx-pharmaceuticals\NASDAQ_ACRX_2021.pdf,acelrx-pharmaceuticals,"ACELRX PHARMACEUTICALS, INC.",False,
../downolad_files/data/nasdaq_annual_reports\acelrx-pharmaceuticals\NASDAQ_ACRX_2020.pdf,acelrx-pharmaceuticals,"ACELRX PHARMACEUTICALS, INC.",False,
../downolad_files/data/nasdaq_annual_reports\aceto-corp\NASDAQ_ACET_2015.pdf,aceto-corp,ACETO CORPORATION,False,
../downolad_files/data/nasdaq_annual_reports\aceto-corp\NASDAQ_ACET_2016.pdf,aceto-corp,ACETO CORPORATION,False,
../downolad_files/data/nasdaq_annual_reports\acer-therapeutics-inc\NASDAQ_ACER_2021.pdf,acer-therapeutics-inc,ACER THERAPEUTICS INC.,False,
../downolad_files/data/nasdaq_annual_reports\acer-therapeutics-inc\NASDAQ_ACER_2022.pdf,acer-therapeutics-inc,ACER THERAPEUTICS INC.,False,
../downolad_files/data/nasdaq_annual_reports\aceto-corp\NASDAQ_ACET_2017.pdf,aceto-corp,ACETO CORPORATION,False,
../downolad_files/data/nasdaq_annual_reports\achieve-life-sciences-inc\NASDAQ_ACHV_2017.pdf,achieve-life-sciences-inc,,,
../downolad_files/data/nasdaq_annual_reports\aceto-corp\NASDAQ_ACET_2018.pdf,aceto-corp,ACETO CORPORATION,False,
../downolad_files/data/nasdaq_annual_reports\achieve-life-sciences-inc\NASDAQ_ACHV_2018.pdf,achieve-life-sciences-inc,,,
../downolad_files/data/nasdaq_annual_reports\achillion-pharmaceuticals-inc\NASDAQ_ACHN_2015.pdf,achillion-pharmaceuticals-inc,"ACHILLION PHARMACEUTICALS, INC.",False,
../downolad_files/data/nasdaq_annual_reports\achieve-life-sciences-inc\NASDAQ_ACHV_2019.pdf,achieve-life-sciences-inc,,,
../downolad_files/data/nasdaq_annual_reports\achieve-life-sciences-inc\NASDAQ_ACHV_2020.pdf,achieve-life-sciences-inc,,,
../downolad_files/data/nasdaq_annual_reports\achieve-life-sciences-inc\NASDAQ_ACHV_2021.pdf,achieve-life-sciences-inc,,,
../downolad_files/data/nasdaq_annual_reports\aci-worldwide-inc\NASDAQ_ACIW_2019.pdf,aci-worldwide-inc,"ACI WORLDWIDE, INC.",False,
../downolad_files/data/nasdaq_annual_reports\achillion-pharmaceuticals-inc\NASDAQ_ACHN_2018.pdf,achillion-pharmaceuticals-inc,"ACHILLION PHARMACEUTICALS, INC.",False,
../downolad_files/data/nasdaq_annual_reports\aci-worldwide-inc\NASDAQ_ACIW_2021.pdf,aci-worldwide-inc,"ACI WORLDWIDE, INC.",False,
../downolad_files/data/nasdaq_annual_reports\aci-worldwide-inc\NASDAQ_ACIW_2020.pdf,aci-worldwide-inc,"ACI WORLDWIDE, INC.",False,
../downolad_files/data/nasdaq_annual_reports\achillion-pharmaceuticals-inc\NASDAQ_ACHN_2017.pdf,achillion-pharmaceuticals-inc,"ACHILLION PHARMACEUTICALS, INC.",False,
../downolad_files/data/nasdaq_annual_reports\achillion-pharmaceuticals-inc\NASDAQ_ACHN_2016.pdf,achillion-pharmaceuticals-inc,"ACHILLION PHARMACEUTICALS, INC.",False,
../downolad_files/data/nasdaq_annual_reports\aci-worldwide-inc\NASDAQ_ACIW_2022.pdf,aci-worldwide-inc,"ACI WORLDWIDE, INC.",False,
../downolad_files/data/nasdaq_annual_reports\aclaris-therapeutics-inc\NASDAQ_ACRS_2017.pdf,aclaris-therapeutics-inc,,,
../downolad_files/data/nasdaq_annual_reports\aclaris-therapeutics-inc\NASDAQ_ACRS_2018.pdf,aclaris-therapeutics-inc,,,
../downolad_files/data/nasdaq_annual_reports\aclaris-therapeutics-inc\NASDAQ_ACRS_2019.pdf,aclaris-therapeutics-inc,,,
../downolad_files/data/nasdaq_annual_reports\aclaris-therapeutics-inc\NASDAQ_ACRS_2020.pdf,aclaris-therapeutics-inc,,,
../downolad_files/data/nasdaq_annual_reports\acm-research-inc\NASDAQ_ACMR_2018.pdf,acm-research-inc,"ACM Research, Inc.",False,
../downolad_files/data/nasdaq_annual_reports\acm-research-inc\NASDAQ_ACMR_2017.pdf,acm-research-inc,"ACM Research, Inc.",False,
../downolad_files/data/nasdaq_annual_reports\aclaris-therapeutics-inc\NASDAQ_ACRS_2021.pdf,aclaris-therapeutics-inc,,,
../downolad_files/data/nasdaq_annual_reports\acm-research-inc\NASDAQ_ACMR_2021.pdf,acm-research-inc,"ACM Research, Inc.",False,
../downolad_files/data/nasdaq_annual_reports\acm-research-inc\NASDAQ_ACMR_2019.pdf,acm-research-inc,"ACM Research, Inc.",False,
../downolad_files/data/nasdaq_annual_reports\acnb-corporation\NASDAQ_ACNB_2017.PDF,acnb-corporation,,,
../downolad_files/data/nasdaq_annual_reports\acnb-corporation\NASDAQ_ACNB_2018.PDF,acnb-corporation,,,
../downolad_files/data/nasdaq_annual_reports\acnb-corporation\NASDAQ_ACNB_2019.pdf,acnb-corporation,,,
../downolad_files/data/nasdaq_annual_reports\acnb-corporation\NASDAQ_ACNB_2020.pdf,acnb-corporation,,,
../downolad_files/data/nasdaq_annual_reports\acorda-therapeutics-inc\NASDAQ_ACOR_2019.pdf,acorda-therapeutics-inc,,,
../downolad_files/data/nasdaq_annual_reports\acorda-therapeutics-inc\NASDAQ_ACOR_2021.pdf,acorda-therapeutics-inc,,,
../downolad_files/data/nasdaq_annual_reports\acorda-therapeutics-inc\NASDAQ_ACOR_2020.pdf,acorda-therapeutics-inc,,,
../downolad_files/data/nasdaq_annual_reports\acm-research-inc\NASDAQ_ACMR_2020.pdf,acm-research-inc,"ACM Research, Inc.",False,
../downolad_files/data/nasdaq_annual_reports\acnb-corporation\NASDAQ_ACNB_2021.pdf,acnb-corporation,ACNB CORPORATION,False,
../downolad_files/data/nasdaq_annual_reports\activision-blizzard-inc\NASDAQ_ATVI_2019.pdf,activision-blizzard-inc,,,
../downolad_files/data/nasdaq_annual_reports\activision-blizzard-inc\NASDAQ_ATVI_2021.pdf,activision-blizzard-inc,,,
../downolad_files/data/nasdaq_annual_reports\acorda-therapeutics-inc\NASDAQ_ACOR_2022.pdf,acorda-therapeutics-inc,"ACORDA THERAPEUTICS, INC.",False,
../downolad_files/data/nasdaq_annual_reports\activision-blizzard-inc\NASDAQ_ATVI_2022.pdf,activision-blizzard-inc,,,
../downolad_files/data/nasdaq_annual_reports\acura-pharmaceuticals-inc\NASDAQ_ACUR_2017.pdf,acura-pharmaceuticals-inc,"ACURA PHARMACEUTICALS, INC.",False,
../downolad_files/data/nasdaq_annual_reports\acura-pharmaceuticals-inc\NASDAQ_ACUR_2018.pdf,acura-pharmaceuticals-inc,"ACURA PHARMACEUTICALS, INC.",False,
../downolad_files/data/nasdaq_annual_reports\acura-pharmaceuticals-inc\NASDAQ_ACUR_2019.pdf,acura-pharmaceuticals-inc,"ACURA PHARMACEUTICALS, INC.",False,
../downolad_files/data/nasdaq_annual_reports\acxiom-corporation\NASDAQ_ACXM_2014.pdf,acxiom-corporation,ACXIOM CORPORATION,False,
../downolad_files/data/nasdaq_annual_reports\acxiom-corporation\NASDAQ_ACXM_2015.pdf,acxiom-corporation,ACXIOM CORPORATION,False,
../downolad_files/data/nasdaq_annual_reports\acxiom-corporation\NASDAQ_ACXM_2016.pdf,acxiom-corporation,"Plantronics, Inc.",True,
../downolad_files/data/nasdaq_annual_reports\acura-pharmaceuticals-inc\NASDAQ_ACUR_2020.pdf,acura-pharmaceuticals-inc,"ACURA PHARMACEUTICALS, INC.",False,
../downolad_files/data/nasdaq_annual_reports\acxiom-corporation\NASDAQ_ACXM_2017.pdf,acxiom-corporation,ACXIOM CORPORATION,False,
../downolad_files/data/nasdaq_annual_reports\acxiom-corporation\NASDAQ_ACXM_2018.pdf,acxiom-corporation,ACXIOM CORPORATION,False,
../downolad_files/data/nasdaq_annual_reports\adamas-pharmaceuticals-inc\NASDAQ_ADMS_2015.pdf,adamas-pharmaceuticals-inc,"ADAMAS PHARMACEUTICALS, INC.",False,
../downolad_files/data/nasdaq_annual_reports\activision-blizzard-inc\NASDAQ_ATVI_2020.pdf,activision-blizzard-inc,,,
../downolad_files/data/nasdaq_annual_reports\adamas-pharmaceuticals-inc\NASDAQ_ADMS_2017.PDF,adamas-pharmaceuticals-inc,"ADAMAS PHARMACEUTICALS, INC.",False,
../downolad_files/data/nasdaq_annual_reports\adamas-pharmaceuticals-inc\NASDAQ_ADMS_2016.pdf,adamas-pharmaceuticals-inc,"ADAMAS PHARMACEUTICALS, INC.",False,
../downolad_files/data/nasdaq_annual_reports\adamas-pharmaceuticals-inc\NASDAQ_ADMS_2018.pdf,adamas-pharmaceuticals-inc,"ADAMAS PHARMACEUTICALS, INC.",False,
../downolad_files/data/nasdaq_annual_reports\adamas-pharmaceuticals-inc\NASDAQ_ADMS_2019.pdf,adamas-pharmaceuticals-inc,"ADAMAS PHARMACEUTICALS, INC.",False,
../downolad_files/data/nasdaq_annual_reports\adamis-pharmaceuticals-corp\NASDAQ_ADMP_2020.pdf,adamis-pharmaceuticals-corp,ADAMIS PHARMACEUTICALS CORPORATION,False,
../downolad_files/data/nasdaq_annual_reports\adamis-pharmaceuticals-corp\NASDAQ_ADMP_2021.pdf,adamis-pharmaceuticals-corp,ADAMIS PHARMACEUTICALS CORPORATION,False,
../downolad_files/data/nasdaq_annual_reports\adamis-pharmaceuticals-corp\NASDAQ_ADMP_2019.pdf,adamis-pharmaceuticals-corp,ADAMIS PHARMACEUTICALS CORPORATION,False,
../downolad_files/data/nasdaq_annual_reports\adamis-pharmaceuticals-corp\NASDAQ_ADMP_2022.pdf,adamis-pharmaceuticals-corp,ADAMIS PHARMACEUTICALS CORPORATION,False,
../downolad_files/data/nasdaq_annual_reports\adapthealth-corp\NASDAQ_AHCO_2019.pdf,adapthealth-corp,AdaptHealth Corp.,False,
../downolad_files/data/nasdaq_annual_reports\adapthealth-corp\NASDAQ_AHCO_2020.pdf,adapthealth-corp,AdaptHealth Corp.,False,
../downolad_files/data/nasdaq_annual_reports\adapthealth-corp\NASDAQ_AHCO_2018.pdf,adapthealth-corp,DFB HEALTHCARE ACQUISITIONS CORP.,True,
../downolad_files/data/nasdaq_annual_reports\adaptimmune-therapeutics\NASDAQ_ADAP_2017.pdf,adaptimmune-therapeutics,,,
../downolad_files/data/nasdaq_annual_reports\adaptimmune-therapeutics\NASDAQ_ADAP_2018.pdf,adaptimmune-therapeutics,,,
../downolad_files/data/nasdaq_annual_reports\adapthealth-corp\NASDAQ_AHCO_2021.pdf,adapthealth-corp,AdaptHealth Corp.,False,
../downolad_files/data/nasdaq_annual_reports\adaptimmune-therapeutics\NASDAQ_ADAP_2020.pdf,adaptimmune-therapeutics,ADAPTIMMUNE THERAPEUTICS PLC,False,
../downolad_files/data/nasdaq_annual_reports\adaptimmune-therapeutics\NASDAQ_ADAP_2021.pdf,adaptimmune-therapeutics,ADAPTIMMUNE THERAPEUTICS PLC,False,
../downolad_files/data/nasdaq_annual_reports\adaptimmune-therapeutics\NASDAQ_ADAP_2019.pdf,adaptimmune-therapeutics,ADAPTIMMUNE THERAPEUTICS PLC,False,
../downolad_files/data/nasdaq_annual_reports\adaptivei-biotechnologies-corporation\NASDAQ_ADPT_2019.pdf,adaptivei-biotechnologies-corporation,ADAPTIVE BIO TECHNOLOGIES CORPORATION,True,
../downolad_files/data/nasdaq_annual_reports\adaptivei-biotechnologies-corporation\NASDAQ_ADPT_2020.pdf,adaptivei-biotechnologies-corporation,ADAPTIVE BIO TECHNOLOGIES CORPORATION,True,
../downolad_files/data/nasdaq_annual_reports\adaptivei-biotechnologies-corporation\NASDAQ_ADPT_2021.pdf,adaptivei-biotechnologies-corporation,ADAPTIVE BIO TECHNOLOGIES CORPORATION,True,
../downolad_files/data/nasdaq_annual_reports\addus-homecare-corporation\NASDAQ_ADUS_2019.pdf,addus-homecare-corporation,ADDUS HOMECARE CORPORATION,False,
../downolad_files/data/nasdaq_annual_reports\addus-homecare-corporation\NASDAQ_ADUS_2020.pdf,addus-homecare-corporation,ADDUS HOMECARE CORPORATION,False,
../downolad_files/data/nasdaq_annual_reports\addus-homecare-corporation\NASDAQ_ADUS_2021.pdf,addus-homecare-corporation,ADDUS HOMECARE CORPORATION,False,
../downolad_files/data/nasdaq_annual_reports\addus-homecare-corporation\NASDAQ_ADUS_2022.pdf,addus-homecare-corporation,ADDUS HOMECARE CORPORATION,False,
../downolad_files/data/nasdaq_annual_reports\adial-pharmaceuticals-inc\NASDAQ_ADIL_2018.pdf,adial-pharmaceuticals-inc,"ADIAL PHARMACEUTICALS, INC.",False,
../downolad_files/data/nasdaq_annual_reports\adial-pharmaceuticals-inc\NASDAQ_ADIL_2019.pdf,adial-pharmaceuticals-inc,"ADIAL PHARMACEUTICALS, INC.",False,
../downolad_files/data/nasdaq_annual_reports\adial-pharmaceuticals-inc\NASDAQ_ADIL_2020.pdf,adial-pharmaceuticals-inc,"ADIAL PHARMACEUTICALS, INC.",False,
../downolad_files/data/nasdaq_annual_reports\adma-biologics\NASDAQ_ADMA_2017.pdf,adma-biologics,"ADMA BIOLOGICS, INC.",False,
../downolad_files/data/nasdaq_annual_reports\adma-biologics\NASDAQ_ADMA_2018.pdf,adma-biologics,"ADMA BIOLOGICS, INC.",False,
../downolad_files/data/nasdaq_annual_reports\adial-pharmaceuticals-inc\NASDAQ_ADIL_2021.pdf,adial-pharmaceuticals-inc,"ADIAL PHARMACEUTICALS, INC.",False,
../downolad_files/data/nasdaq_annual_reports\adma-biologics\NASDAQ_ADMA_2019.pdf,adma-biologics,"ADMA BIOLOGICS, INC.",False,
../downolad_files/data/nasdaq_annual_reports\adma-biologics\NASDAQ_ADMA_2021.pdf,adma-biologics,"ADMA BIOLOGICS, INC.",False,
../downolad_files/data/nasdaq_annual_reports\adma-biologics\NASDAQ_ADMA_2020.pdf,adma-biologics,,,
../downolad_files/data/nasdaq_annual_reports\adobe-systems-inc\NASDAQ_ADBE_2019.pdf,adobe-systems-inc,ADOBE INC.,False,
../downolad_files/data/nasdaq_annual_reports\adobe-systems-inc\NASDAQ_ADBE_2020.pdf,adobe-systems-inc,ADOBE INC.,False,
../downolad_files/data/nasdaq_annual_reports\adobe-systems-inc\NASDAQ_ADBE_2021.pdf,adobe-systems-inc,ADOBE INC.,False,
../downolad_files/data/nasdaq_annual_reports\adobe-systems-inc\NASDAQ_ADBE_2022.pdf,adobe-systems-inc,ADOBE INC.,False,
../downolad_files/data/nasdaq_annual_reports\adtran-inc\NASDAQ_ADTN_2020.pdf,adtran-inc,"ADTRAN, Inc.",False,
../downolad_files/data/nasdaq_annual_reports\adtran-inc\NASDAQ_ADTN_2019.pdf,adtran-inc,,,
../downolad_files/data/nasdaq_annual_reports\adtran-inc\NASDAQ_ADTN_2022.pdf,adtran-inc,"ADTRAN Holdings, Inc.",False,
../downolad_files/data/nasdaq_annual_reports\aduro-biotech-inc\NASDAQ_ADRO_2016.pdf,aduro-biotech-inc,"ADURO BIOTECH, INC.",False,
../downolad_files/data/nasdaq_annual_reports\adtran-inc\NASDAQ_ADTN_2021.pdf,adtran-inc,"ADTRAN, Inc.",False,
../downolad_files/data/nasdaq_annual_reports\aduro-biotech-inc\NASDAQ_ADRO_2017.pdf,aduro-biotech-inc,"ADURO BIOTECH, INC.",False,
../downolad_files/data/nasdaq_annual_reports\advanced-emissions-solutions-inc\NASDAQ_ADES_2018.pdf,advanced-emissions-solutions-inc,,,
../downolad_files/data/nasdaq_annual_reports\advanced-emissions-solutions-inc\NASDAQ_ADES_2017.pdf,advanced-emissions-solutions-inc,,,
../downolad_files/data/nasdaq_annual_reports\advanced-emissions-solutions-inc\NASDAQ_ADES_2020.pdf,advanced-emissions-solutions-inc,,,
../downolad_files/data/nasdaq_annual_reports\aduro-biotech-inc\NASDAQ_ADRO_2018.pdf,aduro-biotech-inc,"ADURO BIOTECH, INC.",False,
../downolad_files/data/nasdaq_annual_reports\aduro-biotech-inc\NASDAQ_ADRO_2019.pdf,aduro-biotech-inc,"ADURO BIOTECH, INC.",False,
../downolad_files/data/nasdaq_annual_reports\advanced-emissions-solutions-inc\NASDAQ_ADES_2019.pdf,advanced-emissions-solutions-inc,,,
../downolad_files/data/nasdaq_annual_reports\advanced-emissions-solutions-inc\NASDAQ_ADES_2021.pdf,advanced-emissions-solutions-inc,,,
../downolad_files/data/nasdaq_annual_reports\advanced-energy\NASDAQ_AEIS_2018.pdf,advanced-energy,"ADVANCED ENERGY INDUSTRIES, INC.",False,
../downolad_files/data/nasdaq_annual_reports\advanced-energy\NASDAQ_AEIS_2019.pdf,advanced-energy,"ADVANCED ENERGY INDUSTRIES, INC.",False,
../downolad_files/data/nasdaq_annual_reports\advanced-energy\NASDAQ_AEIS_2020.pdf,advanced-energy,"ADVANCED ENERGY INDUSTRIES, INC.",False,
../downolad_files/data/nasdaq_annual_reports\advanced-energy\NASDAQ_AEIS_2021.pdf,advanced-energy,"ADVANCED ENERGY INDUSTRIES, INC.",False,
../downolad_files/data/nasdaq_annual_reports\advanced-energy\NASDAQ_AEIS_2017.pdf,advanced-energy,"ADVANCED ENERGY INDUSTRIES, INC.",False,
../downolad_files/data/nasdaq_annual_reports\advanced-micro-devices-inc\NASDAQ_AMD_2019.pdf,advanced-micro-devices-inc,,,
../downolad_files/data/nasdaq_annual_reports\advanced-micro-devices-inc\NASDAQ_AMD_2020.pdf,advanced-micro-devices-inc,"ADVANCED MICRO DEVICES, INC.",False,
../downolad_files/data/nasdaq_annual_reports\advanced-micro-devices-inc\NASDAQ_AMD_2021.pdf,advanced-micro-devices-inc,"ADVANCED MICRO DEVICES, INC.",False,
../downolad_files/data/nasdaq_annual_reports\advaxis-inc\NASDAQ_ADXS_2018.pdf,advaxis-inc,,,
../downolad_files/data/nasdaq_annual_reports\advanced-micro-devices-inc\NASDAQ_AMD_2022.pdf,advanced-micro-devices-inc,"ADVANCED MICRO DEVICES, INC.",False,
../downolad_files/data/nasdaq_annual_reports\advaxis-inc\NASDAQ_ADXS_2019.pdf,advaxis-inc,"ADVAXIS, INC.",False,
../downolad_files/data/nasdaq_annual_reports\advaxis-inc\NASDAQ_ADXS_2020.pdf,advaxis-inc,"ADVAXIS, INC.",False,
../downolad_files/data/nasdaq_annual_reports\advaxis-inc\NASDAQ_ADXS_2021.pdf,advaxis-inc,"ADVAXIS, INC.",False,
../downolad_files/data/nasdaq_annual_reports\adverum-biotechnologies-inc\NASDAQ_ADVM_2019.pdf,adverum-biotechnologies-inc,"Adverum Bio technologies, Inc.",False,
../downolad_files/data/nasdaq_annual_reports\adverum-biotechnologies-inc\NASDAQ_ADVM_2021.pdf,adverum-biotechnologies-inc,"Adverum Bio technologies, Inc.",False,
../downolad_files/data/nasdaq_annual_reports\aegion-corp\NASDAQ_AEGN_2016.pdf,aegion-corp,Aegion Corporation,False,
../downolad_files/data/nasdaq_annual_reports\aegion-corp\NASDAQ_AEGN_2017.pdf,aegion-corp,Aegion Corporation,False,
../downolad_files/data/nasdaq_annual_reports\aegion-corp\NASDAQ_AEGN_2018.pdf,aegion-corp,Aegion Corporation,False,
../downolad_files/data/nasdaq_annual_reports\adverum-biotechnologies-inc\NASDAQ_ADVM_2020.pdf,adverum-biotechnologies-inc,"Adverum Bio technologies, Inc.",False,
../downolad_files/data/nasdaq_annual_reports\adverum-biotechnologies-inc\NASDAQ_ADVM_2022.pdf,adverum-biotechnologies-inc,"Adverum Bio technologies, Inc.",False,
../downolad_files/data/nasdaq_annual_reports\aeglea-biotherapeutics-inc\NASDAQ_AGLE_2017.pdf,aeglea-biotherapeutics-inc,"AEGLEA BIO THERAPEUTICS, INC.",False,
../downolad_files/data/nasdaq_annual_reports\aegion-corp\NASDAQ_AEGN_2019.pdf,aegion-corp,Aegion Corporation,False,
../downolad_files/data/nasdaq_annual_reports\aeglea-biotherapeutics-inc\NASDAQ_AGLE_2018.pdf,aeglea-biotherapeutics-inc,"AEGLEA BIO THERAPEUTICS, INC.",False,
../downolad_files/data/nasdaq_annual_reports\aeglea-biotherapeutics-inc\NASDAQ_AGLE_2019.pdf,aeglea-biotherapeutics-inc,"AEGLEA BIO THERAPEUTICS, INC.",False,
../downolad_files/data/nasdaq_annual_reports\aeglea-biotherapeutics-inc\NASDAQ_AGLE_2020.pdf,aeglea-biotherapeutics-inc,"AEGLEA BIO THERAPEUTICS, INC.",False,
../downolad_files/data/nasdaq_annual_reports\aehr-test-systems\NASDAQ_AEHR_2017.pdf,aehr-test-systems,AEHR TEST SYSTEMS,False,
../downolad_files/data/nasdaq_annual_reports\aehr-test-systems\NASDAQ_AEHR_2018.pdf,aehr-test-systems,AEHR TEST SYSTEMS,False,
../downolad_files/data/nasdaq_annual_reports\aeglea-biotherapeutics-inc\NASDAQ_AGLE_2021.pdf,aeglea-biotherapeutics-inc,"AEGLEA BIO THERAPEUTICS, INC.",False,
../downolad_files/data/nasdaq_annual_reports\aehr-test-systems\NASDAQ_AEHR_2020.pdf,aehr-test-systems,AEHR TEST SYSTEMS,False,
../downolad_files/data/nasdaq_annual_reports\aehr-test-systems\NASDAQ_AEHR_2019.pdf,aehr-test-systems,AEHR TEST SYSTEMS,False,
../downolad_files/data/nasdaq_annual_reports\aehr-test-systems\NASDAQ_AEHR_2021.pdf,aehr-test-systems,AEHR TEST SYSTEMS,False,
../downolad_files/data/nasdaq_annual_reports\aemetis-inc\NASDAQ_AMTX_2020.pdf,aemetis-inc,"AEMETIS, INC.",False,
../downolad_files/data/nasdaq_annual_reports\aemetis-inc\NASDAQ_AMTX_2017.pdf,aemetis-inc,"AEMETIS, INC.",False,
../downolad_files/data/nasdaq_annual_reports\aemetis-inc\NASDAQ_AMTX_2018.pdf,aemetis-inc,"AEMETIS, INC.",False,
../downolad_files/data/nasdaq_annual_reports\aemetis-inc\NASDAQ_AMTX_2019.pdf,aemetis-inc,"AEMETIS, INC.",False,
../downolad_files/data/nasdaq_annual_reports\aercap-holdings-nv\NASDAQ_AER_2019.pdf,aercap-holdings-nv,AerCap Holdings N.V.,False,
../downolad_files/data/nasdaq_annual_reports\aercap-holdings-nv\NASDAQ_AER_2020.pdf,aercap-holdings-nv,AerCap Holdings N.V.,False,
../downolad_files/data/nasdaq_annual_reports\aercap-holdings-nv\NASDAQ_AER_2021.pdf,aercap-holdings-nv,AerCap Holdings N.V.,False,
../downolad_files/data/nasdaq_annual_reports\aercap-holdings-nv\NASDAQ_AER_2018.pdf,aercap-holdings-nv,AerCap Holdings N.V.,False,
../downolad_files/data/nasdaq_annual_reports\aercap-holdings-nv\NASDAQ_AER_2022.pdf,aercap-holdings-nv,AerCap Holdings N.V.,False,
../downolad_files/data/nasdaq_annual_reports\aemetis-inc\NASDAQ_AMTX_2021.pdf,aemetis-inc,"AEMETIS, INC.",False,
../downolad_files/data/nasdaq_annual_reports\aerie-pharmaceuticals-inc\NASDAQ_AERI_2018.PDF,aerie-pharmaceuticals-inc,"Aerie Pharmaceuticals, Inc.",False,
../downolad_files/data/nasdaq_annual_reports\aerie-pharmaceuticals-inc\NASDAQ_AERI_2021.pdf,aerie-pharmaceuticals-inc,"Aerie Pharmaceuticals, Inc.",False,
../downolad_files/data/nasdaq_annual_reports\aerovironment-inc\NASDAQ_AVAV_2019.pdf,aerovironment-inc,"AEROVIRON MENT, INC.",False,
../downolad_files/data/nasdaq_annual_reports\aerie-pharmaceuticals-inc\NASDAQ_AERI_2019.pdf,aerie-pharmaceuticals-inc,"Aerie Pharmaceuticals, Inc.",False,
../downolad_files/data/nasdaq_annual_reports\aerovironment-inc\NASDAQ_AVAV_2020.pdf,aerovironment-inc,"AEROVIRONMENT, INC.",False,
../downolad_files/data/nasdaq_annual_reports\aerovironment-inc\NASDAQ_AVAV_2021.pdf,aerovironment-inc,,,
../downolad_files/data/nasdaq_annual_reports\aerie-pharmaceuticals-inc\NASDAQ_AERI_2020.pdf,aerie-pharmaceuticals-inc,"Aerie Pharmaceuticals, Inc.",False,
../downolad_files/data/nasdaq_annual_reports\aerovironment-inc\NASDAQ_AVAV_2022.pdf,aerovironment-inc,"AEROVIRONMENT, INC.",False,
../downolad_files/data/nasdaq_annual_reports\aerpio-pharmaceuticals-inc\NASDAQ_ARPO_2017.pdf,aerpio-pharmaceuticals-inc,"Aerpio Pharmaceuticals, Inc.",False,
../downolad_files/data/nasdaq_annual_reports\aerpio-pharmaceuticals-inc\NASDAQ_ARPO_2018.pdf,aerpio-pharmaceuticals-inc,"Aerpio Pharmaceuticals, Inc.",False,
../downolad_files/data/nasdaq_annual_reports\aethlon-medical-inc\NASDAQ_AEMD_2017.pdf,aethlon-medical-inc,"AETHLON MEDICAL, INC.",False,
../downolad_files/data/nasdaq_annual_reports\aethlon-medical-inc\NASDAQ_AEMD_2018.pdf,aethlon-medical-inc,"AETHLON MEDICAL, INC.",False,
../downolad_files/data/nasdaq_annual_reports\affimed-nv\NASDAQ_AFMD_2017.pdf,affimed-nv,,,
../downolad_files/data/nasdaq_annual_reports\aethlon-medical-inc\NASDAQ_AEMD_2019.pdf,aethlon-medical-inc,"AETHLON MEDICAL, INC.",False,
../downolad_files/data/nasdaq_annual_reports\aethlon-medical-inc\NASDAQ_AEMD_2020.pdf,aethlon-medical-inc,"AETHLON MEDICAL, INC.",False,
../downolad_files/data/nasdaq_annual_reports\affimed-nv\NASDAQ_AFMD_2018.pdf,affimed-nv,,,
../downolad_files/data/nasdaq_annual_reports\aethlon-medical-inc\NASDAQ_AEMD_2021.pdf,aethlon-medical-inc,"AETHLON MEDICAL, INC.",False,
../downolad_files/data/nasdaq_annual_reports\affimed-nv\NASDAQ_AFMD_2019.pdf,affimed-nv,,,
../downolad_files/data/nasdaq_annual_reports\affimed-nv\NASDAQ_AFMD_2020.pdf,affimed-nv,,,
../downolad_files/data/nasdaq_annual_reports\affimed-nv\NASDAQ_AFMD_2021.pdf,affimed-nv,,,
../downolad_files/data/nasdaq_annual_reports\afya-limited\NASDAQ_AFYA_2019.pdf,afya-limited,AFYA LIMITED,False,
../downolad_files/data/nasdaq_annual_reports\agenus-inc\NASDAQ_AGEN_2019.pdf,agenus-inc,Agenus Inc.,False,
../downolad_files/data/nasdaq_annual_reports\agenus-inc\NASDAQ_AGEN_2020.pdf,agenus-inc,Agenus Inc.,False,
../downolad_files/data/nasdaq_annual_reports\agile-therapeutics-inc\NASDAQ_AGRX_2018.pdf,agile-therapeutics-inc,"Agile Therapeutics, Inc.",False,
../downolad_files/data/nasdaq_annual_reports\afya-limited\NASDAQ_AFYA_2020.pdf,afya-limited,AFYA LIMITED,False,
../downolad_files/data/nasdaq_annual_reports\agenus-inc\NASDAQ_AGEN_2021.pdf,agenus-inc,Agenus Inc.,False,
../downolad_files/data/nasdaq_annual_reports\agile-therapeutics-inc\NASDAQ_AGRX_2019.pdf,agile-therapeutics-inc,"Agile Therapeutics, Inc.",False,
../downolad_files/data/nasdaq_annual_reports\agilysys-inc\NASDAQ_AGYS_2019.pdf,agilysys-inc,"AGILYSYS, INC.",False,
../downolad_files/data/nasdaq_annual_reports\agile-therapeutics-inc\NASDAQ_AGRX_2021.pdf,agile-therapeutics-inc,"Agile Therapeutics, Inc.",False,
../downolad_files/data/nasdaq_annual_reports\agenus-inc\NASDAQ_AGEN_2022.pdf,agenus-inc,Agenus Inc.,False,
../downolad_files/data/nasdaq_annual_reports\agile-therapeutics-inc\NASDAQ_AGRX_2020.pdf,agile-therapeutics-inc,"Agile Therapeutics, Inc.",False,
../downolad_files/data/nasdaq_annual_reports\agilysys-inc\NASDAQ_AGYS_2022.pdf,agilysys-inc,"AGILYSYS, INC.",False,
../downolad_files/data/nasdaq_annual_reports\agilysys-inc\NASDAQ_AGYS_2020.pdf,agilysys-inc,"AGILYSYS, INC.",False,
../downolad_files/data/nasdaq_annual_reports\agilysys-inc\NASDAQ_AGYS_2021.pdf,agilysys-inc,"AGILYSYS, INC.",False,
../downolad_files/data/nasdaq_annual_reports\agios-pharmaceuticals\NASDAQ_AGIO_2017.PDF,agios-pharmaceuticals,"AGIOS PHARMACEUTICALS, INC.",False,
../downolad_files/data/nasdaq_annual_reports\agios-pharmaceuticals\NASDAQ_AGIO_2020.pdf,agios-pharmaceuticals,"AGIOS PHARMACEUTICALS,INC.",False,
../downolad_files/data/nasdaq_annual_reports\agios-pharmaceuticals\NASDAQ_AGIO_2018.pdf,agios-pharmaceuticals,"AGIOS PHARMACEUTICALS,INC.",False,
../downolad_files/data/nasdaq_annual_reports\agm-group-holdings-inc\NASDAQ_AGMH_2018.pdf,agm-group-holdings-inc,AGM Group Holdings Inc.,False,
../downolad_files/data/nasdaq_annual_reports\agios-pharmaceuticals\NASDAQ_AGIO_2019.pdf,agios-pharmaceuticals,"AGIOS PHARMACEUTICALS,INC.",False,
../downolad_files/data/nasdaq_annual_reports\agm-group-holdings-inc\NASDAQ_AGMH_2017.pdf,agm-group-holdings-inc,AGM Group Holdings Inc.,False,
../downolad_files/data/nasdaq_annual_reports\agios-pharmaceuticals\NASDAQ_AGIO_2021.pdf,agios-pharmaceuticals,"AGIOS PHARMACEUTICALS, INC.",False,
../downolad_files/data/nasdaq_annual_reports\agm-group-holdings-inc\NASDAQ_AGMH_2019.pdf,agm-group-holdings-inc,AGM Group Holdings Inc.,False,
../downolad_files/data/nasdaq_annual_reports\agnc-investment-corp\NASDAQ_AGNC_2020.pdf,agnc-investment-corp,AGNC INVESTMENT CORP.,False,
../downolad_files/data/nasdaq_annual_reports\agnc-investment-corp\NASDAQ_AGNC_2019.pdf,agnc-investment-corp,,,
../downolad_files/data/nasdaq_annual_reports\agm-group-holdings-inc\NASDAQ_AGMH_2020.pdf,agm-group-holdings-inc,AGM Group Holdings Inc.,False,
../downolad_files/data/nasdaq_annual_reports\agnc-investment-corp\NASDAQ_AGNC_2021.pdf,agnc-investment-corp,AGNC INVESTMENT CORP.,False,
../downolad_files/data/nasdaq_annual_reports\agrofresh-solution-inc\NASDAQ_AGFS_2020.pdf,agrofresh-solution-inc,,,
../downolad_files/data/nasdaq_annual_reports\agrofresh-solution-inc\NASDAQ_AGFS_2018.pdf,agrofresh-solution-inc,,,
../downolad_files/data/nasdaq_annual_reports\agnc-investment-corp\NASDAQ_AGNC_2022.pdf,agnc-investment-corp,AGNC INVESTMENT CORP.,False,
../downolad_files/data/nasdaq_annual_reports\aileron-therapeutics-inc\NASDAQ_ALRN_2018.pdf,aileron-therapeutics-inc,"Aileron Therapeutics, Inc.",False,
../downolad_files/data/nasdaq_annual_reports\aileron-therapeutics-inc\NASDAQ_ALRN_2021.pdf,aileron-therapeutics-inc,"Aileron Therapeutics, Inc.",False,
../downolad_files/data/nasdaq_annual_reports\aimmune-therapeutics-inc\NASDAQ_AIMT_2015.PDF,aimmune-therapeutics-inc,,,
../downolad_files/data/nasdaq_annual_reports\aileron-therapeutics-inc\NASDAQ_ALRN_2019.pdf,aileron-therapeutics-inc,"Aileron Therapeutics, Inc.",False,
../downolad_files/data/nasdaq_annual_reports\aileron-therapeutics-inc\NASDAQ_ALRN_2020.pdf,aileron-therapeutics-inc,"Aileron Therapeutics, Inc.",False,
../downolad_files/data/nasdaq_annual_reports\aimmune-therapeutics-inc\NASDAQ_AIMT_2016.pdf,aimmune-therapeutics-inc,,,
../downolad_files/data/nasdaq_annual_reports\aimmune-therapeutics-inc\NASDAQ_AIMT_2017.pdf,aimmune-therapeutics-inc,,,
../downolad_files/data/nasdaq_annual_reports\aimmune-therapeutics-inc\NASDAQ_AIMT_2018.pdf,aimmune-therapeutics-inc,,,
../downolad_files/data/nasdaq_annual_reports\air-t-inc\NASDAQ_AIRT_2019.pdf,air-t-inc,"Air T, Inc.",False,
../downolad_files/data/nasdaq_annual_reports\air-t-inc\NASDAQ_AIRT_2018.pdf,air-t-inc,"Air T, Inc.",False,
../downolad_files/data/nasdaq_annual_reports\air-t-inc\NASDAQ_AIRT_2017.pdf,air-t-inc,"Air T, Inc.",False,
../downolad_files/data/nasdaq_annual_reports\air-t-inc\NASDAQ_AIRT_2020.pdf,air-t-inc,"Air T, Inc.",False,
../downolad_files/data/nasdaq_annual_reports\air-transport-services-group-inc\NASDAQ_ATSG_2019.pdf,air-transport-services-group-inc,"Air Transport Services Group, Inc.",False,
../downolad_files/data/nasdaq_annual_reports\air-t-inc\NASDAQ_AIRT_2021.pdf,air-t-inc,"Air T, Inc.",False,
../downolad_files/data/nasdaq_annual_reports\air-transport-services-group-inc\NASDAQ_ATSG_2020.pdf,air-transport-services-group-inc,"Air Transport Services Group, Inc.",False,
../downolad_files/data/nasdaq_annual_reports\air-transport-services-group-inc\NASDAQ_ATSG_2021.pdf,air-transport-services-group-inc,,,
../downolad_files/data/nasdaq_annual_reports\air-transport-services-group-inc\NASDAQ_ATSG_2022.pdf,air-transport-services-group-inc,"Air Transport Services Group, Inc.",False,
../downolad_files/data/nasdaq_annual_reports\airnet-technology-inc\NASDAQ_ANTE_2014.pdf,airnet-technology-inc,AIRMEDIA GROUP INC.,True,
../downolad_files/data/nasdaq_annual_reports\airnet-technology-inc\NASDAQ_ANTE_2015.pdf,airnet-technology-inc,AIRMEDIA GROUP INC.,True,
../downolad_files/data/nasdaq_annual_reports\airnet-technology-inc\NASDAQ_ANTE_2016.pdf,airnet-technology-inc,AIRMEDIA GROUP INC.,True,
../downolad_files/data/nasdaq_annual_reports\airnet-technology-inc\NASDAQ_ANTE_2017.pdf,airnet-technology-inc,AIRMEDIA GROUP INC.,True,
../downolad_files/data/nasdaq_annual_reports\airnet-technology-inc\NASDAQ_ANTE_2018.pdf,airnet-technology-inc,AIRMEDIA GROUP INC.,True,
../downolad_files/data/nasdaq_annual_reports\akamai-technologies-inc\NASDAQ_AKAM_2020.pdf,akamai-technologies-inc,"Akamai Technologies, Inc.",False,
../downolad_files/data/nasdaq_annual_reports\akamai-technologies-inc\NASDAQ_AKAM_2019.pdf,akamai-technologies-inc,,,
../downolad_files/data/nasdaq_annual_reports\akari-therapeutics-plc\NASDAQ_AKTX_2017.pdf,akari-therapeutics-plc,,,
../downolad_files/data/nasdaq_annual_reports\akamai-technologies-inc\NASDAQ_AKAM_2021.pdf,akamai-technologies-inc,,,
../downolad_files/data/nasdaq_annual_reports\akari-therapeutics-plc\NASDAQ_AKTX_2018.pdf,akari-therapeutics-plc,,,
../downolad_files/data/nasdaq_annual_reports\akari-therapeutics-plc\NASDAQ_AKTX_2019.pdf,akari-therapeutics-plc,,,
../downolad_files/data/nasdaq_annual_reports\akari-therapeutics-plc\NASDAQ_AKTX_2020.pdf,akari-therapeutics-plc,,,
../downolad_files/data/nasdaq_annual_reports\akari-therapeutics-plc\NASDAQ_AKTX_2021.pdf,akari-therapeutics-plc,,,
../downolad_files/data/nasdaq_annual_reports\akamai-technologies-inc\NASDAQ_AKAM_2022.pdf,akamai-technologies-inc,"Akamai Technologies, Inc.",False,
../downolad_files/data/nasdaq_annual_reports\agrofresh-solution-inc\NASDAQ_AGFS_2019.pdf,agrofresh-solution-inc,,,
../downolad_files/data/nasdaq_annual_reports\akcea-therapeutics-inc\NASDAQ_AKCA_2017.pdf,akcea-therapeutics-inc,"Akcea Therapeutics, Inc.",False,
../downolad_files/data/nasdaq_annual_reports\akebia-therapeutics-inc\NASDAQ_AKBA_2019.pdf,akebia-therapeutics-inc,"AKEBIA THERAPEUTICS, INC.",False,
../downolad_files/data/nasdaq_annual_reports\akcea-therapeutics-inc\NASDAQ_AKCA_2018.pdf,akcea-therapeutics-inc,"Akcea Therapeutics, Inc.",False,
../downolad_files/data/nasdaq_annual_reports\akebia-therapeutics-inc\NASDAQ_AKBA_2020.pdf,akebia-therapeutics-inc,"AKEBIA THERAPEUTICS, INC.",False,
../downolad_files/data/nasdaq_annual_reports\akerna-corp\NASDAQ_KERN_2019.pdf,akerna-corp,AKERNA CORP.,False,
../downolad_files/data/nasdaq_annual_reports\akebia-therapeutics-inc\NASDAQ_AKBA_2022.pdf,akebia-therapeutics-inc,"AKEBIA THERAPEUTICS, INC.",False,
../downolad_files/data/nasdaq_annual_reports\akebia-therapeutics-inc\NASDAQ_AKBA_2021.pdf,akebia-therapeutics-inc,"AKEBIA THERAPEUTICS, INC.",False,
../downolad_files/data/nasdaq_annual_reports\akero-therapeutics-inc\NASDAQ_AKRO_2019.pdf,akero-therapeutics-inc,"Akero Therapeutics, Inc.",False,
../downolad_files/data/nasdaq_annual_reports\akero-therapeutics-inc\NASDAQ_AKRO_2020.pdf,akero-therapeutics-inc,"Akero Therapeutics, Inc.",False,
../downolad_files/data/nasdaq_annual_reports\akerna-corp\NASDAQ_KERN_2021.pdf,akerna-corp,AKERNA CORP.,False,
../downolad_files/data/nasdaq_annual_reports\akerna-corp\NASDAQ_KERN_2020.pdf,akerna-corp,AKERNA CORP.,False,
../downolad_files/data/nasdaq_annual_reports\akers-biosciences-inc\NASDAQ_AKER_2016.pdf,akers-biosciences-inc,"AKERS BIOSCIENCES, INC.",False,
../downolad_files/data/nasdaq_annual_reports\akero-therapeutics-inc\NASDAQ_AKRO_2021.pdf,akero-therapeutics-inc,"Akero Therapeutics, Inc.",False,
../downolad_files/data/nasdaq_annual_reports\akers-biosciences-inc\NASDAQ_AKER_2017.pdf,akers-biosciences-inc,"AKERS BIOSCIENCES, INC.",False,
../downolad_files/data/nasdaq_annual_reports\akers-biosciences-inc\NASDAQ_AKER_2019.pdf,akers-biosciences-inc,"Akers Biosciences, Inc.",False,
../downolad_files/data/nasdaq_annual_reports\akers-biosciences-inc\NASDAQ_AKER_2018.pdf,akers-biosciences-inc,"AKERS BIOSCIENCES, INC.",False,
../downolad_files/data/nasdaq_annual_reports\akorn-inc\NASDAQ_AKRX_2015.pdf,akorn-inc,"AKORN, INC.",False,
../downolad_files/data/nasdaq_annual_reports\akorn-inc\NASDAQ_AKRX_2017.pdf,akorn-inc,"AKORN, INC.",False,
../downolad_files/data/nasdaq_annual_reports\akorn-inc\NASDAQ_AKRX_2018.pdf,akorn-inc,"AKORN, INC.",False,
../downolad_files/data/nasdaq_annual_reports\akorn-inc\NASDAQ_AKRX_2016.pdf,akorn-inc,"AKORN, INC.",False,
../downolad_files/data/nasdaq_annual_reports\akoustis-technologies-inc\NASDAQ_AKTS_2017.pdf,akoustis-technologies-inc,"AKOUSTIS TECHNOLOGIES, INC.",False,
../downolad_files/data/nasdaq_annual_reports\akoustis-technologies-inc\NASDAQ_AKTS_2018.pdf,akoustis-technologies-inc,"AKOUSTIS TECHNOLOGIES, INC.",False,
../downolad_files/data/nasdaq_annual_reports\akoustis-technologies-inc\NASDAQ_AKTS_2019.pdf,akoustis-technologies-inc,"AKOUSTIS TECHNOLOGIES, INC.",False,
../downolad_files/data/nasdaq_annual_reports\akoustis-technologies-inc\NASDAQ_AKTS_2020.pdf,akoustis-technologies-inc,"AKOUSTIS TECHNOLOGIES, INC.",False,
../downolad_files/data/nasdaq_annual_reports\alarmcom-holdings-inc\NASDAQ_ALRM_2017.pdf,alarmcom-holdings-inc,"ALARM.COM HOLDINGS, INC.",False,
../downolad_files/data/nasdaq_annual_reports\alarmcom-holdings-inc\NASDAQ_ALRM_2018.pdf,alarmcom-holdings-inc,"ALARM.COM HOLDINGS, INC.",False,
../downolad_files/data/nasdaq_annual_reports\alarmcom-holdings-inc\NASDAQ_ALRM_2019.pdf,alarmcom-holdings-inc,"ALARM.COM HOLDINGS, INC.",False,
../downolad_files/data/nasdaq_annual_reports\alarmcom-holdings-inc\NASDAQ_ALRM_2020.pdf,alarmcom-holdings-inc,"ALARM.COM HOLDINGS, INC.",False,
../downolad_files/data/nasdaq_annual_reports\alarmcom-holdings-inc\NASDAQ_ALRM_2021.pdf,alarmcom-holdings-inc,"ALARM.COM HOLDINGS, INC.",False,
../downolad_files/data/nasdaq_annual_reports\akoustis-technologies-inc\NASDAQ_AKTS_2021.pdf,akoustis-technologies-inc,"AKOUSTIS TECHNOLOGIES, INC.",False,
../downolad_files/data/nasdaq_annual_reports\alaska-communications-systems-group-inc\NASDAQ_ALSK_2017.pdf,alaska-communications-systems-group-inc,"Alaska Communications Systems Group, Inc.",False,
../downolad_files/data/nasdaq_annual_reports\alaska-communications-systems-group-inc\NASDAQ_ALSK_2018.pdf,alaska-communications-systems-group-inc,"Alaska Communications Systems Group, Inc.",False,
../downolad_files/data/nasdaq_annual_reports\alaska-communications-systems-group-inc\NASDAQ_ALSK_2019.pdf,alaska-communications-systems-group-inc,"Alaska Communications Systems Group, Inc.",False,
../downolad_files/data/nasdaq_annual_reports\albireo-pharma-inc\NASDAQ_ALBO_2019.pdf,albireo-pharma-inc,"Albireo Pharma, Inc.",False,
../downolad_files/data/nasdaq_annual_reports\alaska-communications-systems-group-inc\NASDAQ_ALSK_2020.pdf,alaska-communications-systems-group-inc,"Alaska Communications Systems Group, Inc.",False,
../downolad_files/data/nasdaq_annual_reports\alder-biopharmaceuticals-inc\NASDAQ_ALDR_2015.pdf,alder-biopharmaceuticals-inc,"Alder Bio Pharmaceuticals, Inc.",False,
../downolad_files/data/nasdaq_annual_reports\albireo-pharma-inc\NASDAQ_ALBO_2020.pdf,albireo-pharma-inc,"Albireo Pharma, Inc.",False,
../downolad_files/data/nasdaq_annual_reports\alder-biopharmaceuticals-inc\NASDAQ_ALDR_2016.pdf,alder-biopharmaceuticals-inc,"Alder Bio Pharmaceuticals, Inc.",False,
../downolad_files/data/nasdaq_annual_reports\aldeyra-therapeutics-inc\NASDAQ_ALDX_2017.pdf,aldeyra-therapeutics-inc,"ALDEYRA THERAPEUTICS, INC.",False,
../downolad_files/data/nasdaq_annual_reports\alder-biopharmaceuticals-inc\NASDAQ_ALDR_2017.pdf,alder-biopharmaceuticals-inc,"Alder Bio Pharmaceuticals, Inc.",False,
../downolad_files/data/nasdaq_annual_reports\aldeyra-therapeutics-inc\NASDAQ_ALDX_2018.pdf,aldeyra-therapeutics-inc,"ALDEYRA THERAPEUTICS, INC.",False,
../downolad_files/data/nasdaq_annual_reports\alder-biopharmaceuticals-inc\NASDAQ_ALDR_2018.pdf,alder-biopharmaceuticals-inc,"Alder Bio Pharmaceuticals, Inc.",False,
../downolad_files/data/nasdaq_annual_reports\aldeyra-therapeutics-inc\NASDAQ_ALDX_2019.pdf,aldeyra-therapeutics-inc,"ALDEYRA THERAPEUTICS, INC.",False,
../downolad_files/data/nasdaq_annual_reports\aldeyra-therapeutics-inc\NASDAQ_ALDX_2020.pdf,aldeyra-therapeutics-inc,"ALDEYRA THERAPEUTICS, INC.",False,
../downolad_files/data/nasdaq_annual_reports\aldeyra-therapeutics-inc\NASDAQ_ALDX_2021.pdf,aldeyra-therapeutics-inc,"ALDEYRA THERAPEUTICS, INC.",False,
../downolad_files/data/nasdaq_annual_reports\alector-inc\NASDAQ_ALEC_2018.pdf,alector-inc,"Alector, Inc.",False,
../downolad_files/data/nasdaq_annual_reports\alector-inc\NASDAQ_ALEC_2019.pdf,alector-inc,"Alector, Inc.",False,
../downolad_files/data/nasdaq_annual_reports\alerus-financial-corporation\NASDAQ_ALRS_2017.pdf,alerus-financial-corporation,,,
../downolad_files/data/nasdaq_annual_reports\alerus-financial-corporation\NASDAQ_ALRS_2018.pdf,alerus-financial-corporation,,,
../downolad_files/data/nasdaq_annual_reports\alector-inc\NASDAQ_ALEC_2020.pdf,alector-inc,"Alector, Inc.",False,
../downolad_files/data/nasdaq_annual_reports\alector-inc\NASDAQ_ALEC_2021.pdf,alector-inc,"Alector, Inc.",False,
../downolad_files/data/nasdaq_annual_reports\alerus-financial-corporation\NASDAQ_ALRS_2019.pdf,alerus-financial-corporation,ALERUS FINANCIAL CORPORATION,False,
../downolad_files/data/nasdaq_annual_reports\alexion-pharmaceuticals-inc\NASDAQ_ALXN_2016.pdf,alexion-pharmaceuticals-inc,,,
../downolad_files/data/nasdaq_annual_reports\alerus-financial-corporation\NASDAQ_ALRS_2020.pdf,alerus-financial-corporation,ALERUS FINANCIAL CORPORATION,False,
../downolad_files/data/nasdaq_annual_reports\alerus-financial-corporation\NASDAQ_ALRS_2021.pdf,alerus-financial-corporation,ALERUS FINANCIAL CORPORATION,False,
../downolad_files/data/nasdaq_annual_reports\alexion-pharmaceuticals-inc\NASDAQ_ALXN_2015.pdf,alexion-pharmaceuticals-inc,,,
../downolad_files/data/nasdaq_annual_reports\alexion-pharmaceuticals-inc\NASDAQ_ALXN_2017.pdf,alexion-pharmaceuticals-inc,,,
../downolad_files/data/nasdaq_annual_reports\alexion-pharmaceuticals-inc\NASDAQ_ALXN_2018.PDF,alexion-pharmaceuticals-inc,,,
../downolad_files/data/nasdaq_annual_reports\alexion-pharmaceuticals-inc\NASDAQ_ALXN_2019.pdf,alexion-pharmaceuticals-inc,,,
../downolad_files/data/nasdaq_annual_reports\alico-inc\NASDAQ_ALCO_2019.pdf,alico-inc,"ALICO, INC.",False,
../downolad_files/data/nasdaq_annual_reports\alico-inc\NASDAQ_ALCO_2020.pdf,alico-inc,"ALICO, INC.",False,
../downolad_files/data/nasdaq_annual_reports\alico-inc\NASDAQ_ALCO_2021.pdf,alico-inc,"ALICO, INC.",False,
../downolad_files/data/nasdaq_annual_reports\alico-inc\NASDAQ_ALCO_2022.pdf,alico-inc,"ALICO, INC.",False,
../downolad_files/data/nasdaq_annual_reports\align-technology-inc\NASDAQ_ALGN_2019.pdf,align-technology-inc,"ALIGN TECHNOLOGY, INC.",False,
../downolad_files/data/nasdaq_annual_reports\align-technology-inc\NASDAQ_ALGN_2020.pdf,align-technology-inc,"ALIGN TECHNOLOGY, INC.",False,
../downolad_files/data/nasdaq_annual_reports\align-technology-inc\NASDAQ_ALGN_2021.pdf,align-technology-inc,"ALIGN TECHNOLOGY, INC.",False,
../downolad_files/data/nasdaq_annual_reports\align-technology-inc\NASDAQ_ALGN_2022.pdf,align-technology-inc,"ALIGN TECHNOLOGY, INC.",False,
../downolad_files/data/nasdaq_annual_reports\alimera-sciences-inc\NASDAQ_ALIM_2019.pdf,alimera-sciences-inc,"Alimera Sciences, Inc.",False,
../downolad_files/data/nasdaq_annual_reports\alimera-sciences-inc\NASDAQ_ALIM_2020.pdf,alimera-sciences-inc,,,
../downolad_files/data/nasdaq_annual_reports\alithya\NASDAQ_ALYA_2019.pdf,alithya,,,
../downolad_files/data/nasdaq_annual_reports\alimera-sciences-inc\NASDAQ_ALIM_2021.pdf,alimera-sciences-inc,"Alimera Sciences, Inc.",False,
../downolad_files/data/nasdaq_annual_reports\alithya\NASDAQ_ALYA_2020.pdf,alithya,,,
../downolad_files/data/nasdaq_annual_reports\alithya\NASDAQ_ALYA_2021.pdf,alithya,,,
../downolad_files/data/nasdaq_annual_reports\alimera-sciences-inc\NASDAQ_ALIM_2022.pdf,alimera-sciences-inc,"Alimera Sciences, Inc.",False,
../downolad_files/data/nasdaq_annual_reports\alj-regional-holdings-inc\NASDAQ_ALJJ_2022.pdf,alj-regional-holdings-inc,,,
../downolad_files/data/nasdaq_annual_reports\alkermes-inc\NASDAQ_ALKS_2018.pdf,alkermes-inc,ALKERMES PUBLIC LIMITED COMPANY,False,
../downolad_files/data/nasdaq_annual_reports\alkermes-inc\NASDAQ_ALKS_2019.pdf,alkermes-inc,ALKERMES PUBLIC LIMITED COMPANY,False,
../downolad_files/data/nasdaq_annual_reports\alkermes-inc\NASDAQ_ALKS_2020.pdf,alkermes-inc,ALKERMES PUBLIC LIMITED COMPANY,False,
../downolad_files/data/nasdaq_annual_reports\alkermes-inc\NASDAQ_ALKS_2021.pdf,alkermes-inc,ALKERMES PUBLIC LIMITED COMPANY,False,
../downolad_files/data/nasdaq_annual_reports\allakos-inc\NASDAQ_ALLK_2018.pdf,allakos-inc,Allakos Inc.,False,
../downolad_files/data/nasdaq_annual_reports\allakos-inc\NASDAQ_ALLK_2019.pdf,allakos-inc,Allakos Inc.,False,
../downolad_files/data/nasdaq_annual_reports\allakos-inc\NASDAQ_ALLK_2021.pdf,allakos-inc,Allakos Inc.,False,
../downolad_files/data/nasdaq_annual_reports\allegiance-bancshares-inc\NASDAQ_ABTX_2018.pdf,allegiance-bancshares-inc,"Allegiance Bancshares, Inc.",False,
../downolad_files/data/nasdaq_annual_reports\allakos-inc\NASDAQ_ALLK_2020.pdf,allakos-inc,Allakos Inc.,False,
../downolad_files/data/nasdaq_annual_reports\allegiance-bancshares-inc\NASDAQ_ABTX_2019.pdf,allegiance-bancshares-inc,"Allegiance Bancshares, Inc.",False,
../downolad_files/data/nasdaq_annual_reports\allegiance-bancshares-inc\NASDAQ_ABTX_2020.pdf,allegiance-bancshares-inc,"Allegiance Bancshares, Inc.",False,
../downolad_files/data/nasdaq_annual_reports\allegiant-travel-company\NASDAQ_ALGT_2019.pdf,allegiant-travel-company,,,
../downolad_files/data/nasdaq_annual_reports\allegiant-travel-company\NASDAQ_ALGT_2020.pdf,allegiant-travel-company,,,
../downolad_files/data/nasdaq_annual_reports\allegiant-travel-company\NASDAQ_ALGT_2022.pdf,allegiant-travel-company,Allegiant Travel Company,False,
../downolad_files/data/nasdaq_annual_reports\allena-pharmaceuticals-inc\NASDAQ_ALNA_2017.pdf,allena-pharmaceuticals-inc,"ALLENA PHARMACEUTICALS, INC.",False,
../downolad_files/data/nasdaq_annual_reports\allegiant-travel-company\NASDAQ_ALGT_2021.pdf,allegiant-travel-company,,,
../downolad_files/data/nasdaq_annual_reports\allena-pharmaceuticals-inc\NASDAQ_ALNA_2018.pdf,allena-pharmaceuticals-inc,"ALLENA PHARMACEUTICALS, INC.",False,
../downolad_files/data/nasdaq_annual_reports\allena-pharmaceuticals-inc\NASDAQ_ALNA_2019.pdf,allena-pharmaceuticals-inc,"ALLENA PHARMACEUTICALS, INC.",False,
../downolad_files/data/nasdaq_annual_reports\alliance-resource-partners-lp\NASDAQ_ARLP_2019.pdf,alliance-resource-partners-lp,"ALLIANCE RESOURCE PARTNERS, L.P.",False,
../downolad_files/data/nasdaq_annual_reports\alliance-resource-partners-lp\NASDAQ_ARLP_2020.pdf,alliance-resource-partners-lp,"ALLIANCE RESOURCE PARTNERS, L.P.",False,
../downolad_files/data/nasdaq_annual_reports\alliance-resource-partners-lp\NASDAQ_ARLP_2021.pdf,alliance-resource-partners-lp,"ALLIANCE RESOURCE PARTNERS, L.P.",False,
../downolad_files/data/nasdaq_annual_reports\allena-pharmaceuticals-inc\NASDAQ_ALNA_2020.pdf,allena-pharmaceuticals-inc,"ALLENA PHARMACEUTICALS, INC.",False,
../downolad_files/data/nasdaq_annual_reports\alliance-resource-partners-lp\NASDAQ_ARLP_2022.pdf,alliance-resource-partners-lp,"ALLIANCE RESOURCE PARTNERS, L.P.",False,
../downolad_files/data/nasdaq_annual_reports\allied-esports-entertainment-inc\NASDAQ_AESE_2017.pdf,allied-esports-entertainment-inc,BLACK RIDGE ACQUISITION CORP.,True,
../downolad_files/data/nasdaq_annual_reports\allied-esports-entertainment-inc\NASDAQ_AESE_2018.pdf,allied-esports-entertainment-inc,BLACK RIDGE ACQUISITION CORP.,True,
../downolad_files/data/nasdaq_annual_reports\allied-esports-entertainment-inc\NASDAQ_AESE_2019.pdf,allied-esports-entertainment-inc,"ALLIED ESPORTS ENTERTAINMENT, INC.",False,
../downolad_files/data/nasdaq_annual_reports\allied-healthcare-products-inc\NASDAQ_AHPI_2017.pdf,allied-healthcare-products-inc,,,
../downolad_files/data/nasdaq_annual_reports\allied-healthcare-products-inc\NASDAQ_AHPI_2018.pdf,allied-healthcare-products-inc,,,
../downolad_files/data/nasdaq_annual_reports\allied-esports-entertainment-inc\NASDAQ_AESE_2020.pdf,allied-esports-entertainment-inc,"ALLIED ESPORTS ENTERTAINMENT, INC.",False,
../downolad_files/data/nasdaq_annual_reports\allied-healthcare-products-inc\NASDAQ_AHPI_2019.pdf,allied-healthcare-products-inc,,,
../downolad_files/data/nasdaq_annual_reports\allied-healthcare-products-inc\NASDAQ_AHPI_2020.pdf,allied-healthcare-products-inc,,,
../downolad_files/data/nasdaq_annual_reports\allied-healthcare-products-inc\NASDAQ_AHPI_2021.pdf,allied-healthcare-products-inc,,,
../downolad_files/data/nasdaq_annual_reports\allogene-therapeutics-inc\NASDAQ_ALLO_2018.pdf,allogene-therapeutics-inc,"Allogene Therapeutics, Inc.",False,
../downolad_files/data/nasdaq_annual_reports\allogene-therapeutics-inc\NASDAQ_ALLO_2019.pdf,allogene-therapeutics-inc,"Allogene Therapeutics, Inc.",False,
../downolad_files/data/nasdaq_annual_reports\allogene-therapeutics-inc\NASDAQ_ALLO_2020.pdf,allogene-therapeutics-inc,"Allogene Therapeutics, Inc.",False,
../downolad_files/data/nasdaq_annual_reports\allot-ltd\NASDAQ_ALLT_2018.pdf,allot-ltd,ALLOT LTD,False,
../downolad_files/data/nasdaq_annual_reports\allogene-therapeutics-inc\NASDAQ_ALLO_2021.pdf,allogene-therapeutics-inc,"Allogene Therapeutics, Inc.",False,
../downolad_files/data/nasdaq_annual_reports\allot-ltd\NASDAQ_ALLT_2017.pdf,allot-ltd,ALLOT COMMUNICATIONS LTD.,False,
../downolad_files/data/nasdaq_annual_reports\allot-ltd\NASDAQ_ALLT_2019.pdf,allot-ltd,ALLOT LTD,False,
../downolad_files/data/nasdaq_annual_reports\allot-ltd\NASDAQ_ALLT_2020.pdf,allot-ltd,ALLOT LTD,False,
../downolad_files/data/nasdaq_annual_reports\allot-ltd\NASDAQ_ALLT_2021.pdf,allot-ltd,ALLOT LTD,False,
../downolad_files/data/nasdaq_annual_reports\allscripts-healthcare-solutions-inc\NASDAQ_MDRX_2018.pdf,allscripts-healthcare-solutions-inc,"ALLSCRIPTS HEALTHCARE SOLUTIONS, INC.",False,
../downolad_files/data/nasdaq_annual_reports\allscripts-healthcare-solutions-inc\NASDAQ_MDRX_2019.pdf,allscripts-healthcare-solutions-inc,"ALLSCRIPTS HEALTHCARE SOLUTIONS, INC.",False,
../downolad_files/data/nasdaq_annual_reports\allscripts-healthcare-solutions-inc\NASDAQ_MDRX_2021.pdf,allscripts-healthcare-solutions-inc,"ALLSCRIPTS HEALTHCARE SOLUTIONS, INC.",False,
../downolad_files/data/nasdaq_annual_reports\alpha-omega-semicon\NASDAQ_AOSL_2017.pdf,alpha-omega-semicon,Alpha and Omega Semiconductor Limited,False,
../downolad_files/data/nasdaq_annual_reports\alpha-omega-semicon\NASDAQ_AOSL_2018.pdf,alpha-omega-semicon,Alpha and Omega Semiconductor Limited,False,
../downolad_files/data/nasdaq_annual_reports\alpha-omega-semicon\NASDAQ_AOSL_2019.pdf,alpha-omega-semicon,Alpha and Omega Semiconductor Limited,False,
../downolad_files/data/nasdaq_annual_reports\allscripts-healthcare-solutions-inc\NASDAQ_MDRX_2020.pdf,allscripts-healthcare-solutions-inc,"ALLSCRIPTS HEALTHCARE SOLUTIONS, INC.",False,
../downolad_files/data/nasdaq_annual_reports\alpha-omega-semicon\NASDAQ_AOSL_2020.pdf,alpha-omega-semicon,Alpha and Omega Semiconductor Limited,False,
../downolad_files/data/nasdaq_annual_reports\alpha-omega-semicon\NASDAQ_AOSL_2021.pdf,alpha-omega-semicon,Alpha and Omega Semiconductor Limited,False,
../downolad_files/data/nasdaq_annual_reports\alphatec-holdings-inc\NASDAQ_ATEC_2017.PDF,alphatec-holdings-inc,"ALPHATEC HOLDINGS, INC.",False,
../downolad_files/data/nasdaq_annual_reports\alphatec-holdings-inc\NASDAQ_ATEC_2018.pdf,alphatec-holdings-inc,"ALPHATEC HOLDINGS, INC.",False,
../downolad_files/data/nasdaq_annual_reports\alphatec-holdings-inc\NASDAQ_ATEC_2020.pdf,alphatec-holdings-inc,"ALPHATEC HOLDINGS, INC.",False,
../downolad_files/data/nasdaq_annual_reports\alphatec-holdings-inc\NASDAQ_ATEC_2021.pdf,alphatec-holdings-inc,"ALPHATEC HOLDINGS, INC.",False,
../downolad_files/data/nasdaq_annual_reports\alphatec-holdings-inc\NASDAQ_ATEC_2019.pdf,alphatec-holdings-inc,,,
../downolad_files/data/nasdaq_annual_reports\alpine-immune-sciences-inc\NASDAQ_ALPN_2017.pdf,alpine-immune-sciences-inc,"ALPINE IMMUNE SCIENCES, INC.",False,
../downolad_files/data/nasdaq_annual_reports\alpine-immune-sciences-inc\NASDAQ_ALPN_2018.pdf,alpine-immune-sciences-inc,"ALPINE IMMUNE SCIENCES, INC.",False,
../downolad_files/data/nasdaq_annual_reports\alpine-immune-sciences-inc\NASDAQ_ALPN_2019.pdf,alpine-immune-sciences-inc,"ALPINE IMMUNE SCIENCES, INC.",False,
../downolad_files/data/nasdaq_annual_reports\alpine-immune-sciences-inc\NASDAQ_ALPN_2021.pdf,alpine-immune-sciences-inc,"ALPINE IMMUNE SCIENCES, INC.",False,
../downolad_files/data/nasdaq_annual_reports\alpine-immune-sciences-inc\NASDAQ_ALPN_2020.pdf,alpine-immune-sciences-inc,"ALPINE IMMUNE SCIENCES, INC.",False,
../downolad_files/data/nasdaq_annual_reports\altair-engineering-nc\NASDAQ_ALTR_2018.pdf,altair-engineering-nc,ALTAIR ENGINEERING INC.,False,
../downolad_files/data/nasdaq_annual_reports\altair-engineering-nc\NASDAQ_ALTR_2017.pdf,altair-engineering-nc,ALTAIR ENGINEERING INC.,False,
../downolad_files/data/nasdaq_annual_reports\altair-engineering-nc\NASDAQ_ALTR_2020.pdf,altair-engineering-nc,ALTAIR ENGINEERING INC.,False,
../downolad_files/data/nasdaq_annual_reports\altair-engineering-nc\NASDAQ_ALTR_2019.pdf,altair-engineering-nc,ALTAIR ENGINEERING INC.,False,
../downolad_files/data/nasdaq_annual_reports\alterity-therapeutics-limited\NASDAQ_ATHE_2019.pdf,alterity-therapeutics-limited,,,
../downolad_files/data/nasdaq_annual_reports\alterity-therapeutics-limited\NASDAQ_ATHE_2020.pdf,alterity-therapeutics-limited,,,
../downolad_files/data/nasdaq_annual_reports\alterity-therapeutics-limited\NASDAQ_ATHE_2021.pdf,alterity-therapeutics-limited,,,
../downolad_files/data/nasdaq_annual_reports\alterity-therapeutics-limited\NASDAQ_ATHE_2022.pdf,alterity-therapeutics-limited,,,
../downolad_files/data/nasdaq_annual_reports\altair-engineering-nc\NASDAQ_ALTR_2021.pdf,altair-engineering-nc,ALTAIR ENGINEERING INC.,False,
../downolad_files/data/nasdaq_annual_reports\altimmune-inc\NASDAQ_ALT_2017.pdf,altimmune-inc,"ALTIMMUNE, INC.",False,
../downolad_files/data/nasdaq_annual_reports\altimmune-inc\NASDAQ_ALT_2020.pdf,altimmune-inc,"ALTIMMUNE, INC.",False,
../downolad_files/data/nasdaq_annual_reports\altimmune-inc\NASDAQ_ALT_2018.pdf,altimmune-inc,"ALTIMMUNE, INC.",False,
../downolad_files/data/nasdaq_annual_reports\altimmune-inc\NASDAQ_ALT_2019.pdf,altimmune-inc,"ALTIMMUNE, INC.",False,
../downolad_files/data/nasdaq_annual_reports\altisource-portfolio-solutions-sa\NASDAQ_ASPS_2020.pdf,altisource-portfolio-solutions-sa,ALTISOURCE PORTFOLIO SOLUTIONS S.A.,False,
../downolad_files/data/nasdaq_annual_reports\altisource-portfolio-solutions-sa\NASDAQ_ASPS_2019.pdf,altisource-portfolio-solutions-sa,ALTISOURCE PORTFOLIO SOLUTIONS S.A.,False,
../downolad_files/data/nasdaq_annual_reports\altisource-portfolio-solutions-sa\NASDAQ_ASPS_2021.pdf,altisource-portfolio-solutions-sa,ALTISOURCE PORTFOLIO SOLUTIONS S.A.,False,
../downolad_files/data/nasdaq_annual_reports\altimmune-inc\NASDAQ_ALT_2021.pdf,altimmune-inc,"ALTIMMUNE, INC.",False,
../downolad_files/data/nasdaq_annual_reports\altisource-portfolio-solutions-sa\NASDAQ_ASPS_2022.pdf,altisource-portfolio-solutions-sa,ALTISOURCE PORTFOLIO SOLUTIONS S.A.,False,
../downolad_files/data/nasdaq_annual_reports\altra-holdings-inc\NASDAQ_AIMC_2018.pdf,altra-holdings-inc,ALTRA INDUSTRIAL MOTION CORP.,False,
../downolad_files/data/nasdaq_annual_reports\altra-holdings-inc\NASDAQ_AIMC_2019.pdf,altra-holdings-inc,ALTRA INDUSTRIAL MOTION CORP.,False,
../downolad_files/data/nasdaq_annual_reports\altra-holdings-inc\NASDAQ_AIMC_2020.pdf,altra-holdings-inc,ALTRA INDUSTRIAL MOTION CORP.,False,
../downolad_files/data/nasdaq_annual_reports\altra-holdings-inc\NASDAQ_AIMC_2021.pdf,altra-holdings-inc,ALTRA INDUSTRIAL MOTION CORP.,False,
../downolad_files/data/nasdaq_annual_reports\altus-midstream-company\NASDAQ_ALTM_2017.pdf,altus-midstream-company,KAYNE ANDERSON ACQUISITION CORP.,True,
../downolad_files/data/nasdaq_annual_reports\altus-midstream-company\NASDAQ_ALTM_2018.pdf,altus-midstream-company,Altus Midstream Company,False,
../downolad_files/data/nasdaq_annual_reports\altus-midstream-company\NASDAQ_ALTM_2019.pdf,altus-midstream-company,Altus Midstream Company,False,
../downolad_files/data/nasdaq_annual_reports\amag-pharmaceuticals-inc\NASDAQ_AMAG_2016.pdf,amag-pharmaceuticals-inc,"AMAG Pharmaceuticals, Inc.",False,
../downolad_files/data/nasdaq_annual_reports\amag-pharmaceuticals-inc\NASDAQ_AMAG_2018.pdf,amag-pharmaceuticals-inc,"AMAG PHARMACEUTICALS, INC.",False,
../downolad_files/data/nasdaq_annual_reports\amag-pharmaceuticals-inc\NASDAQ_AMAG_2017.pdf,amag-pharmaceuticals-inc,"AMAG Pharmaceuticals, Inc.",False,
../downolad_files/data/nasdaq_annual_reports\amalgamated-bank\NASDAQ_AMAL_2019.pdf,amalgamated-bank,FDIC Certificate Number: 622,True,
../downolad_files/data/nasdaq_annual_reports\amag-pharmaceuticals-inc\NASDAQ_AMAG_2019.pdf,amag-pharmaceuticals-inc,"AMAG PHARMACEUTICALS, INC.",False,
../downolad_files/data/nasdaq_annual_reports\amalgamated-bank\NASDAQ_AMAL_2022.pdf,amalgamated-bank,Amalgamated Financial Corp.,False,
../downolad_files/data/nasdaq_annual_reports\amalgamated-bank\NASDAQ_AMAL_2021.pdf,amalgamated-bank,Amalgamated Financial Corp.,False,
../downolad_files/data/nasdaq_annual_reports\amalgamated-bank\NASDAQ_AMAL_2020.pdf,amalgamated-bank,Amalgamated Financial Corp.,False,
../downolad_files/data/nasdaq_annual_reports\amarin-corporation-plc\NASDAQ_AMRN_2017.pdf,amarin-corporation-plc,Amarin Corporation plc,False,
../downolad_files/data/nasdaq_annual_reports\amarin-corporation-plc\NASDAQ_AMRN_2020.pdf,amarin-corporation-plc,Amarin Corporation plc,False,
../downolad_files/data/nasdaq_annual_reports\amarin-corporation-plc\NASDAQ_AMRN_2018.pdf,amarin-corporation-plc,Amarin Corporation plc,False,
../downolad_files/data/nasdaq_annual_reports\amarin-corporation-plc\NASDAQ_AMRN_2019.pdf,amarin-corporation-plc,Amarin Corporation plc,False,
../downolad_files/data/nasdaq_annual_reports\amazoncom-inc\NASDAQ_AMZN_2017.PDF,amazoncom-inc,"AMAZON.COM, INC.",False,
../downolad_files/data/nasdaq_annual_reports\amazoncom-inc\NASDAQ_AMZN_2018.pdf,amazoncom-inc,"AMAZON.COM, INC.",False,
../downolad_files/data/nasdaq_annual_reports\amazoncom-inc\NASDAQ_AMZN_2019.pdf,amazoncom-inc,,,
../downolad_files/data/nasdaq_annual_reports\amazoncom-inc\NASDAQ_AMZN_2020.pdf,amazoncom-inc,,,
../downolad_files/data/nasdaq_annual_reports\amazoncom-inc\NASDAQ_AMZN_2021.pdf,amazoncom-inc,"AMAZON.COM, INC.",False,
../downolad_files/data/nasdaq_annual_reports\ambac-financial-group-inc-1\NASDAQ_AMBC_2019.pdf,ambac-financial-group-inc-1,AMBAC FINANCIAL GROUP INC,False,
../downolad_files/data/nasdaq_annual_reports\amarin-corporation-plc\NASDAQ_AMRN_2021.pdf,amarin-corporation-plc,Amarin Corporation plc,False,
../downolad_files/data/nasdaq_annual_reports\ambac-financial-group-inc-1\NASDAQ_AMBC_2020.pdf,ambac-financial-group-inc-1,"AMBAC FINANCIAL GROUP, INC.",False,
../downolad_files/data/nasdaq_annual_reports\ambac-financial-group-inc-1\NASDAQ_AMBC_2021.pdf,ambac-financial-group-inc-1,"AMBAC FINANCIAL GROUP, INC.",False,
../downolad_files/data/nasdaq_annual_reports\ambac-financial-group-inc-1\NASDAQ_AMBC_2022.pdf,ambac-financial-group-inc-1,,,
../downolad_files/data/nasdaq_annual_reports\ambarella-inc\NASDAQ_AMBA_2019.pdf,ambarella-inc,"AMBARELLA, INC.",False,
../downolad_files/data/nasdaq_annual_reports\ambarella-inc\NASDAQ_AMBA_2020.pdf,ambarella-inc,"AMBARELLA, INC.",False,
../downolad_files/data/nasdaq_annual_reports\ambarella-inc\NASDAQ_AMBA_2021.pdf,ambarella-inc,"AMBARELLA, INC.",False,
../downolad_files/data/nasdaq_annual_reports\ambarella-inc\NASDAQ_AMBA_2022.pdf,ambarella-inc,"AMBARELLA, INC.",False,
../downolad_files/data/nasdaq_annual_reports\amc-networks\NASDAQ_AMCX_2019.pdf,amc-networks,AMC Networks Inc.,False,
../downolad_files/data/nasdaq_annual_reports\amc-networks\NASDAQ_AMCX_2020.pdf,amc-networks,AMC Networks Inc.,False,
../downolad_files/data/nasdaq_annual_reports\amc-networks\NASDAQ_AMCX_2021.pdf,amc-networks,AMC Networks Inc.,False,
../downolad_files/data/nasdaq_annual_reports\amc-networks\NASDAQ_AMCX_2022.pdf,amc-networks,AMC Networks Inc.,False,
../downolad_files/data/nasdaq_annual_reports\amedisys-inc\NASDAQ_AMED_2019.pdf,amedisys-inc,"AMEDISYS, INC.",False,
../downolad_files/data/nasdaq_annual_reports\amedisys-inc\NASDAQ_AMED_2018.pdf,amedisys-inc,"AMEDISYS, INC.",False,
../downolad_files/data/nasdaq_annual_reports\amedisys-inc\NASDAQ_AMED_2020.pdf,amedisys-inc,,,
../downolad_files/data/nasdaq_annual_reports\amedisys-inc\NASDAQ_AMED_2021.pdf,amedisys-inc,,,
../downolad_files/data/nasdaq_annual_reports\amerant-bancorp-inc\NASDAQ_AMTBB_2020.pdf,amerant-bancorp-inc,Amerant Bancorp Inc.,False,
../downolad_files/data/nasdaq_annual_reports\amerant-bancorp-inc\NASDAQ_AMTBB_2019.pdf,amerant-bancorp-inc,Amerant Bancorp Inc.,False,
../downolad_files/data/nasdaq_annual_reports\amerco\NASDAQ_UHAL_2018.pdf,amerco,,,
../downolad_files/data/nasdaq_annual_reports\amerco\NASDAQ_UHAL_2019.PDF,amerco,,,
../downolad_files/data/nasdaq_annual_reports\amerco\NASDAQ_UHAL_2020.pdf,amerco,,,
../downolad_files/data/nasdaq_annual_reports\amerco\NASDAQ_UHAL_2021.pdf,amerco,,,
../downolad_files/data/nasdaq_annual_reports\amerant-bancorp-inc\NASDAQ_AMTBB_2021.pdf,amerant-bancorp-inc,,,
../downolad_files/data/nasdaq_annual_reports\ameri-holdings-inc\NASDAQ_AMRH_2016.pdf,ameri-holdings-inc,"AMERI Holdings, Inc.",False,
../downolad_files/data/nasdaq_annual_reports\american-airlines-group\NASDAQ_AAL_2019.pdf,american-airlines-group,American Airlines Group Inc.,False,
../downolad_files/data/nasdaq_annual_reports\american-airlines-group\NASDAQ_AAL_2020.pdf,american-airlines-group,American Airlines Group Inc.,False,
../downolad_files/data/nasdaq_annual_reports\ameri-holdings-inc\NASDAQ_AMRH_2017.pdf,ameri-holdings-inc,"AMERI Holdings, Inc.",False,
../downolad_files/data/nasdaq_annual_reports\american-airlines-group\NASDAQ_AAL_2021.pdf,american-airlines-group,American Airlines Group Inc.,False,
../downolad_files/data/nasdaq_annual_reports\american-airlines-group\NASDAQ_AAL_2022.pdf,american-airlines-group,American Airlines Group Inc.,False,
../downolad_files/data/nasdaq_annual_reports\ameri-holdings-inc\NASDAQ_AMRH_2018.pdf,ameri-holdings-inc,"AMERI Holdings, Inc.",False,
../downolad_files/data/nasdaq_annual_reports\american-national-bankshares-inc\NASDAQ_AMNB_2020.pdf,american-national-bankshares-inc,,,
../downolad_files/data/nasdaq_annual_reports\american-national-bankshares-inc\NASDAQ_AMNB_2021.pdf,american-national-bankshares-inc,,,
../downolad_files/data/nasdaq_annual_reports\american-national-bankshares-inc\NASDAQ_AMNB_2022.pdf,american-national-bankshares-inc,,,
../downolad_files/data/nasdaq_annual_reports\american-national-insurance-co\NASDAQ_ANAT_2019.pdf,american-national-insurance-co,,,
../downolad_files/data/nasdaq_annual_reports\american-national-insurance-co\NASDAQ_ANAT_2018.pdf,american-national-insurance-co,,,
../downolad_files/data/nasdaq_annual_reports\american-national-insurance-co\NASDAQ_ANAT_2020.pdf,american-national-insurance-co,"American National Group, Inc.",False,
../downolad_files/data/nasdaq_annual_reports\american-public-education\NASDAQ_APEI_2017.pdf,american-public-education,"American Public Education, Inc.",False,
../downolad_files/data/nasdaq_annual_reports\american-national-insurance-co\NASDAQ_ANAT_2021.pdf,american-national-insurance-co,"American National Group, Inc.",False,
../downolad_files/data/nasdaq_annual_reports\american-national-bankshares-inc\NASDAQ_AMNB_2019.pdf,american-national-bankshares-inc,,,
../downolad_files/data/nasdaq_annual_reports\american-public-education\NASDAQ_APEI_2018.pdf,american-public-education,"American Public Education, Inc.",False,
../downolad_files/data/nasdaq_annual_reports\american-public-education\NASDAQ_APEI_2019.pdf,american-public-education,"American Public Education, Inc.",False,
../downolad_files/data/nasdaq_annual_reports\american-public-education\NASDAQ_APEI_2020.pdf,american-public-education,"American Public Education, Inc.",False,
../downolad_files/data/nasdaq_annual_reports\american-public-education\NASDAQ_APEI_2021.pdf,american-public-education,"American Public Education, Inc.",False,
../downolad_files/data/nasdaq_annual_reports\american-resources-corporation\NASDAQ_AREC_2017.pdf,american-resources-corporation,AMERICAN RESOURCES CORPORATION,False,
../downolad_files/data/nasdaq_annual_reports\american-resources-corporation\NASDAQ_AREC_2019.pdf,american-resources-corporation,AMERICAN RESOURCES CORPORATION,False,
../downolad_files/data/nasdaq_annual_reports\american-resources-corporation\NASDAQ_AREC_2018.pdf,american-resources-corporation,AMERICAN RESOURCES CORPORATION,False,
../downolad_files/data/nasdaq_annual_reports\american-river-bankshares\NASDAQ_AMRB_2016.pdf,american-river-bankshares,,,
../downolad_files/data/nasdaq_annual_reports\american-river-bankshares\NASDAQ_AMRB_2017.pdf,american-river-bankshares,,,
../downolad_files/data/nasdaq_annual_reports\american-river-bankshares\NASDAQ_AMRB_2018.pdf,american-river-bankshares,,,
../downolad_files/data/nasdaq_annual_reports\american-resources-corporation\NASDAQ_AREC_2020.pdf,american-resources-corporation,AMERICAN RESOURCES CORPORATION,False,
../downolad_files/data/nasdaq_annual_reports\american-resources-corporation\NASDAQ_AREC_2021.pdf,american-resources-corporation,AMERICAN RESOURCES CORPORATION,False,
../downolad_files/data/nasdaq_annual_reports\american-river-bankshares\NASDAQ_AMRB_2019.pdf,american-river-bankshares,,,
../downolad_files/data/nasdaq_annual_reports\american-software-inc\NASDAQ_AMSWA_2019.pdf,american-software-inc,"AMERICAN SOFTWARE, INC.",False,
../downolad_files/data/nasdaq_annual_reports\american-software-inc\NASDAQ_AMSWA_2020.pdf,american-software-inc,"AMERICAN SOFTWARE, INC.",False,
../downolad_files/data/nasdaq_annual_reports\american-software-inc\NASDAQ_AMSWA_2022.pdf,american-software-inc,"AMERICAN SOFTWARE, INC.",False,
../downolad_files/data/nasdaq_annual_reports\american-software-inc\NASDAQ_AMSWA_2021.pdf,american-software-inc,"AMERICAN SOFTWARE, INC.",False,
../downolad_files/data/nasdaq_annual_reports\american-superconductor-corporation\NASDAQ_AMSC_2019.pdf,american-superconductor-corporation,American Superconductor Corporation,False,
../downolad_files/data/nasdaq_annual_reports\american-superconductor-corporation\NASDAQ_AMSC_2020.pdf,american-superconductor-corporation,American Superconductor Corporation,False,
../downolad_files/data/nasdaq_annual_reports\american-superconductor-corporation\NASDAQ_AMSC_2021.pdf,american-superconductor-corporation,American Superconductor Corporation,False,
../downolad_files/data/nasdaq_annual_reports\american-woodmark-corp\NASDAQ_AMWD_2019.pdf,american-woodmark-corp,American Woodmark Corporation,False,
../downolad_files/data/nasdaq_annual_reports\american-superconductor-corporation\NASDAQ_AMSC_2022.pdf,american-superconductor-corporation,American Superconductor Corporation,False,
../downolad_files/data/nasdaq_annual_reports\american-woodmark-corp\NASDAQ_AMWD_2020.pdf,american-woodmark-corp,,,
../downolad_files/data/nasdaq_annual_reports\american-virtual-cloud-technologies-inc\NASDAQ_AVCT_2020.pdf,american-virtual-cloud-technologies-inc,,,
../downolad_files/data/nasdaq_annual_reports\american-woodmark-corp\NASDAQ_AMWD_2021.pdf,american-woodmark-corp,American Woodmark Corporation,False,
../downolad_files/data/nasdaq_annual_reports\americas-car-mart-inc\NASDAQ_CRMT_2020.pdf,americas-car-mart-inc,"AMERICA’S CAR-MART, INC.",False,
../downolad_files/data/nasdaq_annual_reports\american-woodmark-corp\NASDAQ_AMWD_2022.pdf,american-woodmark-corp,,,
../downolad_files/data/nasdaq_annual_reports\american-virtual-cloud-technologies-inc\NASDAQ_AVCT_2021.pdf,american-virtual-cloud-technologies-inc,,,
../downolad_files/data/nasdaq_annual_reports\americas-car-mart-inc\NASDAQ_CRMT_2019.pdf,americas-car-mart-inc,"AMERICA’S CAR-MART, INC.",False,
../downolad_files/data/nasdaq_annual_reports\americas-car-mart-inc\NASDAQ_CRMT_2022.pdf,americas-car-mart-inc,"AMERICA’S CAR-MART, INC.",False,
../downolad_files/data/nasdaq_annual_reports\ameris-bancorp\NASDAQ_ABCB_2020.pdf,ameris-bancorp,AMERIS BANCORP,False,
../downolad_files/data/nasdaq_annual_reports\ameris-bancorp\NASDAQ_ABCB_2019.pdf,ameris-bancorp,AMERIS BANCORP,False,
../downolad_files/data/nasdaq_annual_reports\americas-car-mart-inc\NASDAQ_CRMT_2021.pdf,americas-car-mart-inc,"AMERICA’S CAR-MART, INC.",False,
../downolad_files/data/nasdaq_annual_reports\ameris-bancorp\NASDAQ_ABCB_2022.pdf,ameris-bancorp,AMERIS BANCORP,False,
../downolad_files/data/nasdaq_annual_reports\amerisafe-inc\NASDAQ_AMSF_2019.pdf,amerisafe-inc,"AMERISAFE, INC.",False,
../downolad_files/data/nasdaq_annual_reports\ameris-bancorp\NASDAQ_ABCB_2021.pdf,ameris-bancorp,,,
../downolad_files/data/nasdaq_annual_reports\amerisafe-inc\NASDAQ_AMSF_2020.pdf,amerisafe-inc,"AMERISAFE, INC.",False,
../downolad_files/data/nasdaq_annual_reports\amerisafe-inc\NASDAQ_AMSF_2021.pdf,amerisafe-inc,"AMERISAFE, INC.",False,
../downolad_files/data/nasdaq_annual_reports\ames-national-corporation\NASDAQ_ATLO_2019.pdf,ames-national-corporation,,,
../downolad_files/data/nasdaq_annual_reports\ames-national-corporation\NASDAQ_ATLO_2020.pdf,ames-national-corporation,,,
../downolad_files/data/nasdaq_annual_reports\ames-national-corporation\NASDAQ_ATLO_2021.pdf,ames-national-corporation,,,
../downolad_files/data/nasdaq_annual_reports\ames-national-corporation\NASDAQ_ATLO_2022.pdf,ames-national-corporation,,,
../downolad_files/data/nasdaq_annual_reports\amgen-inc\NASDAQ_AMGN_2019.pdf,amgen-inc,Amgen Inc.,False,
../downolad_files/data/nasdaq_annual_reports\amgen-inc\NASDAQ_AMGN_2021.pdf,amgen-inc,Amgen Inc.,False,
../downolad_files/data/nasdaq_annual_reports\amgen-inc\NASDAQ_AMGN_2020.pdf,amgen-inc,Amgen Inc.,False,
../downolad_files/data/nasdaq_annual_reports\amerisafe-inc\NASDAQ_AMSF_2022.pdf,amerisafe-inc,"AMERISAFE, INC.",False,
../downolad_files/data/nasdaq_annual_reports\amgen-inc\NASDAQ_AMGN_2022.pdf,amgen-inc,Amgen Inc.,False,
../downolad_files/data/nasdaq_annual_reports\amicus-therapeutics-inc\NASDAQ_FOLD_2020.pdf,amicus-therapeutics-inc,"Amicus Therapeutics, Inc.",False,
../downolad_files/data/nasdaq_annual_reports\amicus-therapeutics-inc\NASDAQ_FOLD_2021.pdf,amicus-therapeutics-inc,"Amicus Therapeutics, Inc.",False,
../downolad_files/data/nasdaq_annual_reports\amicus-therapeutics-inc\NASDAQ_FOLD_2022.pdf,amicus-therapeutics-inc,"Amicus Therapeutics, Inc.",False,
../downolad_files/data/nasdaq_annual_reports\amicus-therapeutics-inc\NASDAQ_FOLD_2019.pdf,amicus-therapeutics-inc,"Amicus Therapeutics, Inc.",False,
../downolad_files/data/nasdaq_annual_reports\amkor-technology-inc\NASDAQ_AMKR_2020.pdf,amkor-technology-inc,"Amkor Technology, Inc.",False,
../downolad_files/data/nasdaq_annual_reports\amkor-technology-inc\NASDAQ_AMKR_2018.pdf,amkor-technology-inc,"Amkor Technology, Inc.",False,
../downolad_files/data/nasdaq_annual_reports\amkor-technology-inc\NASDAQ_AMKR_2019.pdf,amkor-technology-inc,"Amkor Technology, Inc.",False,
../downolad_files/data/nasdaq_annual_reports\amkor-technology-inc\NASDAQ_AMKR_2021.pdf,amkor-technology-inc,"Amkor Technology, Inc.",False,
../downolad_files/data/nasdaq_annual_reports\amphastar-pharmaceuticals-inc\NASDAQ_AMPH_2018.pdf,amphastar-pharmaceuticals-inc,"AMPHASTAR PHARMACEUTICALS, INC.",False,
../downolad_files/data/nasdaq_annual_reports\amphastar-pharmaceuticals-inc\NASDAQ_AMPH_2019.pdf,amphastar-pharmaceuticals-inc,"AMPHASTAR PHARMACEUTICALS, INC.",False,
../downolad_files/data/nasdaq_annual_reports\amphastar-pharmaceuticals-inc\NASDAQ_AMPH_2020.pdf,amphastar-pharmaceuticals-inc,"AMPHASTAR PHARMACEUTICALS, INC.",False,
../downolad_files/data/nasdaq_annual_reports\amphastar-pharmaceuticals-inc\NASDAQ_AMPH_2021.pdf,amphastar-pharmaceuticals-inc,"AMPHASTAR PHARMACEUTICALS, INC.",False,
../downolad_files/data/nasdaq_annual_reports\amtech-systems\NASDAQ_ASYS_2016.pdf,amtech-systems,,,
../downolad_files/data/nasdaq_annual_reports\amtech-systems\NASDAQ_ASYS_2018.pdf,amtech-systems,"AMTECH SYSTEMS, INC.",False,
../downolad_files/data/nasdaq_annual_reports\amtech-systems\NASDAQ_ASYS_2017.pdf,amtech-systems,"AMTECH SYSTEMS, INC.",False,
../downolad_files/data/nasdaq_annual_reports\amtech-systems\NASDAQ_ASYS_2019.pdf,amtech-systems,"AMTECH SYSTEMS, INC.",False,
../downolad_files/data/nasdaq_annual_reports\amyris\NASDAQ_AMRS_2017.pdf,amyris,,,
../downolad_files/data/nasdaq_annual_reports\amyris\NASDAQ_AMRS_2016.pdf,amyris,,,
../downolad_files/data/nasdaq_annual_reports\amyris\NASDAQ_AMRS_2018.pdf,amyris,,,
../downolad_files/data/nasdaq_annual_reports\amyris\NASDAQ_AMRS_2019.pdf,amyris,,,
../downolad_files/data/nasdaq_annual_reports\amyris\NASDAQ_AMRS_2020.pdf,amyris,,,
../downolad_files/data/nasdaq_annual_reports\amtech-systems\NASDAQ_ASYS_2020.pdf,amtech-systems,"AMTECH SYSTEMS, INC.",False,
../downolad_files/data/nasdaq_annual_reports\analog-devices-inc\NASDAQ_ADI_2020.pdf,analog-devices-inc,"Analog Devices, Inc.",False,
../downolad_files/data/nasdaq_annual_reports\analog-devices-inc\NASDAQ_ADI_2021.pdf,analog-devices-inc,"Analog Devices, Inc.",False,
../downolad_files/data/nasdaq_annual_reports\analog-devices-inc\NASDAQ_ADI_2018.pdf,analog-devices-inc,,,
../downolad_files/data/nasdaq_annual_reports\analog-devices-inc\NASDAQ_ADI_2019.pdf,analog-devices-inc,"Analog Devices, Inc.",False,
../downolad_files/data/nasdaq_annual_reports\anaptysbio-inc\NASDAQ_ANAB_2016.pdf,anaptysbio-inc,"ANAPTYSBIO, INC.",False,
../downolad_files/data/nasdaq_annual_reports\anaptysbio-inc\NASDAQ_ANAB_2017.pdf,anaptysbio-inc,"ANAPTYSBIO, INC.",False,
../downolad_files/data/nasdaq_annual_reports\anaptysbio-inc\NASDAQ_ANAB_2018.pdf,anaptysbio-inc,"ANAPTYSBIO, INC.",False,
../downolad_files/data/nasdaq_annual_reports\andersons-inc\NASDAQ_ANDE_2018.pdf,andersons-inc,,,
../downolad_files/data/nasdaq_annual_reports\anavex-life-sciences-corp\NASDAQ_AVXL_2020.pdf,anavex-life-sciences-corp,,,
../downolad_files/data/nasdaq_annual_reports\anaptysbio-inc\NASDAQ_ANAB_2019.pdf,anaptysbio-inc,"ANAPTYSBIO, INC.",False,
../downolad_files/data/nasdaq_annual_reports\anaptysbio-inc\NASDAQ_ANAB_2020.pdf,anaptysbio-inc,"ANAPTYSBIO, INC.",False,
../downolad_files/data/nasdaq_annual_reports\andersons-inc\NASDAQ_ANDE_2020.pdf,andersons-inc,,,
../downolad_files/data/nasdaq_annual_reports\andersons-inc\NASDAQ_ANDE_2021.pdf,andersons-inc,,,
../downolad_files/data/nasdaq_annual_reports\andersons-inc\NASDAQ_ANDE_2019.pdf,andersons-inc,,,
../downolad_files/data/nasdaq_annual_reports\angi-homeservices-inc\NASDAQ_ANGI_2017.pdf,angi-homeservices-inc,ANGI HOMESERVICES INC.,False,
../downolad_files/data/nasdaq_annual_reports\angi-homeservices-inc\NASDAQ_ANGI_2018.pdf,angi-homeservices-inc,ANGI HOMESERVICES INC.,False,
../downolad_files/data/nasdaq_annual_reports\angi-homeservices-inc\NASDAQ_ANGI_2019.pdf,angi-homeservices-inc,ANGI HOMESERVICES INC.,False,
../downolad_files/data/nasdaq_annual_reports\angiodynamics-inc\NASDAQ_ANGO_2017.pdf,angiodynamics-inc,"AngioDynamics, Inc.",False,
../downolad_files/data/nasdaq_annual_reports\angiodynamics-inc\NASDAQ_ANGO_2018.pdf,angiodynamics-inc,"AngioDynamics, Inc.",False,
../downolad_files/data/nasdaq_annual_reports\ani-pharmaceuticals-inc\NASDAQ_ANIP_2019.pdf,ani-pharmaceuticals-inc,"ANI PHARMACEUTICALS, INC.",False,
../downolad_files/data/nasdaq_annual_reports\ani-pharmaceuticals-inc\NASDAQ_ANIP_2020.pdf,ani-pharmaceuticals-inc,"ANI PHARMACEUTICALS, INC.",False,
../downolad_files/data/nasdaq_annual_reports\angiodynamics-inc\NASDAQ_ANGO_2019.pdf,angiodynamics-inc,"AngioDynamics, Inc.",False,
../downolad_files/data/nasdaq_annual_reports\ani-pharmaceuticals-inc\NASDAQ_ANIP_2021.pdf,ani-pharmaceuticals-inc,"ANI PHARMACEUTICALS, INC.",False,
../downolad_files/data/nasdaq_annual_reports\angiodynamics-inc\NASDAQ_ANGO_2020.pdf,angiodynamics-inc,"AngioDynamics, Inc.",False,
../downolad_files/data/nasdaq_annual_reports\anika-therapeutics-inc\NASDAQ_ANIK_2020.pdf,anika-therapeutics-inc,"Anika Therapeutics, Inc.",False,
../downolad_files/data/nasdaq_annual_reports\anika-therapeutics-inc\NASDAQ_ANIK_2019.pdf,anika-therapeutics-inc,"Anika Therapeutics, Inc.",False,
../downolad_files/data/nasdaq_annual_reports\ani-pharmaceuticals-inc\NASDAQ_ANIP_2022.pdf,ani-pharmaceuticals-inc,"ANI PHARMACEUTICALS, INC.",False,
../downolad_files/data/nasdaq_annual_reports\anika-therapeutics-inc\NASDAQ_ANIK_2022.pdf,anika-therapeutics-inc,"Anika Therapeutics, Inc.",False,
../downolad_files/data/nasdaq_annual_reports\anixa-biosciences-inc\NASDAQ_ANIX_2019.pdf,anixa-biosciences-inc,"ANIXA BIOSCIENCES, INC.",False,
../downolad_files/data/nasdaq_annual_reports\anixa-biosciences-inc\NASDAQ_ANIX_2021.pdf,anixa-biosciences-inc,"ANIXA BIOSCIENCES, INC.",False,
../downolad_files/data/nasdaq_annual_reports\anixa-biosciences-inc\NASDAQ_ANIX_2022.pdf,anixa-biosciences-inc,"ANIXA BIOSCIENCES, INC.",False,
../downolad_files/data/nasdaq_annual_reports\anixa-biosciences-inc\NASDAQ_ANIX_2020.pdf,anixa-biosciences-inc,"ANIXA BIOSCIENCES, INC.",False,
../downolad_files/data/nasdaq_annual_reports\anpac-bio-medical-science-co-ltd\NASDAQ_ANPC_2019.pdf,anpac-bio-medical-science-co-ltd,"AnPac Bio-Medical Science Co., Ltd.",False,
../downolad_files/data/nasdaq_annual_reports\ansys-inc\NASDAQ_ANSS_2019.pdf,ansys-inc,"ANSYS, Inc.",False,
../downolad_files/data/nasdaq_annual_reports\anpac-bio-medical-science-co-ltd\NASDAQ_ANPC_2020.pdf,anpac-bio-medical-science-co-ltd,"AnPac Bio-Medical Science Co., Ltd.",False,
../downolad_files/data/nasdaq_annual_reports\ansys-inc\NASDAQ_ANSS_2020.pdf,ansys-inc,"ANSYS, Inc.",False,
../downolad_files/data/nasdaq_annual_reports\anpac-bio-medical-science-co-ltd\NASDAQ_ANPC_2021.pdf,anpac-bio-medical-science-co-ltd,"AnPac Bio-Medical Science Co., Ltd.",False,
../downolad_files/data/nasdaq_annual_reports\ansys-inc\NASDAQ_ANSS_2021.pdf,ansys-inc,"ANSYS, Inc.",False,
../downolad_files/data/nasdaq_annual_reports\antares-pharma-inc\AMEX_ATRS_2012.pdf,antares-pharma-inc,"ANTARES PHARMA, INC.",False,
../downolad_files/data/nasdaq_annual_reports\antares-pharma-inc\AMEX_ATRS_2013.pdf,antares-pharma-inc,"ANTARES PHARMA, INC.",False,
../downolad_files/data/nasdaq_annual_reports\antares-pharma-inc\AMEX_ATRS_2014.pdf,antares-pharma-inc,"ANTARES PHARMA, INC.",False,
../downolad_files/data/nasdaq_annual_reports\ansys-inc\NASDAQ_ANSS_2022.pdf,ansys-inc,"ANSYS, Inc.",False,
../downolad_files/data/nasdaq_annual_reports\antares-pharma-inc\NASDAQ_ATRS_2015.pdf,antares-pharma-inc,"ANTARES PHARMA, INC.",False,
../downolad_files/data/nasdaq_annual_reports\anterix-inc\NASDAQ_ATEX_2021.pdf,anterix-inc,Anterix Inc.,False,
../downolad_files/data/nasdaq_annual_reports\anterix-inc\NASDAQ_ATEX_2020.pdf,anterix-inc,Anterix Inc.,False,
../downolad_files/data/nasdaq_annual_reports\anterix-inc\NASDAQ_ATEX_2022.pdf,anterix-inc,Anterix Inc.,False,
../downolad_files/data/nasdaq_annual_reports\apellis-pharmaceuticals-inc\NASDAQ_APLS_2019.pdf,apellis-pharmaceuticals-inc,"APELLIS PHARMACEUTICALS, INC.",False,
../downolad_files/data/nasdaq_annual_reports\apellis-pharmaceuticals-inc\NASDAQ_APLS_2020.pdf,apellis-pharmaceuticals-inc,"APELLIS PHARMACEUTICALS, INC.",False,
../downolad_files/data/nasdaq_annual_reports\apellis-pharmaceuticals-inc\NASDAQ_APLS_2021.pdf,apellis-pharmaceuticals-inc,"APELLIS PHARMACEUTICALS, INC.",False,
../downolad_files/data/nasdaq_annual_reports\apogee-enterprises-inc\NASDAQ_APOG_2019.pdf,apogee-enterprises-inc,"APOGEE ENTERPRISES, INC.",False,
../downolad_files/data/nasdaq_annual_reports\apellis-pharmaceuticals-inc\NASDAQ_APLS_2022.pdf,apellis-pharmaceuticals-inc,"APELLIS PHARMACEUTICALS, INC.",False,
../downolad_files/data/nasdaq_annual_reports\apogee-enterprises-inc\NASDAQ_APOG_2020.pdf,apogee-enterprises-inc,"APOGEE ENTERPRISES, INC.",False,
../downolad_files/data/nasdaq_annual_reports\apogee-enterprises-inc\NASDAQ_APOG_2021.pdf,apogee-enterprises-inc,"APOGEE ENTERPRISES, INC.",False,
../downolad_files/data/nasdaq_annual_reports\apogee-enterprises-inc\NASDAQ_APOG_2022.pdf,apogee-enterprises-inc,"APOGEE ENTERPRISES, INC.",False,
../downolad_files/data/nasdaq_annual_reports\apollo-endosurgery-inc\NASDAQ_APEN_2017.pdf,apollo-endosurgery-inc,"APOLLO ENDOSURGERY, INC.",False,
../downolad_files/data/nasdaq_annual_reports\apollo-endosurgery-inc\NASDAQ_APEN_2018.pdf,apollo-endosurgery-inc,"APOLLO ENDOSURGERY, INC.",False,
../downolad_files/data/nasdaq_annual_reports\apollo-endosurgery-inc\NASDAQ_APEN_2019.pdf,apollo-endosurgery-inc,"APOLLO ENDOSURGERY, INC.",False,
../downolad_files/data/nasdaq_annual_reports\apollo-investment-corporation\NASDAQ_AINV_2019.pdf,apollo-investment-corporation,APOLLO INVESTMENT CORPORATION,False,
../downolad_files/data/nasdaq_annual_reports\apollo-investment-corporation\NASDAQ_AINV_2020.pdf,apollo-investment-corporation,APOLLO INVESTMENT CORPORATION,False,
../downolad_files/data/nasdaq_annual_reports\apollo-endosurgery-inc\NASDAQ_APEN_2020.pdf,apollo-endosurgery-inc,"APOLLO ENDOSURGERY, INC.",False,
../downolad_files/data/nasdaq_annual_reports\apollo-endosurgery-inc\NASDAQ_APEN_2021.pdf,apollo-endosurgery-inc,"APOLLO ENDOSURGERY, INC.",False,
../downolad_files/data/nasdaq_annual_reports\apollo-investment-corporation\NASDAQ_AINV_2022.pdf,apollo-investment-corporation,APOLLO INVESTMENT CORPORATION,False,
../downolad_files/data/nasdaq_annual_reports\apollo-investment-corporation\NASDAQ_AINV_2021.pdf,apollo-investment-corporation,APOLLO INVESTMENT CORPORATION,False,
../downolad_files/data/nasdaq_annual_reports\apollo-medical-holdings-inc\NASDAQ_AMEH_2017.pdf,apollo-medical-holdings-inc,"Apollo Medical Holdings, Inc.",False,
../downolad_files/data/nasdaq_annual_reports\apollo-medical-holdings-inc\NASDAQ_AMEH_2019.pdf,apollo-medical-holdings-inc,"Apollo Medical Holdings, Inc.",False,
../downolad_files/data/nasdaq_annual_reports\apollo-medical-holdings-inc\NASDAQ_AMEH_2018.pdf,apollo-medical-holdings-inc,"Apollo Medical Holdings, Inc.",False,
../downolad_files/data/nasdaq_annual_reports\appfolio-inc\NASDAQ_APPF_2017.pdf,appfolio-inc,"AppFolio, Inc.",False,
../downolad_files/data/nasdaq_annual_reports\apollo-medical-holdings-inc\NASDAQ_AMEH_2020.pdf,apollo-medical-holdings-inc,"Apollo Medical Holdings, Inc.",False,
../downolad_files/data/nasdaq_annual_reports\apollo-medical-holdings-inc\NASDAQ_AMEH_2021.pdf,apollo-medical-holdings-inc,"Apollo Medical Holdings, Inc.",False,
../downolad_files/data/nasdaq_annual_reports\appfolio-inc\NASDAQ_APPF_2018.pdf,appfolio-inc,"AppFolio, Inc.",False,
../downolad_files/data/nasdaq_annual_reports\appfolio-inc\NASDAQ_APPF_2019.pdf,appfolio-inc,"AppFolio, Inc.",False,
../downolad_files/data/nasdaq_annual_reports\appfolio-inc\NASDAQ_APPF_2020.pdf,appfolio-inc,"AppFolio, Inc.",False,
../downolad_files/data/nasdaq_annual_reports\appfolio-inc\NASDAQ_APPF_2021.pdf,appfolio-inc,"AppFolio, Inc.",False,
../downolad_files/data/nasdaq_annual_reports\appian-corporation\NASDAQ_APPN_2019.pdf,appian-corporation,,,
../downolad_files/data/nasdaq_annual_reports\appian-corporation\NASDAQ_APPN_2021.pdf,appian-corporation,APPIAN CORPORATION,False,
../downolad_files/data/nasdaq_annual_reports\appian-corporation\NASDAQ_APPN_2020.pdf,appian-corporation,APPIAN CORPORATION,False,
../downolad_files/data/nasdaq_annual_reports\anika-therapeutics-inc\NASDAQ_ANIK_2021.pdf,anika-therapeutics-inc,,,
../downolad_files/data/nasdaq_annual_reports\appian-corporation\NASDAQ_APPN_2022.pdf,appian-corporation,,,
../downolad_files/data/nasdaq_annual_reports\apple-inc\NASDAQ_AAPL_2020.pdf,apple-inc,Apple Inc.,False,
../downolad_files/data/nasdaq_annual_reports\apple-inc\NASDAQ_AAPL_2019.pdf,apple-inc,Apple Inc.,False,
../downolad_files/data/nasdaq_annual_reports\apple-inc\NASDAQ_AAPL_2022.pdf,apple-inc,Apple Inc.,False,
../downolad_files/data/nasdaq_annual_reports\apple-inc\NASDAQ_AAPL_2021.pdf,apple-inc,Apple Inc.,False,
../downolad_files/data/nasdaq_annual_reports\applied-dna-sciences\NASDAQ_APDN_2019.pdf,applied-dna-sciences,"APPLIED DNA SCIENCES, INC.",False,
../downolad_files/data/nasdaq_annual_reports\applied-dna-sciences\NASDAQ_APDN_2021.pdf,applied-dna-sciences,"APPLIED DNA SCIENCES, INC.",False,
../downolad_files/data/nasdaq_annual_reports\applied-dna-sciences\NASDAQ_APDN_2022.pdf,applied-dna-sciences,"APPLIED DNA SCIENCES, INC.",False,
../downolad_files/data/nasdaq_annual_reports\applied-dna-sciences\NASDAQ_APDN_2020.pdf,applied-dna-sciences,"APPLIED DNA SCIENCES, INC.",False,
../downolad_files/data/nasdaq_annual_reports\applied-genetic-technologies-corp\NASDAQ_AGTC_2018.pdf,applied-genetic-technologies-corp,APPLIED GENETIC TECHNOLOGIES CORPORATION,False,
../downolad_files/data/nasdaq_annual_reports\applied-genetic-technologies-corp\NASDAQ_AGTC_2020.pdf,applied-genetic-technologies-corp,APPLIED GENETIC TECHNOLOGIES CORPORATION,False,
../downolad_files/data/nasdaq_annual_reports\applied-genetic-technologies-corp\NASDAQ_AGTC_2019.pdf,applied-genetic-technologies-corp,APPLIED GENETIC TECHNOLOGIES CORPORATION,False,
../downolad_files/data/nasdaq_annual_reports\applied-genetic-technologies-corp\NASDAQ_AGTC_2021.pdf,applied-genetic-technologies-corp,APPLIED GENETIC TECHNOLOGIES CORPORATION,False,
../downolad_files/data/nasdaq_annual_reports\applied-materials-inc\NASDAQ_AMAT_2019.pdf,applied-materials-inc,,,
../downolad_files/data/nasdaq_annual_reports\applied-materials-inc\NASDAQ_AMAT_2022.pdf,applied-materials-inc,"Applied Materials, Inc.",False,
../downolad_files/data/nasdaq_annual_reports\applied-materials-inc\NASDAQ_AMAT_2020.pdf,applied-materials-inc,,,
../downolad_files/data/nasdaq_annual_reports\applied-materials-inc\NASDAQ_AMAT_2021.pdf,applied-materials-inc,"Applied Materials, Inc.",False,
../downolad_files/data/nasdaq_annual_reports\applied-optoelectronics-inc\NASDAQ_AAOI_2019.pdf,applied-optoelectronics-inc,"Applied Op to electronics, Inc.",False,
../downolad_files/data/nasdaq_annual_reports\applied-optoelectronics-inc\NASDAQ_AAOI_2020.pdf,applied-optoelectronics-inc,"Applied Op to electronics, Inc.",False,
../downolad_files/data/nasdaq_annual_reports\applied-optoelectronics-inc\NASDAQ_AAOI_2021.pdf,applied-optoelectronics-inc,"Applied Op to electronics, Inc.",False,
../downolad_files/data/nasdaq_annual_reports\applied-therapeutics-inc\NASDAQ_APLT_2019.pdf,applied-therapeutics-inc,"Applied Therapeutics, Inc.",False,
../downolad_files/data/nasdaq_annual_reports\applied-optoelectronics-inc\NASDAQ_AAOI_2022.pdf,applied-optoelectronics-inc,"Applied Op to electronics, Inc.",False,
../downolad_files/data/nasdaq_annual_reports\applied-therapeutics-inc\NASDAQ_APLT_2021.pdf,applied-therapeutics-inc,"Applied Therapeutics, Inc.",False,
../downolad_files/data/nasdaq_annual_reports\approach-resources-inc\NASDAQ_AREX_2015.pdf,approach-resources-inc,APPROACH RESOURCES INC.,False,
../downolad_files/data/nasdaq_annual_reports\applied-therapeutics-inc\NASDAQ_APLT_2020.pdf,applied-therapeutics-inc,"Applied Therapeutics, Inc.",False,
../downolad_files/data/nasdaq_annual_reports\applied-therapeutics-inc\NASDAQ_APLT_2022.pdf,applied-therapeutics-inc,"Applied Therapeutics, Inc.",False,
../downolad_files/data/nasdaq_annual_reports\approach-resources-inc\NASDAQ_AREX_2018.pdf,approach-resources-inc,APPROACH RESOURCES INC.,False,
../downolad_files/data/nasdaq_annual_reports\approach-resources-inc\NASDAQ_AREX_2016.pdf,approach-resources-inc,APPROACH RESOURCES INC.,False,
../downolad_files/data/nasdaq_annual_reports\aprea-therapeutics-inc\NASDAQ_APRE_2019.pdf,aprea-therapeutics-inc,"Aprea Therapeutics, Inc.",False,
../downolad_files/data/nasdaq_annual_reports\approach-resources-inc\NASDAQ_AREX_2017.pdf,approach-resources-inc,APPROACH RESOURCES INC.,False,
../downolad_files/data/nasdaq_annual_reports\aprea-therapeutics-inc\NASDAQ_APRE_2020.pdf,aprea-therapeutics-inc,"Aprea Therapeutics, Inc.",False,
../downolad_files/data/nasdaq_annual_reports\aprea-therapeutics-inc\NASDAQ_APRE_2021.pdf,aprea-therapeutics-inc,"Aprea Therapeutics, Inc.",False,
../downolad_files/data/nasdaq_annual_reports\apricus-biosciences-inc\NASDAQ_APRI_2014.pdf,apricus-biosciences-inc,"APRICUS BIOSCIENCES, INC.",False,
../downolad_files/data/nasdaq_annual_reports\apricus-biosciences-inc\NASDAQ_APRI_2016.pdf,apricus-biosciences-inc,"APRICUS BIOSCIENCES, INC.",False,
../downolad_files/data/nasdaq_annual_reports\apricus-biosciences-inc\NASDAQ_APRI_2015.pdf,apricus-biosciences-inc,"APRICUS BIOSCIENCES, INC.",False,
../downolad_files/data/nasdaq_annual_reports\apricus-biosciences-inc\NASDAQ_APRI_2017.pdf,apricus-biosciences-inc,"APRICUS BIOSCIENCES, INC.",False,
../downolad_files/data/nasdaq_annual_reports\apricus-biosciences-inc\NASDAQ_APRI_2018.pdf,apricus-biosciences-inc,"SEELOS THERAPEUTICS, INC.",True,
../downolad_files/data/nasdaq_annual_reports\aptevo-therapeutics-inc\NASDAQ_APVO_2019.pdf,aptevo-therapeutics-inc,APTEVO THERAPEUTICS INC.,False,
../downolad_files/data/nasdaq_annual_reports\aptevo-therapeutics-inc\NASDAQ_APVO_2020.pdf,aptevo-therapeutics-inc,APTEVO THERAPEUTICS INC.,False,
../downolad_files/data/nasdaq_annual_reports\aptevo-therapeutics-inc\NASDAQ_APVO_2021.pdf,aptevo-therapeutics-inc,APTEVO THERAPEUTICS INC.,False,
../downolad_files/data/nasdaq_annual_reports\aptinyx-inc\NASDAQ_APTX_2019.pdf,aptinyx-inc,APTINYX INC.,False,
../downolad_files/data/nasdaq_annual_reports\aptinyx-inc\NASDAQ_APTX_2018.pdf,aptinyx-inc,APTINYX INC.,False,
../downolad_files/data/nasdaq_annual_reports\aptinyx-inc\NASDAQ_APTX_2020.pdf,aptinyx-inc,APTINYX INC.,False,
../downolad_files/data/nasdaq_annual_reports\aptevo-therapeutics-inc\NASDAQ_APVO_2022.pdf,aptevo-therapeutics-inc,APTEVO THERAPEUTICS INC.,False,
../downolad_files/data/nasdaq_annual_reports\aptinyx-inc\NASDAQ_APTX_2021.pdf,aptinyx-inc,APTINYX INC.,False,
../downolad_files/data/nasdaq_annual_reports\aptorum-group-limited\NASDAQ_APM_2018.pdf,aptorum-group-limited,APTORUM GROUP LIMITED,False,
../downolad_files/data/nasdaq_annual_reports\aptorum-group-limited\NASDAQ_APM_2019.pdf,aptorum-group-limited,APTORUM GROUP LIMITED,False,
../downolad_files/data/nasdaq_annual_reports\aptorum-group-limited\NASDAQ_APM_2020.pdf,aptorum-group-limited,APTORUM GROUP LIMITED,False,
../downolad_files/data/nasdaq_annual_reports\apyx-medical-corporation\NASDAQ_APYX_2020.pdf,apyx-medical-corporation,APYX MEDICAL CORPORATION,False,
../downolad_files/data/nasdaq_annual_reports\aptorum-group-limited\NASDAQ_APM_2021.pdf,aptorum-group-limited,APTORUM GROUP LIMITED,False,
../downolad_files/data/nasdaq_annual_reports\aqua-metals-inc\NASDAQ_AQMS_2017.pdf,aqua-metals-inc,"Aqua Metals, Inc.",False,
../downolad_files/data/nasdaq_annual_reports\aptorum-group-limited\NASDAQ_APM_2022.pdf,aptorum-group-limited,APTORUM GROUP LIMITED,False,
../downolad_files/data/nasdaq_annual_reports\aqua-metals-inc\NASDAQ_AQMS_2018.pdf,aqua-metals-inc,"Aqua Metals, Inc.",False,
../downolad_files/data/nasdaq_annual_reports\aqua-metals-inc\NASDAQ_AQMS_2019.pdf,aqua-metals-inc,"Aqua Metals, Inc.",False,
../downolad_files/data/nasdaq_annual_reports\aqua-metals-inc\NASDAQ_AQMS_2021.pdf,aqua-metals-inc,"Aqua Metals, Inc.",False,
../downolad_files/data/nasdaq_annual_reports\aquabounty-technologies-inc\NASDAQ_AQB_2017.pdf,aquabounty-technologies-inc,,,
../downolad_files/data/nasdaq_annual_reports\aqua-metals-inc\NASDAQ_AQMS_2020.pdf,aqua-metals-inc,"Aqua Metals, Inc.",False,
../downolad_files/data/nasdaq_annual_reports\aquabounty-technologies-inc\NASDAQ_AQB_2018.pdf,aquabounty-technologies-inc,,,
../downolad_files/data/nasdaq_annual_reports\aquabounty-technologies-inc\NASDAQ_AQB_2019.pdf,aquabounty-technologies-inc,,,
../downolad_files/data/nasdaq_annual_reports\aquabounty-technologies-inc\NASDAQ_AQB_2020.pdf,aquabounty-technologies-inc,,,
../downolad_files/data/nasdaq_annual_reports\aquabounty-technologies-inc\NASDAQ_AQB_2021.pdf,aquabounty-technologies-inc,,,
../downolad_files/data/nasdaq_annual_reports\aquestive-therapeutics-inc\NASDAQ_AQST_2019.pdf,aquestive-therapeutics-inc,"Aquestive Therapeutics, Inc.",False,
../downolad_files/data/nasdaq_annual_reports\aquestive-therapeutics-inc\NASDAQ_AQST_2020.pdf,aquestive-therapeutics-inc,"Aquestive Therapeutics, Inc.",False,
../downolad_files/data/nasdaq_annual_reports\aquestive-therapeutics-inc\NASDAQ_AQST_2018.pdf,aquestive-therapeutics-inc,"Aquestive Therapeutics, Inc.",False,
../downolad_files/data/nasdaq_annual_reports\aquestive-therapeutics-inc\NASDAQ_AQST_2021.pdf,aquestive-therapeutics-inc,"Aquestive Therapeutics, Inc.",False,
../downolad_files/data/nasdaq_annual_reports\aravive-inc\NASDAQ_ARAV_2018.pdf,aravive-inc,"Aravive, Inc.",False,
../downolad_files/data/nasdaq_annual_reports\aravive-inc\NASDAQ_ARAV_2019.pdf,aravive-inc,"Aravive, Inc.",False,
../downolad_files/data/nasdaq_annual_reports\aravive-inc\NASDAQ_ARAV_2021.pdf,aravive-inc,"Aravive, Inc.",False,
../downolad_files/data/nasdaq_annual_reports\aravive-inc\NASDAQ_ARAV_2020.pdf,aravive-inc,"Aravive, Inc.",False,
../downolad_files/data/nasdaq_annual_reports\arbutus-biopharma-corporation\NASDAQ_ABUS_2017.pdf,arbutus-biopharma-corporation,Arbutus Biopharma Corporation,False,
../downolad_files/data/nasdaq_annual_reports\arbutus-biopharma-corporation\NASDAQ_ABUS_2018.pdf,arbutus-biopharma-corporation,Arbutus Biopharma Corporation,False,
../downolad_files/data/nasdaq_annual_reports\arbutus-biopharma-corporation\NASDAQ_ABUS_2019.pdf,arbutus-biopharma-corporation,Arbutus Biopharma Corporation,False,
../downolad_files/data/nasdaq_annual_reports\arc-group-worldwide\NASDAQ_ARCW_2015.pdf,arc-group-worldwide,"ARC Group Worldwide, Inc.",False,
../downolad_files/data/nasdaq_annual_reports\arbutus-biopharma-corporation\NASDAQ_ABUS_2020.pdf,arbutus-biopharma-corporation,Arbutus Biopharma Corporation,False,
../downolad_files/data/nasdaq_annual_reports\arc-group-worldwide\NASDAQ_ARCW_2016.pdf,arc-group-worldwide,"ARC Group Worldwide, Inc.",False,
../downolad_files/data/nasdaq_annual_reports\arc-group-worldwide\NASDAQ_ARCW_2017.pdf,arc-group-worldwide,"ARC Group Worldwide, Inc.",False,
../downolad_files/data/nasdaq_annual_reports\arbutus-biopharma-corporation\NASDAQ_ABUS_2021.pdf,arbutus-biopharma-corporation,Arbutus Biopharma Corporation,False,
../downolad_files/data/nasdaq_annual_reports\arca-biopharma-inc\NASDAQ_ABIO_2019.pdf,arca-biopharma-inc,"ARCA BIOPHARMA, INC.",False,
../downolad_files/data/nasdaq_annual_reports\arca-biopharma-inc\NASDAQ_ABIO_2020.pdf,arca-biopharma-inc,"ARCA BIOPHARMA, INC.",False,
../downolad_files/data/nasdaq_annual_reports\arca-biopharma-inc\NASDAQ_ABIO_2022.pdf,arca-biopharma-inc,"ARCA BIOPHARMA, INC.",False,
../downolad_files/data/nasdaq_annual_reports\arca-biopharma-inc\NASDAQ_ABIO_2021.pdf,arca-biopharma-inc,"ARCA BIOPHARMA, INC.",False,
../downolad_files/data/nasdaq_annual_reports\arcadia-biosciences\NASDAQ_RKDA_2019.pdf,arcadia-biosciences,"Arcadia Biosciences, Inc.",False,
../downolad_files/data/nasdaq_annual_reports\arcadia-biosciences\NASDAQ_RKDA_2022.pdf,arcadia-biosciences,"Arcadia Biosciences, Inc.",False,
../downolad_files/data/nasdaq_annual_reports\arcadia-biosciences\NASDAQ_RKDA_2021.pdf,arcadia-biosciences,"Arcadia Biosciences, Inc.",False,
../downolad_files/data/nasdaq_annual_reports\arcadia-biosciences\NASDAQ_RKDA_2020.pdf,arcadia-biosciences,"Arcadia Biosciences, Inc.",False,
../downolad_files/data/nasdaq_annual_reports\arcbest\NASDAQ_ARCB_2020.pdf,arcbest,ARCBEST CORPORATION,False,
../downolad_files/data/nasdaq_annual_reports\arch-capital-group-limited\NASDAQ_ACGL_2017.pdf,arch-capital-group-limited,ARCH CAPITAL GROUP LTD.,False,
../downolad_files/data/nasdaq_annual_reports\arcbest\NASDAQ_ARCB_2022.pdf,arcbest,ARCBEST CORPORATION,False,
../downolad_files/data/nasdaq_annual_reports\arcbest\NASDAQ_ARCB_2021.pdf,arcbest,ARCBEST CORPORATION,False,
../downolad_files/data/nasdaq_annual_reports\arch-capital-group-limited\NASDAQ_ACGL_2018.pdf,arch-capital-group-limited,ARCH CAPITAL GROUP LTD.,False,
../downolad_files/data/nasdaq_annual_reports\arcimoto-inc\NASDAQ_FUV_2019.pdf,arcimoto-inc,"ARCIMOTO, INC.",False,
../downolad_files/data/nasdaq_annual_reports\arch-capital-group-limited\NASDAQ_ACGL_2020.pdf,arch-capital-group-limited,ARCH CAPITAL GROUP LTD.,False,
../downolad_files/data/nasdaq_annual_reports\arch-capital-group-limited\NASDAQ_ACGL_2021.pdf,arch-capital-group-limited,ARCH CAPITAL GROUP LTD.,False,
../downolad_files/data/nasdaq_annual_reports\arch-capital-group-limited\NASDAQ_ACGL_2019.pdf,arch-capital-group-limited,,,
../downolad_files/data/nasdaq_annual_reports\arcimoto-inc\NASDAQ_FUV_2022.pdf,arcimoto-inc,"ARCIMOTO, INC.",False,
../downolad_files/data/nasdaq_annual_reports\arco-platform-limited\NASDAQ_ARCE_2018.pdf,arco-platform-limited,Arco Platform Limited,False,
../downolad_files/data/nasdaq_annual_reports\arco-platform-limited\NASDAQ_ARCE_2019.pdf,arco-platform-limited,Arco Platform Limited,False,
../downolad_files/data/nasdaq_annual_reports\arcimoto-inc\NASDAQ_FUV_2020.pdf,arcimoto-inc,"ARCIMOTO, INC.",False,
../downolad_files/data/nasdaq_annual_reports\arcimoto-inc\NASDAQ_FUV_2021.pdf,arcimoto-inc,"ARCIMOTO, INC.",False,
../downolad_files/data/nasdaq_annual_reports\arcturus-therapeutics-holdings-inc\NASDAQ_ARCT_2019.pdf,arcturus-therapeutics-holdings-inc,ARCTURUS THERAPEUTICS HOLDINGS INC.,False,
../downolad_files/data/nasdaq_annual_reports\arco-platform-limited\NASDAQ_ARCE_2020.pdf,arco-platform-limited,Arco Platform Limited,False,
../downolad_files/data/nasdaq_annual_reports\arco-platform-limited\NASDAQ_ARCE_2021.pdf,arco-platform-limited,Arco Platform Limited,False,
../downolad_files/data/nasdaq_annual_reports\arco-platform-limited\NASDAQ_ARCE_2022.pdf,arco-platform-limited,Arco Platform Limited,False,
../downolad_files/data/nasdaq_annual_reports\arcturus-therapeutics-holdings-inc\NASDAQ_ARCT_2020.pdf,arcturus-therapeutics-holdings-inc,ARCTURUS THERAPEUTICS HOLDINGS INC.,False,
../downolad_files/data/nasdaq_annual_reports\arcturus-therapeutics-holdings-inc\NASDAQ_ARCT_2021.pdf,arcturus-therapeutics-holdings-inc,ARCTURUS THERAPEUTICS HOLDINGS INC.,False,
../downolad_files/data/nasdaq_annual_reports\arcutis-biotherapeutics-inc\NASDAQ_ARQT_2019.pdf,arcutis-biotherapeutics-inc,"ARCUTIS BIO THERAPEUTICS, INC.",False,
../downolad_files/data/nasdaq_annual_reports\arcturus-therapeutics-holdings-inc\NASDAQ_ARCT_2022.pdf,arcturus-therapeutics-holdings-inc,ARCTURUS THERAPEUTICS HOLDINGS INC.,False,
../downolad_files/data/nasdaq_annual_reports\arcutis-biotherapeutics-inc\NASDAQ_ARQT_2021.pdf,arcutis-biotherapeutics-inc,"ARCUTIS BIO THERAPEUTICS, INC.",False,
../downolad_files/data/nasdaq_annual_reports\arcutis-biotherapeutics-inc\NASDAQ_ARQT_2020.pdf,arcutis-biotherapeutics-inc,"ARCUTIS BIO THERAPEUTICS, INC.",False,
../downolad_files/data/nasdaq_annual_reports\ardelyx-inc\NASDAQ_ARDX_2019.pdf,ardelyx-inc,"ARDELYX, INC.",False,
../downolad_files/data/nasdaq_annual_reports\ardelyx-inc\NASDAQ_ARDX_2020.pdf,ardelyx-inc,"ARDELYX, INC.",False,
../downolad_files/data/nasdaq_annual_reports\ardelyx-inc\NASDAQ_ARDX_2021.pdf,ardelyx-inc,"ARDELYX, INC.",False,
../downolad_files/data/nasdaq_annual_reports\ardelyx-inc\NASDAQ_ARDX_2022.pdf,ardelyx-inc,"ARDELYX, INC.",False,
../downolad_files/data/nasdaq_annual_reports\arena-pharmaceuticals-inc\NASDAQ_ARNA_2017.pdf,arena-pharmaceuticals-inc,"ARENA PHARMACEUTICALS, INC.",False,
../downolad_files/data/nasdaq_annual_reports\arena-pharmaceuticals-inc\NASDAQ_ARNA_2018.pdf,arena-pharmaceuticals-inc,"ARENA PHARMACEUTICALS, INC.",False,
../downolad_files/data/nasdaq_annual_reports\arena-pharmaceuticals-inc\NASDAQ_ARNA_2019.pdf,arena-pharmaceuticals-inc,"ARENA PHARMACEUTICALS, INC.",False,
../downolad_files/data/nasdaq_annual_reports\ares-capital-corporation\NASDAQ_ARCC_2017.pdf,ares-capital-corporation,ARES CAPITAL CORPORATION,False,
../downolad_files/data/nasdaq_annual_reports\ares-capital-corporation\NASDAQ_ARCC_2018.pdf,ares-capital-corporation,ARES CAPITAL CORPORATION,False,
../downolad_files/data/nasdaq_annual_reports\ares-capital-corporation\NASDAQ_ARCC_2019.pdf,ares-capital-corporation,ARES CAPITAL CORPORATION,False,
../downolad_files/data/nasdaq_annual_reports\ares-capital-corporation\NASDAQ_ARCC_2020.pdf,ares-capital-corporation,ARES CAPITAL CORPORATION,False,
../downolad_files/data/nasdaq_annual_reports\ares-capital-corporation\NASDAQ_ARCC_2021.pdf,ares-capital-corporation,ARES CAPITAL CORPORATION,False,
../downolad_files/data/nasdaq_annual_reports\arena-pharmaceuticals-inc\NASDAQ_ARNA_2020.pdf,arena-pharmaceuticals-inc,"ARENA PHARMACEUTICALS, INC.",False,
../downolad_files/data/nasdaq_annual_reports\argenx\NASDAQ_ARGX_2018.pdf,argenx,,,
../downolad_files/data/nasdaq_annual_reports\argenx\NASDAQ_ARGX_2019.pdf,argenx,,,
../downolad_files/data/nasdaq_annual_reports\argenx\NASDAQ_ARGX_2022.pdf,argenx,,,
../downolad_files/data/nasdaq_annual_reports\argo-group-international-holdings-ltd\NASDAQ_AGII_2016.pdf,argo-group-international-holdings-ltd,,,
../downolad_files/data/nasdaq_annual_reports\argenx\NASDAQ_ARGX_2021.pdf,argenx,,,
../downolad_files/data/nasdaq_annual_reports\argenx\NASDAQ_ARGX_2020.pdf,argenx,,,
../downolad_files/data/nasdaq_annual_reports\argo-group-international-holdings-ltd\NASDAQ_AGII_2020.pdf,argo-group-international-holdings-ltd,"ARGO GROUP INTERNATIONAL HOLDINGS, LTD.",False,
../downolad_files/data/nasdaq_annual_reports\argo-group-international-holdings-ltd\NASDAQ_AGII_2017.pdf,argo-group-international-holdings-ltd,,,
../downolad_files/data/nasdaq_annual_reports\aridis-pharmaceuticals-inc\NASDAQ_ARDS_2018.pdf,aridis-pharmaceuticals-inc,"Aridis Pharmaceuticals, Inc.",False,
../downolad_files/data/nasdaq_annual_reports\argo-group-international-holdings-ltd\NASDAQ_ARGO_2021.pdf,argo-group-international-holdings-ltd,,,
../downolad_files/data/nasdaq_annual_reports\aridis-pharmaceuticals-inc\NASDAQ_ARDS_2019.pdf,aridis-pharmaceuticals-inc,"Aridis Pharmaceuticals, Inc.",False,
../downolad_files/data/nasdaq_annual_reports\ark-restaurants-corp\NASDAQ_ARKR_2019.pdf,ark-restaurants-corp,,,
../downolad_files/data/nasdaq_annual_reports\ark-restaurants-corp\NASDAQ_ARKR_2020.pdf,ark-restaurants-corp,,,
../downolad_files/data/nasdaq_annual_reports\ark-restaurants-corp\NASDAQ_ARKR_2021.pdf,ark-restaurants-corp,,,
../downolad_files/data/nasdaq_annual_reports\aridis-pharmaceuticals-inc\NASDAQ_ARDS_2020.pdf,aridis-pharmaceuticals-inc,"Aridis Pharmaceuticals, Inc.",False,
../downolad_files/data/nasdaq_annual_reports\ark-restaurants-corp\NASDAQ_ARKR_2022.pdf,ark-restaurants-corp,,,
../downolad_files/data/nasdaq_annual_reports\arlington-asset-investment-corp\NASDAQ_AAIC_2021.pdf,arlington-asset-investment-corp,ARLINGTON ASSET INVESTMENT CORP.,False,
../downolad_files/data/nasdaq_annual_reports\arlington-asset-investment-corp\NASDAQ_AAIC_2020.pdf,arlington-asset-investment-corp,ARLINGTON ASSET INVESTMENT CORP.,False,
../downolad_files/data/nasdaq_annual_reports\arlington-asset-investment-corp\NYSE_AI_2019.pdf,arlington-asset-investment-corp,ARLINGTON ASSET INVESTMENT CORP.,False,
../downolad_files/data/nasdaq_annual_reports\arotech-corporation\NASDAQ_ARTX_2013.pdf,arotech-corporation,,,
../downolad_files/data/nasdaq_annual_reports\arlington-asset-investment-corp\NASDAQ_AAIC_2022.pdf,arlington-asset-investment-corp,ARLINGTON ASSET INVESTMENT CORP.,False,
../downolad_files/data/nasdaq_annual_reports\arotech-corporation\NASDAQ_ARTX_2015.pdf,arotech-corporation,,,
../downolad_files/data/nasdaq_annual_reports\arotech-corporation\NASDAQ_ARTX_2014.pdf,arotech-corporation,,,
../downolad_files/data/nasdaq_annual_reports\arotech-corporation\NASDAQ_ARTX_2016.pdf,arotech-corporation,,,
../downolad_files/data/nasdaq_annual_reports\arris-group-inc\NASDAQ_ARRS_2017.pdf,arris-group-inc,ARRIS INTERNATIONAL PLC,False,
../downolad_files/data/nasdaq_annual_reports\arris-group-inc\NASDAQ_ARRS_2016.pdf,arris-group-inc,ARRIS INTERNATIONAL PLC,False,
../downolad_files/data/nasdaq_annual_reports\arris-group-inc\NASDAQ_ARRS_2015.pdf,arris-group-inc,ARRIS INTERNATIONAL PLC,False,
../downolad_files/data/nasdaq_annual_reports\arrow-financial-corporation\NASDAQ_AROW_2018.pdf,arrow-financial-corporation,,,
../downolad_files/data/nasdaq_annual_reports\arrow-financial-corporation\NASDAQ_AROW_2019.pdf,arrow-financial-corporation,,,
../downolad_files/data/nasdaq_annual_reports\arotech-corporation\NASDAQ_ARTX_2017.pdf,arotech-corporation,AROTECH CORPORATION,False,
../downolad_files/data/nasdaq_annual_reports\arrow-financial-corporation\NASDAQ_AROW_2020.pdf,arrow-financial-corporation,,,
../downolad_files/data/nasdaq_annual_reports\arrow-financial-corporation\NASDAQ_AROW_2022.pdf,arrow-financial-corporation,,,
../downolad_files/data/nasdaq_annual_reports\arrow-financial-corporation\NASDAQ_AROW_2021.pdf,arrow-financial-corporation,,,
../downolad_files/data/nasdaq_annual_reports\arris-group-inc\NASDAQ_ARRS_2018.pdf,arris-group-inc,ARRIS INTERNATIONAL PLC,False,
../downolad_files/data/nasdaq_annual_reports\artelo-biosciences-inc\NASDAQ_ARTL_2019.pdf,artelo-biosciences-inc,"Artelo Biosciences, Inc.",False,
../downolad_files/data/nasdaq_annual_reports\artelo-biosciences-inc\NASDAQ_ARTL_2020.pdf,artelo-biosciences-inc,"Artelo Biosciences, Inc.",False,
../downolad_files/data/nasdaq_annual_reports\artelo-biosciences-inc\NASDAQ_ARTL_2022.pdf,artelo-biosciences-inc,"Artelo Biosciences, Inc.",False,
../downolad_files/data/nasdaq_annual_reports\artelo-biosciences-inc\NASDAQ_ARTL_2021.pdf,artelo-biosciences-inc,"Artelo Biosciences, Inc.",False,
../downolad_files/data/nasdaq_annual_reports\artesian-resources-corporation\NASDAQ_ARTNA_2020.pdf,artesian-resources-corporation,,,
../downolad_files/data/nasdaq_annual_reports\artesian-resources-corporation\NASDAQ_ARTNA_2019.pdf,artesian-resources-corporation,,,
../downolad_files/data/nasdaq_annual_reports\artesian-resources-corporation\NASDAQ_ARTNA_2021.pdf,artesian-resources-corporation,,,
../downolad_files/data/nasdaq_annual_reports\artesian-resources-corporation\NASDAQ_ARTNA_2022.pdf,artesian-resources-corporation,,,
../downolad_files/data/nasdaq_annual_reports\arvinas\NASDAQ_ARVN_2020.pdf,arvinas,"ARVINAS, INC.",False,
../downolad_files/data/nasdaq_annual_reports\ascena-retail-group-inc\NASDAQ_ASNA_2016.pdf,ascena-retail-group-inc,,,
../downolad_files/data/nasdaq_annual_reports\arvinas\NASDAQ_ARVN_2022.pdf,arvinas,"ARVINAS, INC.",False,
../downolad_files/data/nasdaq_annual_reports\arvinas\NASDAQ_ARVN_2019.pdf,arvinas,"ARVINAS, INC.",False,
../downolad_files/data/nasdaq_annual_reports\ascena-retail-group-inc\NASDAQ_ASNA_2018.pdf,ascena-retail-group-inc,"ASCENA RETAIL GROUP, INC.",False,
../downolad_files/data/nasdaq_annual_reports\ascena-retail-group-inc\NASDAQ_ASNA_2017.pdf,ascena-retail-group-inc,"ASCENA RETAIL GROUP, INC.",False,
../downolad_files/data/nasdaq_annual_reports\arvinas\NASDAQ_ARVN_2021.pdf,arvinas,"ARVINAS, INC.",False,
../downolad_files/data/nasdaq_annual_reports\ascendis-pharma-as\NASDAQ_ASND_2018.pdf,ascendis-pharma-as,,,
../downolad_files/data/nasdaq_annual_reports\ascendis-pharma-as\NASDAQ_ASND_2019.pdf,ascendis-pharma-as,,,
../downolad_files/data/nasdaq_annual_reports\ascena-retail-group-inc\NASDAQ_ASNA_2019.pdf,ascena-retail-group-inc,"ASCENA RETAIL GROUP, INC.",False,
../downolad_files/data/nasdaq_annual_reports\ascendis-pharma-as\NASDAQ_ASND_2020.pdf,ascendis-pharma-as,,,
../downolad_files/data/nasdaq_annual_reports\ascendis-pharma-as\NASDAQ_ASND_2021.pdf,ascendis-pharma-as,,,
../downolad_files/data/nasdaq_annual_reports\ascendis-pharma-as\NASDAQ_ASND_2022.pdf,ascendis-pharma-as,,,
../downolad_files/data/nasdaq_annual_reports\asia-pacific-wire-cable-corporation-limited\NASDAQ_APWC_2019.pdf,asia-pacific-wire-cable-corporation-limited,CORPORATION LIMITED,,
../downolad_files/data/nasdaq_annual_reports\asia-pacific-wire-cable-corporation-limited\NASDAQ_APWC_2017.pdf,asia-pacific-wire-cable-corporation-limited,CORPORATION LIMITED,,
../downolad_files/data/nasdaq_annual_reports\asia-pacific-wire-cable-corporation-limited\NASDAQ_APWC_2018.pdf,asia-pacific-wire-cable-corporation-limited,CORPORATION LIMITED,,
../downolad_files/data/nasdaq_annual_reports\asia-pacific-wire-cable-corporation-limited\NASDAQ_APWC_2020.pdf,asia-pacific-wire-cable-corporation-limited,,,
../downolad_files/data/nasdaq_annual_reports\aslan-pharmaceuticals-limited\NASDAQ_ASLN_2018.pdf,aslan-pharmaceuticals-limited,ASLAN Pharmaceuticals Ltd,False,
../downolad_files/data/nasdaq_annual_reports\asia-pacific-wire-cable-corporation-limited\NASDAQ_APWC_2021.pdf,asia-pacific-wire-cable-corporation-limited,CORPORATION LIMITED,,
../downolad_files/data/nasdaq_annual_reports\aslan-pharmaceuticals-limited\NASDAQ_ASLN_2019.pdf,aslan-pharmaceuticals-limited,ASLAN Pharmaceuticals Limited,False,
../downolad_files/data/nasdaq_annual_reports\aslan-pharmaceuticals-limited\NASDAQ_ASLN_2020.pdf,aslan-pharmaceuticals-limited,ASLAN Pharmaceuticals Limited,False,
../downolad_files/data/nasdaq_annual_reports\aslan-pharmaceuticals-limited\NASDAQ_ASLN_2021.pdf,aslan-pharmaceuticals-limited,ASLAN Pharmaceuticals Limited,False,
../downolad_files/data/nasdaq_annual_reports\asm-international-nv\NASDAQ_ASMI_2018.pdf,asm-international-nv,,,
../downolad_files/data/nasdaq_annual_reports\asm-international-nv\NASDAQ_ASMI_2019.pdf,asm-international-nv,,,
../downolad_files/data/nasdaq_annual_reports\asm-international-nv\NASDAQ_ASMI_2021.pdf,asm-international-nv,,,
../downolad_files/data/nasdaq_annual_reports\aslan-pharmaceuticals-limited\NASDAQ_ASLN_2022.pdf,aslan-pharmaceuticals-limited,ASLAN Pharmaceuticals Limited,False,
../downolad_files/data/nasdaq_annual_reports\asm-international-nv\NASDAQ_ASMI_2020.pdf,asm-international-nv,,,
../downolad_files/data/nasdaq_annual_reports\asml-international-nv\NASDAQ_ASML_2018.pdf,asml-international-nv,ASML HOLDING N.V.,False,
../downolad_files/data/nasdaq_annual_reports\asml-international-nv\NASDAQ_ASML_2019.pdf,asml-international-nv,ASML HOLDING NV,False,
../downolad_files/data/nasdaq_annual_reports\asml-international-nv\NASDAQ_ASML_2020.pdf,asml-international-nv,,,
../downolad_files/data/nasdaq_annual_reports\asml-international-nv\NASDAQ_ASML_2021.pdf,asml-international-nv,,,
../downolad_files/data/nasdaq_annual_reports\asml-international-nv\NASDAQ_ASML_2022.pdf,asml-international-nv,,,
../downolad_files/data/nasdaq_annual_reports\asm-international-nv\NASDAQ_ASMI_2022.pdf,asm-international-nv,,,
../downolad_files/data/nasdaq_annual_reports\aspen-group-inc\NASDAQ_ASPU_2020.pdf,aspen-group-inc,"ASPEN GROUP, INC.",False,
../downolad_files/data/nasdaq_annual_reports\aspen-group-inc\NASDAQ_ASPU_2019.pdf,aspen-group-inc,"ASPEN GROUP, INC.",False,
../downolad_files/data/nasdaq_annual_reports\aspen-group-inc\NASDAQ_ASPU_2021.pdf,aspen-group-inc,"ASPEN GROUP, INC.",False,
../downolad_files/data/nasdaq_annual_reports\aspen-group-inc\NASDAQ_ASPU_2022.pdf,aspen-group-inc,"ASPEN GROUP, INC.",False,
../downolad_files/data/nasdaq_annual_reports\aspen-technology-inc\NASDAQ_AZPN_2020.pdf,aspen-technology-inc,"Aspen Technology, Inc.",False,
../downolad_files/data/nasdaq_annual_reports\aspen-technology-inc\NASDAQ_AZPN_2021_0b7eede0c33e40198376f55b7fa4d960.pdf,aspen-technology-inc,"Aspen Technology, Inc.",False,
../downolad_files/data/nasdaq_annual_reports\aspen-technology-inc\NASDAQ_AZPN_2019.pdf,aspen-technology-inc,"Aspen Technology, Inc.",False,
../downolad_files/data/nasdaq_annual_reports\aspen-technology-inc\NASDAQ_AZPN_2022.pdf,aspen-technology-inc,"(formerly Emersub CX, Inc.)",True,
../downolad_files/data/nasdaq_annual_reports\aspira-womens-health-inc\NASDAQ_AWH_2018.pdf,aspira-womens-health-inc,"Vermillion, Inc.",True,
../downolad_files/data/nasdaq_annual_reports\aspira-womens-health-inc\NASDAQ_AWH_2017.pdf,aspira-womens-health-inc,"Vermillion, Inc.",True,
../downolad_files/data/nasdaq_annual_reports\aspira-womens-health-inc\NASDAQ_AWH_2019.pdf,aspira-womens-health-inc,"Vermillion, Inc.",True,
../downolad_files/data/nasdaq_annual_reports\assembly-biosciences-inc\NASDAQ_ASMB_2019.pdf,assembly-biosciences-inc,,,
../downolad_files/data/nasdaq_annual_reports\aspira-womens-health-inc\NASDAQ_AWH_2020.pdf,aspira-womens-health-inc,Aspira Women’s Health Inc.,False,
../downolad_files/data/nasdaq_annual_reports\assembly-biosciences-inc\NASDAQ_ASMB_2020.pdf,assembly-biosciences-inc,,,
../downolad_files/data/nasdaq_annual_reports\assembly-biosciences-inc\NASDAQ_ASMB_2022.pdf,assembly-biosciences-inc,,,
../downolad_files/data/nasdaq_annual_reports\assembly-biosciences-inc\NASDAQ_ASMB_2021.pdf,assembly-biosciences-inc,,,
../downolad_files/data/nasdaq_annual_reports\aspira-womens-health-inc\NASDAQ_AWH_2021.pdf,aspira-womens-health-inc,Aspira Women’s Health Inc.,False,
../downolad_files/data/nasdaq_annual_reports\assertio-holdings-inc\NASDAQ_ASRT_2019.pdf,assertio-holdings-inc,"ASSERTIO THERAPEUTICS, INC.",False,
../downolad_files/data/nasdaq_annual_reports\assertio-holdings-inc\NASDAQ_ASRT_2020.pdf,assertio-holdings-inc,"ASSERTIO HOLDINGS, INC.",False,
../downolad_files/data/nasdaq_annual_reports\assertio-holdings-inc\NASDAQ_ASRT_2021.pdf,assertio-holdings-inc,"ASSERTIO HOLDINGS, INC.",False,
../downolad_files/data/nasdaq_annual_reports\asta-funding\NASDAQ_ASFI_2014.pdf,asta-funding,,,
../downolad_files/data/nasdaq_annual_reports\asta-funding\NASDAQ_ASFI_2015.pdf,asta-funding,,,
../downolad_files/data/nasdaq_annual_reports\asta-funding\NASDAQ_ASFI_2016.pdf,asta-funding,,,
../downolad_files/data/nasdaq_annual_reports\assertio-holdings-inc\NASDAQ_ASRT_2022.pdf,assertio-holdings-inc,"ASSERTIO HOLDINGS, INC.",False,
../downolad_files/data/nasdaq_annual_reports\astec-industries-inc\NASDAQ_ASTE_2017.pdf,astec-industries-inc,,,
../downolad_files/data/nasdaq_annual_reports\asta-funding\NASDAQ_ASFI_2017.pdf,asta-funding,,,
../downolad_files/data/nasdaq_annual_reports\asta-funding\NASDAQ_ASFI_2018.pdf,asta-funding,"ASTA FUNDING, INC.",False,
../downolad_files/data/nasdaq_annual_reports\astec-industries-inc\NASDAQ_ASTE_2019.pdf,astec-industries-inc,"ASTEC INDUSTRIES, INC.",False,
../downolad_files/data/nasdaq_annual_reports\astec-industries-inc\NASDAQ_ASTE_2018.pdf,astec-industries-inc,,,
../downolad_files/data/nasdaq_annual_reports\astronics-corp\NASDAQ_ATRO_2019.pdf,astronics-corp,Astronics Corporation,False,
../downolad_files/data/nasdaq_annual_reports\astronics-corp\NASDAQ_ATRO_2020.pdf,astronics-corp,Astronics Corporation,False,
../downolad_files/data/nasdaq_annual_reports\astec-industries-inc\NASDAQ_ASTE_2020.pdf,astec-industries-inc,"Astec Industries, Inc.",False,
../downolad_files/data/nasdaq_annual_reports\astec-industries-inc\NASDAQ_ASTE_2021.pdf,astec-industries-inc,"Astec Industries, Inc.",False,
../downolad_files/data/nasdaq_annual_reports\astronics-corp\NASDAQ_ATRO_2021.pdf,astronics-corp,Astronics Corporation,False,
../downolad_files/data/nasdaq_annual_reports\astronics-corp\NASDAQ_ATRO_2022.pdf,astronics-corp,,,
../downolad_files/data/nasdaq_annual_reports\astronova-inc\NASDAQ_ALOT_2019.pdf,astronova-inc,"AstroNova, Inc.",False,
../downolad_files/data/nasdaq_annual_reports\astronova-inc\NASDAQ_ALOT_2020.pdf,astronova-inc,"AstroNova, Inc.",False,
../downolad_files/data/nasdaq_annual_reports\astronova-inc\NASDAQ_ALOT_2021.pdf,astronova-inc,"AstroNova, Inc.",False,
../downolad_files/data/nasdaq_annual_reports\astronova-inc\NASDAQ_ALOT_2022.pdf,astronova-inc,"AstroNova, Inc.",False,
../downolad_files/data/nasdaq_annual_reports\asure-software\NASDAQ_ASUR_2017.pdf,asure-software,"ASURE SOFTWARE, INC.",False,
../downolad_files/data/nasdaq_annual_reports\asure-software\NASDAQ_ASUR_2019.pdf,asure-software,"ASURE SOFTWARE, INC.",False,
../downolad_files/data/nasdaq_annual_reports\asure-software\NASDAQ_ASUR_2018.pdf,asure-software,"ASURE SOFTWARE, INC.",False,
../downolad_files/data/nasdaq_annual_reports\asure-software\NASDAQ_ASUR_2020.pdf,asure-software,"ASURE SOFTWARE, INC.",False,
../downolad_files/data/nasdaq_annual_reports\asure-software\NASDAQ_ASUR_2021.pdf,asure-software,"ASURE SOFTWARE, INC.",False,
../downolad_files/data/nasdaq_annual_reports\ata-creativity-global\NASDAQ_AACG_2018.pdf,ata-creativity-global,ATA Inc.,False,
../downolad_files/data/nasdaq_annual_reports\ata-creativity-global\NASDAQ_AACG_2019.pdf,ata-creativity-global,ATA Creativity Global,False,
../downolad_files/data/nasdaq_annual_reports\ata-creativity-global\NASDAQ_AACG_2020.pdf,ata-creativity-global,ATA Creativity Global,False,
../downolad_files/data/nasdaq_annual_reports\ata-creativity-global\NASDAQ_AACG_2022.pdf,ata-creativity-global,ATA Creativity Global,False,
../downolad_files/data/nasdaq_annual_reports\ata-creativity-global\NASDAQ_AACG_2021.pdf,ata-creativity-global,ATA Creativity Global,False,
../downolad_files/data/nasdaq_annual_reports\atara-biotherapeutics-inc\NASDAQ_ATRA_2019.pdf,atara-biotherapeutics-inc,"ATARA BIO THERAPEUTICS, INC.",False,
../downolad_files/data/nasdaq_annual_reports\athenex-nc\NASDAQ_ATNX_2017.pdf,athenex-nc,"ATHENEX, INC.",False,
../downolad_files/data/nasdaq_annual_reports\atara-biotherapeutics-inc\NASDAQ_ATRA_2020.pdf,atara-biotherapeutics-inc,"ATARA BIO THERAPEUTICS, INC.",False,
../downolad_files/data/nasdaq_annual_reports\athenex-nc\NASDAQ_ATNX_2019.pdf,athenex-nc,"ATHENEX, INC.",False,
../downolad_files/data/nasdaq_annual_reports\atara-biotherapeutics-inc\NASDAQ_ATRA_2021.pdf,atara-biotherapeutics-inc,"ATARA BIO THERAPEUTICS, INC.",False,
../downolad_files/data/nasdaq_annual_reports\atara-biotherapeutics-inc\NASDAQ_ATRA_2022.pdf,atara-biotherapeutics-inc,"ATARA BIO THERAPEUTICS, INC.",False,
../downolad_files/data/nasdaq_annual_reports\athenex-nc\NASDAQ_ATNX_2018.PDF,athenex-nc,"ATHENEX, INC.",False,
../downolad_files/data/nasdaq_annual_reports\athersys-inc\NASDAQ_ATHX_2019.pdf,athersys-inc,"Athersys, Inc.",False,
../downolad_files/data/nasdaq_annual_reports\athenex-nc\NASDAQ_ATNX_2020.pdf,athenex-nc,"ATHENEX, INC.",False,
../downolad_files/data/nasdaq_annual_reports\athersys-inc\NASDAQ_ATHX_2020.pdf,athersys-inc,,,
../downolad_files/data/nasdaq_annual_reports\athenex-nc\NASDAQ_ATNX_2021.pdf,athenex-nc,"ATHENEX, INC.",False,
../downolad_files/data/nasdaq_annual_reports\athersys-inc\NASDAQ_ATHX_2021.pdf,athersys-inc,,,
../downolad_files/data/nasdaq_annual_reports\atif-holdings-limited\NASDAQ_ATIF_2020.pdf,atif-holdings-limited,ATIF Holdings Limited,False,
../downolad_files/data/nasdaq_annual_reports\atif-holdings-limited\NASDAQ_ATIF_2019.pdf,atif-holdings-limited,ATIF Holdings Limited,False,
../downolad_files/data/nasdaq_annual_reports\athersys-inc\NASDAQ_ATHX_2022.pdf,athersys-inc,"Athersys, Inc.",False,
../downolad_files/data/nasdaq_annual_reports\atif-holdings-limited\NASDAQ_ATIF_2021.pdf,atif-holdings-limited,ATIF Holdings Limited,False,
../downolad_files/data/nasdaq_annual_reports\atlantic-american-corp\NASDAQ_AAME_2018.pdf,atlantic-american-corp,ATLANTIC AMERICAN CORPORATION,False,
../downolad_files/data/nasdaq_annual_reports\atlantic-american-corp\NASDAQ_AAME_2020.pdf,atlantic-american-corp,ATLANTIC AMERICAN CORPORATION,False,
../downolad_files/data/nasdaq_annual_reports\atlantic-american-corp\NASDAQ_AAME_2019.pdf,atlantic-american-corp,ATLANTIC AMERICAN CORPORATION,False,
../downolad_files/data/nasdaq_annual_reports\atif-holdings-limited\NASDAQ_ATIF_2022.pdf,atif-holdings-limited,ATIF Holdings Limited,False,
../downolad_files/data/nasdaq_annual_reports\atlantic-capital-bank\NASDAQ_ACBI_2016.pdf,atlantic-capital-bank,"ATLANTIC CAPITAL BANCSHARES, INC.",False,
../downolad_files/data/nasdaq_annual_reports\atlantic-capital-bank\NASDAQ_ACBI_2018.pdf,atlantic-capital-bank,,,
../downolad_files/data/nasdaq_annual_reports\atlantic-capital-bank\NASDAQ_ACBI_2017.pdf,atlantic-capital-bank,"ATLANTIC CAPITAL BANCSHARES, INC.",False,
../downolad_files/data/nasdaq_annual_reports\atlantic-american-corp\NASDAQ_AAME_2021.pdf,atlantic-american-corp,ATLANTIC AMERICAN CORPORATION,False,
../downolad_files/data/nasdaq_annual_reports\atlantic-capital-bank\NASDAQ_ACBI_2019.pdf,atlantic-capital-bank,"ATLANTIC CAPITAL BANCSHARES, INC.",False,
../downolad_files/data/nasdaq_annual_reports\atlantic-tele-network-inc\NASDAQ_ATNI_2019.pdf,atlantic-tele-network-inc,"ATN INTERNATIONAL, INC.",True,
../downolad_files/data/nasdaq_annual_reports\atlantic-tele-network-inc\NASDAQ_ATNI_2022.pdf,atlantic-tele-network-inc,"ATN INTERNATIONAL, INC.",True,
../downolad_files/data/nasdaq_annual_reports\atlantic-tele-network-inc\NASDAQ_ATNI_2020.pdf,atlantic-tele-network-inc,"ATN INTERNATIONAL, INC.",True,
../downolad_files/data/nasdaq_annual_reports\atlantic-union-bankshares-corporation\NASDAQ_AUB_2017.pdf,atlantic-union-bankshares-corporation,UNION BANKSHARES CORPORATION,False,
../downolad_files/data/nasdaq_annual_reports\atlantic-union-bankshares-corporation\NASDAQ_AUB_2018.pdf,atlantic-union-bankshares-corporation,UNION BANKSHARES CORPORATION,False,
../downolad_files/data/nasdaq_annual_reports\atlantic-tele-network-inc\NASDAQ_ATNI_2021.pdf,atlantic-tele-network-inc,"ATN INTERNATIONAL, INC.",True,
../downolad_files/data/nasdaq_annual_reports\atlantic-union-bankshares-corporation\NASDAQ_AUB_2019.pdf,atlantic-union-bankshares-corporation,ATLANTIC UNION BANKSHARES CORPORATION,False,
../downolad_files/data/nasdaq_annual_reports\atlantica-yield-plc\NASDAQ_AY_2018.pdf,atlantica-yield-plc,,,
../downolad_files/data/nasdaq_annual_reports\atlantica-yield-plc\NASDAQ_AY_2019.pdf,atlantica-yield-plc,,,
../downolad_files/data/nasdaq_annual_reports\atlantic-union-bankshares-corporation\NASDAQ_AUB_2021.pdf,atlantic-union-bankshares-corporation,ATLANTIC UNION BANKSHARES CORPORATION,False,
../downolad_files/data/nasdaq_annual_reports\atlantic-union-bankshares-corporation\NASDAQ_AUB_2020.pdf,atlantic-union-bankshares-corporation,ATLANTIC UNION BANKSHARES CORPORATION,False,
../downolad_files/data/nasdaq_annual_reports\atlantica-yield-plc\NASDAQ_AY_2020.pdf,atlantica-yield-plc,,,
../downolad_files/data/nasdaq_annual_reports\atlantica-yield-plc\NASDAQ_AY_2022.pdf,atlantica-yield-plc,,,
../downolad_files/data/nasdaq_annual_reports\atlantica-yield-plc\NASDAQ_AY_2021.pdf,atlantica-yield-plc,,,
../downolad_files/data/nasdaq_annual_reports\atlanticus-holdings-corporation\NASDAQ_ATLC_2017.pdf,atlanticus-holdings-corporation,,,
../downolad_files/data/nasdaq_annual_reports\atlanticus-holdings-corporation\NASDAQ_ATLC_2018.pdf,atlanticus-holdings-corporation,,,
../downolad_files/data/nasdaq_annual_reports\atlanticus-holdings-corporation\NASDAQ_ATLC_2019.pdf,atlanticus-holdings-corporation,,,
../downolad_files/data/nasdaq_annual_reports\atlanticus-holdings-corporation\NASDAQ_ATLC_2020.pdf,atlanticus-holdings-corporation,,,
../downolad_files/data/nasdaq_annual_reports\atlas-air-worldwide-holdings-inc\NASDAQ_AAWW_2018.pdf,atlas-air-worldwide-holdings-inc,"Atlas Air Worldwide Holdings, Inc.",False,
../downolad_files/data/nasdaq_annual_reports\atlanticus-holdings-corporation\NASDAQ_ATLC_2021.pdf,atlanticus-holdings-corporation,,,
../downolad_files/data/nasdaq_annual_reports\atlas-air-worldwide-holdings-inc\NASDAQ_AAWW_2019.pdf,atlas-air-worldwide-holdings-inc,"Atlas Air Worldwide Holdings, Inc.",False,
../downolad_files/data/nasdaq_annual_reports\atlas-air-worldwide-holdings-inc\NASDAQ_AAWW_2020.pdf,atlas-air-worldwide-holdings-inc,"Atlas Air Worldwide Holdings, Inc.",False,
../downolad_files/data/nasdaq_annual_reports\atlas-air-worldwide-holdings-inc\NASDAQ_AAWW_2021.pdf,atlas-air-worldwide-holdings-inc,"Atlas Air Worldwide Holdings, Inc.",False,
../downolad_files/data/nasdaq_annual_reports\atlas-financial-holdings-inc\NASDAQ_AFH_2015.pdf,atlas-financial-holdings-inc,"ATLAS FINANCIAL HOLDINGS, INC.",False,
../downolad_files/data/nasdaq_annual_reports\atlas-financial-holdings-inc\NASDAQ_AFH_2016.pdf,atlas-financial-holdings-inc,"ATLAS FINANCIAL HOLDINGS, INC.",False,
../downolad_files/data/nasdaq_annual_reports\atlas-financial-holdings-inc\NASDAQ_AFH_2017.pdf,atlas-financial-holdings-inc,"ATLAS FINANCIAL HOLDINGS, INC.",False,
../downolad_files/data/nasdaq_annual_reports\atlas-technical-consultants-inc\NASDAQ_ATCX_2019.pdf,atlas-technical-consultants-inc,"ATLAS TECHNICAL CONSULTANTS, INC.",False,
../downolad_files/data/nasdaq_annual_reports\atlas-financial-holdings-inc\NASDAQ_AFH_2018.pdf,atlas-financial-holdings-inc,"ATLAS FINANCIAL HOLDINGS, INC.",False,
../downolad_files/data/nasdaq_annual_reports\atlas-technical-consultants-inc\NASDAQ_ATCX_2020.pdf,atlas-technical-consultants-inc,"ATLAS TECHNICAL CONSULTANTS, INC.",False,
../downolad_files/data/nasdaq_annual_reports\atlassian-corp-plc\NASDAQ_TEAM_2017.pdf,atlassian-corp-plc,Atlassian Corporation Plc,False,
../downolad_files/data/nasdaq_annual_reports\atlas-technical-consultants-inc\NASDAQ_ATCX_2021.pdf,atlas-technical-consultants-inc,"ATLAS TECHNICAL CONSULTANTS, INC.",False,
../downolad_files/data/nasdaq_annual_reports\atlassian-corp-plc\NASDAQ_TEAM_2018.pdf,atlassian-corp-plc,Atlassian Corporation Plc,False,
../downolad_files/data/nasdaq_annual_reports\atlassian-corp-plc\NASDAQ_TEAM_2019.pdf,atlassian-corp-plc,Atlassian Corporation Plc,False,
../downolad_files/data/nasdaq_annual_reports\atlassian-corp-plc\NASDAQ_TEAM_2021.pdf,atlassian-corp-plc,Atlassian Corporation Plc,False,
../downolad_files/data/nasdaq_annual_reports\atlassian-corp-plc\NASDAQ_TEAM_2020.pdf,atlassian-corp-plc,Atlassian Corporation Plc,False,
../downolad_files/data/nasdaq_annual_reports\atomera-inc\NASDAQ_ATOM%20_2016.pdf,atomera-inc,ATOMERA INCORPORATED,False,
../downolad_files/data/nasdaq_annual_reports\atomera-inc\NASDAQ_ATOM%20_2017.pdf,atomera-inc,ATOMERA INCORPORATED,False,
../downolad_files/data/nasdaq_annual_reports\atomera-inc\NASDAQ_ATOM%20_2018.pdf,atomera-inc,ATOMERA INCORPORATED,False,
../downolad_files/data/nasdaq_annual_reports\atomera-inc\NASDAQ_ATOM_2019.pdf,atomera-inc,ATOMERA INCORPORATED,False,
../downolad_files/data/nasdaq_annual_reports\atomera-inc\NASDAQ_ATOM_2020.pdf,atomera-inc,ATOMERA INCORPORATED,False,
../downolad_files/data/nasdaq_annual_reports\atossa-therapeutics-inc\NASDAQ_ATOS_2018.pdf,atossa-therapeutics-inc,ATOSSA GENETICS INC.,False,
../downolad_files/data/nasdaq_annual_reports\atossa-therapeutics-inc\NASDAQ_ATOS_2019.pdf,atossa-therapeutics-inc,"ATOSSA THERAPEUTICS, INC.",False,
../downolad_files/data/nasdaq_annual_reports\atossa-therapeutics-inc\NASDAQ_ATOS_2021.pdf,atossa-therapeutics-inc,"ATOSSA THERAPEUTICS, INC.",False,
../downolad_files/data/nasdaq_annual_reports\atossa-therapeutics-inc\NASDAQ_ATOS_2020.pdf,atossa-therapeutics-inc,"ATOSSA THERAPEUTICS, INC.",False,
../downolad_files/data/nasdaq_annual_reports\atreca-inc\NASDAQ_BCEL_2019.pdf,atreca-inc,"ATRECA, INC.",False,
../downolad_files/data/nasdaq_annual_reports\atreca-inc\NASDAQ_BCEL_2020.pdf,atreca-inc,"ATRECA, INC.",False,
../downolad_files/data/nasdaq_annual_reports\atricure-inc\NASDAQ_ATRC_2018.pdf,atricure-inc,"AtriCure, Inc.",False,
../downolad_files/data/nasdaq_annual_reports\atreca-inc\NASDAQ_BCEL_2021.pdf,atreca-inc,"ATRECA, INC.",False,
../downolad_files/data/nasdaq_annual_reports\atricure-inc\NASDAQ_ATRC_2019.pdf,atricure-inc,"AtriCure, Inc.",False,
../downolad_files/data/nasdaq_annual_reports\atricure-inc\NASDAQ_ATRC_2021.pdf,atricure-inc,"AtriCure, Inc.",False,
../downolad_files/data/nasdaq_annual_reports\atricure-inc\NASDAQ_ATRC_2020.pdf,atricure-inc,"AtriCure, Inc.",False,
../downolad_files/data/nasdaq_annual_reports\atrion-corp\NASDAQ_ATRI_2018.pdf,atrion-corp,,,
../downolad_files/data/nasdaq_annual_reports\atrion-corp\NASDAQ_ATRI_2021.pdf,atrion-corp,,,
../downolad_files/data/nasdaq_annual_reports\atrion-corp\NASDAQ_ATRI_2019.pdf,atrion-corp,,,
../downolad_files/data/nasdaq_annual_reports\atrion-corp\NASDAQ_ATRI_2020.pdf,atrion-corp,,,
../downolad_files/data/nasdaq_annual_reports\atyr-pharma-inc\NASDAQ_LIFE_2018.pdf,atyr-pharma-inc,"ATYR PHARMA, INC.",False,
../downolad_files/data/nasdaq_annual_reports\atyr-pharma-inc\NASDAQ_LIFE_2019.pdf,atyr-pharma-inc,"ATYR PHARMA, INC.",False,
../downolad_files/data/nasdaq_annual_reports\atyr-pharma-inc\NASDAQ_LIFE_2021.pdf,atyr-pharma-inc,"ATYR PHARMA, INC.",False,
../downolad_files/data/nasdaq_annual_reports\atyr-pharma-inc\NASDAQ_LIFE_2020.pdf,atyr-pharma-inc,"ATYR PHARMA, INC.",False,
../downolad_files/data/nasdaq_annual_reports\auburn-national-bancorporation-inc\NASDAQ_AUBN_2018.pdf,auburn-national-bancorporation-inc,,,
../downolad_files/data/nasdaq_annual_reports\auburn-national-bancorporation-inc\NASDAQ_AUBN_2019.pdf,auburn-national-bancorporation-inc,,,
../downolad_files/data/nasdaq_annual_reports\auburn-national-bancorporation-inc\NASDAQ_AUBN_2020.pdf,auburn-national-bancorporation-inc,"Auburn National Bancorporation, Inc.",False,
../downolad_files/data/nasdaq_annual_reports\auburn-national-bancorporation-inc\NASDAQ_AUBN_2021.pdf,auburn-national-bancorporation-inc,"Auburn National Bancorporation, Inc.",False,
../downolad_files/data/nasdaq_annual_reports\audiocodes-ltd\NASDAQ_AUDC_2016.pdf,audiocodes-ltd,,,
../downolad_files/data/nasdaq_annual_reports\audiocodes-ltd\NASDAQ_AUDC_2017.pdf,audiocodes-ltd,,,
../downolad_files/data/nasdaq_annual_reports\audiocodes-ltd\NASDAQ_AUDC_2019.pdf,audiocodes-ltd,,,
../downolad_files/data/nasdaq_annual_reports\audiocodes-ltd\NASDAQ_AUDC_2018.pdf,audiocodes-ltd,,,
../downolad_files/data/nasdaq_annual_reports\audioeye-inc\NASDAQ_AEYE_2016.pdf,audioeye-inc,"AudioEye, Inc.",False,
../downolad_files/data/nasdaq_annual_reports\audiocodes-ltd\NASDAQ_AUDC_2020.pdf,audiocodes-ltd,,,
../downolad_files/data/nasdaq_annual_reports\audioeye-inc\NASDAQ_AEYE_2017.pdf,audioeye-inc,"AudioEye, Inc.",False,
../downolad_files/data/nasdaq_annual_reports\audioeye-inc\NASDAQ_AEYE_2018.pdf,audioeye-inc,"AudioEye, Inc.",False,
../downolad_files/data/nasdaq_annual_reports\audioeye-inc\NASDAQ_AEYE_2019.pdf,audioeye-inc,"AudioEye, Inc.",False,
../downolad_files/data/nasdaq_annual_reports\audioeye-inc\NASDAQ_AEYE_2020.pdf,audioeye-inc,"AudioEye, Inc.",False,
../downolad_files/data/nasdaq_annual_reports\auris-medical-holding-ltd\NASDAQ_EARS_2017.pdf,auris-medical-holding-ltd,AURIS MEDICAL HOLDING AG,False,
../downolad_files/data/nasdaq_annual_reports\auris-medical-holding-ltd\NASDAQ_EARS_2018.pdf,auris-medical-holding-ltd,AURIS MEDICAL HOLDING AG,False,
../downolad_files/data/nasdaq_annual_reports\auris-medical-holding-ltd\NASDAQ_EARS_2019.pdf,auris-medical-holding-ltd,AURIS MEDICAL HOLDING LTD.,False,
../downolad_files/data/nasdaq_annual_reports\auris-medical-holding-ltd\NASDAQ_EARS_2020.pdf,auris-medical-holding-ltd,AURIS MEDICAL HOLDING LTD.,False,
../downolad_files/data/nasdaq_annual_reports\auris-medical-holding-ltd\NASDAQ_EARS_2021.pdf,auris-medical-holding-ltd,(formerly Auris Medical Holding Ltd.),False,
../downolad_files/data/nasdaq_annual_reports\aurora-mobile-limited\NASDAQ_JG_2018.pdf,aurora-mobile-limited,Aurora Mobile Limited,False,
../downolad_files/data/nasdaq_annual_reports\aurora-mobile-limited\NASDAQ_JG_2019.pdf,aurora-mobile-limited,Aurora Mobile Limited,False,
../downolad_files/data/nasdaq_annual_reports\aurora-mobile-limited\NASDAQ_JG_2020.pdf,aurora-mobile-limited,Aurora Mobile Limited,False,
../downolad_files/data/nasdaq_annual_reports\autodesk-inc\NASDAQ_ADSK_2019.pdf,autodesk-inc,,,
../downolad_files/data/nasdaq_annual_reports\aurora-mobile-limited\NASDAQ_JG_2021.pdf,aurora-mobile-limited,Aurora Mobile Limited,False,
../downolad_files/data/nasdaq_annual_reports\autodesk-inc\NASDAQ_ADSK_2020.pdf,autodesk-inc,,,
../downolad_files/data/nasdaq_annual_reports\autodesk-inc\NASDAQ_ADSK_2021.pdf,autodesk-inc,,,
../downolad_files/data/nasdaq_annual_reports\autodesk-inc\NASDAQ_ADSK_2022.pdf,autodesk-inc,,,
../downolad_files/data/nasdaq_annual_reports\autolus-therapeutics-plc\NASDAQ_AUTL_2018.pdf,autolus-therapeutics-plc,Autolus Therapeutics plc,False,
../downolad_files/data/nasdaq_annual_reports\autolus-therapeutics-plc\NASDAQ_AUTL_2019.pdf,autolus-therapeutics-plc,Autolus Therapeutics plc,False,
../downolad_files/data/nasdaq_annual_reports\autolus-therapeutics-plc\NASDAQ_AUTL_2020.pdf,autolus-therapeutics-plc,Autolus Therapeutics plc,False,
../downolad_files/data/nasdaq_annual_reports\autolus-therapeutics-plc\NASDAQ_AUTL_2021.pdf,autolus-therapeutics-plc,Autolus Therapeutics plc,False,
../downolad_files/data/nasdaq_annual_reports\autoweb-lnc\NASDAQ_AUTO_2018.pdf,autoweb-lnc,"AutoWeb, Inc.",False,
../downolad_files/data/nasdaq_annual_reports\autoweb-lnc\NASDAQ_AUTO_2019.pdf,autoweb-lnc,"AutoWeb, Inc.",False,
../downolad_files/data/nasdaq_annual_reports\autoweb-lnc\NASDAQ_AUTO_2020.pdf,autoweb-lnc,"AutoWeb, Inc.",False,
../downolad_files/data/nasdaq_annual_reports\autoweb-lnc\NASDAQ_AUTO_2021.pdf,autoweb-lnc,"AutoWeb, Inc.",False,
../downolad_files/data/nasdaq_annual_reports\avadel-pharmaceuticals-plc\NASDAQ_AVDL_2018.pdf,avadel-pharmaceuticals-plc,AVADEL PHARMACEUTICALS PLC,False,
../downolad_files/data/nasdaq_annual_reports\avadel-pharmaceuticals-plc\NASDAQ_AVDL_2019.pdf,avadel-pharmaceuticals-plc,AVADEL PHARMACEUTICALS PLC,False,
../downolad_files/data/nasdaq_annual_reports\avadel-pharmaceuticals-plc\NASDAQ_AVDL_2020.pdf,avadel-pharmaceuticals-plc,AVADEL PHARMACEUTICALS PLC,False,
../downolad_files/data/nasdaq_annual_reports\avadel-pharmaceuticals-plc\NASDAQ_AVDL_2021.pdf,avadel-pharmaceuticals-plc,AVADEL PHARMACEUTICALS PLC,False,
../downolad_files/data/nasdaq_annual_reports\avalon-globocare-corp\NASDAQ_AVCO_2018.pdf,avalon-globocare-corp,,,
../downolad_files/data/nasdaq_annual_reports\avalon-globocare-corp\NASDAQ_AVCO_2019.pdf,avalon-globocare-corp,,,
../downolad_files/data/nasdaq_annual_reports\avalon-globocare-corp\NASDAQ_AVCO_2020.pdf,avalon-globocare-corp,,,
../downolad_files/data/nasdaq_annual_reports\avenue-therapeutics-inc\NASDAQ_ATXI_2018.pdf,avenue-therapeutics-inc,"AVENUE THERAPEUTICS, INC.",False,
../downolad_files/data/nasdaq_annual_reports\avalon-globocare-corp\NASDAQ_AVCO_2021.pdf,avalon-globocare-corp,,,
../downolad_files/data/nasdaq_annual_reports\avenue-therapeutics-inc\NASDAQ_ATXI_2019.pdf,avenue-therapeutics-inc,"AVENUE THERAPEUTICS, INC.",False,
../downolad_files/data/nasdaq_annual_reports\avenue-therapeutics-inc\NASDAQ_ATXI_2021.pdf,avenue-therapeutics-inc,"AVENUE THERAPEUTICS, INC.",False,
../downolad_files/data/nasdaq_annual_reports\aveo-pharmaceuticals-inc\NASDAQ_AVEO_2018.pdf,aveo-pharmaceuticals-inc,"AVEO PHARMACEUTICALS, INC.",False,
../downolad_files/data/nasdaq_annual_reports\aveo-pharmaceuticals-inc\NASDAQ_AVEO_2019.pdf,aveo-pharmaceuticals-inc,"AVEO PHARMACEUTICALS, INC.",False,
../downolad_files/data/nasdaq_annual_reports\aviat-networks-inc\NASDAQ_AVNW_2018.pdf,aviat-networks-inc,,,
../downolad_files/data/nasdaq_annual_reports\avenue-therapeutics-inc\NASDAQ_ATXI_2020.pdf,avenue-therapeutics-inc,"AVENUE THERAPEUTICS, INC.",False,
../downolad_files/data/nasdaq_annual_reports\aviat-networks-inc\NASDAQ_AVNW_2019.pdf,aviat-networks-inc,,,
../downolad_files/data/nasdaq_annual_reports\aviat-networks-inc\NASDAQ_AVNW_2020.pdf,aviat-networks-inc,,,
../downolad_files/data/nasdaq_annual_reports\aveo-pharmaceuticals-inc\NASDAQ_AVEO_2020.pdf,aveo-pharmaceuticals-inc,"AVEO PHARMACEUTICALS, INC.",False,
../downolad_files/data/nasdaq_annual_reports\aveo-pharmaceuticals-inc\NASDAQ_AVEO_2021.pdf,aveo-pharmaceuticals-inc,"AVEO PHARMACEUTICALS, INC.",False,
../downolad_files/data/nasdaq_annual_reports\aviat-networks-inc\NASDAQ_AVNW_2021.pdf,aviat-networks-inc,,,
../downolad_files/data/nasdaq_annual_reports\avid-bioservices-inc\NASDAQ_CDMO_2019.pdf,avid-bioservices-inc,"AVID BIOSERVICES, INC.",False,
../downolad_files/data/nasdaq_annual_reports\avid-bioservices-inc\NASDAQ_CDMO_2018.pdf,avid-bioservices-inc,"AVID BIOSERVICES, INC.",False,
../downolad_files/data/nasdaq_annual_reports\avid-bioservices-inc\NASDAQ_CDMO_2020.pdf,avid-bioservices-inc,"AVID BIOSERVICES, INC.",False,
../downolad_files/data/nasdaq_annual_reports\avid-technology-inc\NASDAQ_AVID_2018.pdf,avid-technology-inc,"Avid Technology, Inc.",False,
../downolad_files/data/nasdaq_annual_reports\avid-technology-inc\NASDAQ_AVID_2019.pdf,avid-technology-inc,"Avid Technology, Inc.",False,
../downolad_files/data/nasdaq_annual_reports\avid-technology-inc\NASDAQ_AVID_2020.pdf,avid-technology-inc,"Avid Technology, Inc.",False,
../downolad_files/data/nasdaq_annual_reports\avid-technology-inc\NASDAQ_AVID_2021.pdf,avid-technology-inc,"Avid Technology, Inc.",False,
../downolad_files/data/nasdaq_annual_reports\avinger\NASDAQ_AVGR_2016.pdf,avinger,"AVINGER, INC.",False,
../downolad_files/data/nasdaq_annual_reports\avinger\NASDAQ_AVGR_2017.pdf,avinger,"AVINGER, INC.",False,
../downolad_files/data/nasdaq_annual_reports\avis-budget-group-inc\NASDAQ_CAR_2018.pdf,avis-budget-group-inc,"AVIS BUDGET GROUP, INC.",False,
../downolad_files/data/nasdaq_annual_reports\avinger\NASDAQ_AVGR_2018.pdf,avinger,"AVINGER, INC.",False,
../downolad_files/data/nasdaq_annual_reports\avinger\NASDAQ_AVGR_2019.pdf,avinger,"AVINGER, INC.",False,
../downolad_files/data/nasdaq_annual_reports\avis-budget-group-inc\NASDAQ_CAR_2019.pdf,avis-budget-group-inc,"AVIS BUDGET GROUP, INC.",False,
../downolad_files/data/nasdaq_annual_reports\avinger\NASDAQ_AVGR_2020.pdf,avinger,"AVINGER, INC.",False,
../downolad_files/data/nasdaq_annual_reports\avis-budget-group-inc\NASDAQ_CAR_2020.pdf,avis-budget-group-inc,"AVIS BUDGET GROUP, INC.",False,
../downolad_files/data/nasdaq_annual_reports\avis-budget-group-inc\NASDAQ_CAR_2021.pdf,avis-budget-group-inc,"AVIS BUDGET GROUP, INC.",False,
../downolad_files/data/nasdaq_annual_reports\avita-medical-limited\NASDAQ_RCEL_2019.pdf,avita-medical-limited,,,
../downolad_files/data/nasdaq_annual_reports\avita-medical-limited\NASDAQ_RCEL_2020.pdf,avita-medical-limited,"AVITA THERAPEUTICS, INC.",False,
../downolad_files/data/nasdaq_annual_reports\avrobio-inc\NASDAQ_AVRO_2018.pdf,avrobio-inc,"AVROBIO, INC.",False,
../downolad_files/data/nasdaq_annual_reports\avrobio-inc\NASDAQ_AVRO_2019.pdf,avrobio-inc,"AVROBIO, INC.",False,
../downolad_files/data/nasdaq_annual_reports\aware-inc\NASDAQ_AWRE_2018.pdf,aware-inc,"AWARE, INC.",False,
../downolad_files/data/nasdaq_annual_reports\avrobio-inc\NASDAQ_AVRO_2020.pdf,avrobio-inc,"AVROBIO, INC.",False,
../downolad_files/data/nasdaq_annual_reports\avrobio-inc\NASDAQ_AVRO_2021.pdf,avrobio-inc,"AVROBIO, INC.",False,
../downolad_files/data/nasdaq_annual_reports\axcelis-technologies-inc\NASDAQ_ACLS_2018.pdf,axcelis-technologies-inc,"AXCELIS TECHNOLOGIES, INC.",False,
../downolad_files/data/nasdaq_annual_reports\aware-inc\NASDAQ_AWRE_2019.pdf,aware-inc,"AWARE, INC.",False,
../downolad_files/data/nasdaq_annual_reports\aware-inc\NASDAQ_AWRE_2020.pdf,aware-inc,"AWARE, INC.",False,
../downolad_files/data/nasdaq_annual_reports\axcelis-technologies-inc\NASDAQ_ACLS_2019.PDF,axcelis-technologies-inc,"AXCELIS TECHNOLOGIES, INC.",False,
../downolad_files/data/nasdaq_annual_reports\aware-inc\NASDAQ_AWRE_2021.pdf,aware-inc,"AWARE, INC.",False,
../downolad_files/data/nasdaq_annual_reports\axcelis-technologies-inc\NASDAQ_ACLS_2020.pdf,axcelis-technologies-inc,"AXCELIS TECHNOLOGIES, INC.",False,
../downolad_files/data/nasdaq_annual_reports\axcelis-technologies-inc\NASDAQ_ACLS_2021.pdf,axcelis-technologies-inc,"AXCELIS TECHNOLOGIES, INC.",False,
../downolad_files/data/nasdaq_annual_reports\axcella-health-inc\NASDAQ_AXLA_2020.pdf,axcella-health-inc,AXCELLA HEALTH INC.,False,
../downolad_files/data/nasdaq_annual_reports\axcella-health-inc\NASDAQ_AXLA_2019.pdf,axcella-health-inc,AXCELLA HEALTH INC.,False,
../downolad_files/data/nasdaq_annual_reports\axcella-health-inc\NASDAQ_AXLA_2021.pdf,axcella-health-inc,AXCELLA HEALTH INC.,False,
../downolad_files/data/nasdaq_annual_reports\axogen-inc\NASDAQ_AXGN_2018.pdf,axogen-inc,"AXOGEN, INC.",False,
../downolad_files/data/nasdaq_annual_reports\axon-enterprise-inc\NASDAQ_AXON_2019.pdf,axon-enterprise-inc,,,
../downolad_files/data/nasdaq_annual_reports\axogen-inc\NASDAQ_AXGN_2019.pdf,axogen-inc,"AXOGEN, INC.",False,
../downolad_files/data/nasdaq_annual_reports\axon-enterprise-inc\NASDAQ_AXON_2020.pdf,axon-enterprise-inc,,,
../downolad_files/data/nasdaq_annual_reports\axogen-inc\NASDAQ_AXGN_2020.pdf,axogen-inc,"AXOGEN, INC.",False,
../downolad_files/data/nasdaq_annual_reports\axogen-inc\NASDAQ_AXGN_2021.pdf,axogen-inc,"AXOGEN, INC.",False,
../downolad_files/data/nasdaq_annual_reports\axon-enterprise-inc\NASDAQ_AXON_2021.pdf,axon-enterprise-inc,"Axon Enterprise, Inc.",False,
../downolad_files/data/nasdaq_annual_reports\axonics-modulation-technologies-inc\NASDAQ_AXNX_2018.pdf,axonics-modulation-technologies-inc,"Axonics Modulation Technologies, Inc.",False,
../downolad_files/data/nasdaq_annual_reports\axonics-modulation-technologies-inc\NASDAQ_AXNX_2019.pdf,axonics-modulation-technologies-inc,"Axonics Modulation Technologies, Inc.",False,
../downolad_files/data/nasdaq_annual_reports\axonics-modulation-technologies-inc\NASDAQ_AXNX_2020.pdf,axonics-modulation-technologies-inc,"Axonics Modulation Technologies, Inc.",False,
../downolad_files/data/nasdaq_annual_reports\axsome-therapeutics-inc\NASDAQ_AXSM_2017.pdf,axsome-therapeutics-inc,"AXSOME THERAPEUTICS, INC.",False,
../downolad_files/data/nasdaq_annual_reports\axsome-therapeutics-inc\NASDAQ_AXSM_2016.pdf,axsome-therapeutics-inc,"AXSOME THERAPEUTICS, INC.",False,
../downolad_files/data/nasdaq_annual_reports\axsome-therapeutics-inc\NASDAQ_AXSM_2018.pdf,axsome-therapeutics-inc,"AXSOME THERAPEUTICS, INC.",False,
../downolad_files/data/nasdaq_annual_reports\axsome-therapeutics-inc\NASDAQ_AXSM_2019.pdf,axsome-therapeutics-inc,"AXSOME THERAPEUTICS, INC.",False,
../downolad_files/data/nasdaq_annual_reports\axt-inc\NASDAQ_AXTI_2019.pdf,axt-inc,"AXT, INC.",False,
../downolad_files/data/nasdaq_annual_reports\axt-inc\NASDAQ_AXTI_2018.pdf,axt-inc,"AXT, INC.",False,
../downolad_files/data/nasdaq_annual_reports\axsome-therapeutics-inc\NASDAQ_AXSM_2020.pdf,axsome-therapeutics-inc,"AXSOME THERAPEUTICS, INC.",False,
../downolad_files/data/nasdaq_annual_reports\axt-inc\NASDAQ_AXTI_2020.pdf,axt-inc,"AXT, INC.",False,
../downolad_files/data/nasdaq_annual_reports\axt-inc\NASDAQ_AXTI_2021.pdf,axt-inc,"AXT, INC.",False,
../downolad_files/data/nasdaq_annual_reports\aytu-bioscience-inc\NASDAQ_AYTU_2017.pdf,aytu-bioscience-inc,"AYTU BIOSCIENCE, INC.",False,
../downolad_files/data/nasdaq_annual_reports\aytu-bioscience-inc\NASDAQ_AYTU_2018.pdf,aytu-bioscience-inc,"AYTU BIOSCIENCE, INC.",False,
../downolad_files/data/nasdaq_annual_reports\aytu-bioscience-inc\NASDAQ_AYTU_2016.pdf,aytu-bioscience-inc,"AYTU BIOSCIENCE, INC.",False,
../downolad_files/data/nasdaq_annual_reports\b-communications-ltd\NASDAQ_BCOM_2019.pdf,b-communications-ltd,,,
../downolad_files/data/nasdaq_annual_reports\b-communications-ltd\NASDAQ_BCOM_2020.pdf,b-communications-ltd,,,
../downolad_files/data/nasdaq_annual_reports\aytu-bioscience-inc\NASDAQ_AYTU_2020.pdf,aytu-bioscience-inc,"AYTU BIOSCIENCE, INC.",False,
../downolad_files/data/nasdaq_annual_reports\b-communications-ltd\NASDAQ_BCOM_2021.pdf,b-communications-ltd,,,
../downolad_files/data/nasdaq_annual_reports\aytu-bioscience-inc\NASDAQ_AYTU_2019.pdf,aytu-bioscience-inc,"AYTU BIOSCIENCE, INC.",False,
../downolad_files/data/nasdaq_annual_reports\baidu-inc\NASDAQ_BIDU_2016.pdf,baidu-inc,"Baidu, Inc.",False,
../downolad_files/data/nasdaq_annual_reports\baidu-inc\NASDAQ_BIDU_2017.pdf,baidu-inc,"Baidu, Inc.",False,
../downolad_files/data/nasdaq_annual_reports\baidu-inc\NASDAQ_BIDU_2018.pdf,baidu-inc,"Baidu, Inc.",False,
../downolad_files/data/nasdaq_annual_reports\baidu-inc\NASDAQ_BIDU_2019.pdf,baidu-inc,"Baidu, Inc.",False,
../downolad_files/data/nasdaq_annual_reports\balchem-corporation\NASDAQ_BCPC_2018.pdf,balchem-corporation,Balchem Corporation,False,
../downolad_files/data/nasdaq_annual_reports\balchem-corporation\NASDAQ_BCPC_2019.pdf,balchem-corporation,,,
../downolad_files/data/nasdaq_annual_reports\balchem-corporation\NASDAQ_BCPC_2020.pdf,balchem-corporation,Balchem Corporation,False,
../downolad_files/data/nasdaq_annual_reports\balchem-corporation\NASDAQ_BCPC_2021.pdf,balchem-corporation,Balchem Corporation,False,
../downolad_files/data/nasdaq_annual_reports\baidu-inc\NASDAQ_BIDU_2020.pdf,baidu-inc,"Baidu, Inc.",False,
../downolad_files/data/nasdaq_annual_reports\ballard-power-systems\NASDAQ_BLDP_2019.pdf,ballard-power-systems,,,
../downolad_files/data/nasdaq_annual_reports\ballard-power-systems\NASDAQ_BLDP_2020.pdf,ballard-power-systems,,,
../downolad_files/data/nasdaq_annual_reports\ballard-power-systems\NASDAQ_BLDP_2017.pdf,ballard-power-systems,,,
../downolad_files/data/nasdaq_annual_reports\bancorp-34-inc\NASDAQ_BCTF_2018.pdf,bancorp-34-inc,,,
../downolad_files/data/nasdaq_annual_reports\ballard-power-systems\NASDAQ_BLDP_2018.pdf,ballard-power-systems,,,
../downolad_files/data/nasdaq_annual_reports\bancorp-34-inc\NASDAQ_BCTF_2017.pdf,bancorp-34-inc,"Bancorp 34, Inc.",False,
../downolad_files/data/nasdaq_annual_reports\ballard-power-systems\NASDAQ_BLDP_2021.pdf,ballard-power-systems,,,
../downolad_files/data/nasdaq_annual_reports\bancorp-34-inc\NASDAQ_BCTF_2019.pdf,bancorp-34-inc,"Bancorp 34, Inc.",False,
../downolad_files/data/nasdaq_annual_reports\bancorp-34-inc\NASDAQ_BCTF_2020.pdf,bancorp-34-inc,,,
../downolad_files/data/nasdaq_annual_reports\bancorp-inc\NASDAQ_TBBK_2018.pdf,bancorp-inc,"The Bancorp, Inc.",False,
../downolad_files/data/nasdaq_annual_reports\bancorp-inc\NASDAQ_TBBK_2019.pdf,bancorp-inc,"The Bancorp, Inc.",False,
../downolad_files/data/nasdaq_annual_reports\bancorp-inc\NASDAQ_TBBK_2020.pdf,bancorp-inc,"The Bancorp, Inc.",False,
../downolad_files/data/nasdaq_annual_reports\bancorp-inc\NASDAQ_TBBK_2021.pdf,bancorp-inc,"The Bancorp, Inc.",False,
../downolad_files/data/nasdaq_annual_reports\bandwidth\NASDAQ_BAND_2019.pdf,bandwidth,BANDWIDTH INC.,False,
../downolad_files/data/nasdaq_annual_reports\bandwidth\NASDAQ_BAND_2018.pdf,bandwidth,Bandwidth Inc.,False,
../downolad_files/data/nasdaq_annual_reports\bandwidth\NASDAQ_BAND_2020.pdf,bandwidth,BANDWIDTH INC.,False,
../downolad_files/data/nasdaq_annual_reports\bank-first-national\NASDAQ_BFC_2016.pdf,bank-first-national,,,
../downolad_files/data/nasdaq_annual_reports\bank-first-national\NASDAQ_BFC_2017.pdf,bank-first-national,,,
../downolad_files/data/nasdaq_annual_reports\bank-first-national\NASDAQ_BFC_2018.pdf,bank-first-national,,,
../downolad_files/data/nasdaq_annual_reports\bank-first-national\NASDAQ_BFC_2020.pdf,bank-first-national,,,
../downolad_files/data/nasdaq_annual_reports\bank-first-national\NASDAQ_BFC_2019.pdf,bank-first-national,BANK FIRST CORPORATION,False,
../downolad_files/data/nasdaq_annual_reports\bandwidth\NASDAQ_BAND_2021.pdf,bandwidth,,,
../downolad_files/data/nasdaq_annual_reports\bank-of-commerce-holdings\NASDAQ_BOCH_2017.pdf,bank-of-commerce-holdings,Bank of Commerce Holdings,False,
../downolad_files/data/nasdaq_annual_reports\bank-of-commerce-holdings\NASDAQ_BOCH_2020.pdf,bank-of-commerce-holdings,Bank of Commerce Holdings,False,
../downolad_files/data/nasdaq_annual_reports\bank-of-commerce-holdings\NASDAQ_BOCH_2019.pdf,bank-of-commerce-holdings,Bank of Commerce Holdings,False,
../downolad_files/data/nasdaq_annual_reports\bank-of-marin-bancorp\NASDAQ_BMRC_2016.pdf,bank-of-marin-bancorp,Bank of Marin Bancorp,False,
../downolad_files/data/nasdaq_annual_reports\bank-of-marin-bancorp\NASDAQ_BMRC_2017.pdf,bank-of-marin-bancorp,Bank of Marin Bancorp,False,
../downolad_files/data/nasdaq_annual_reports\bank-of-marin-bancorp\NASDAQ_BMRC_2018.pdf,bank-of-marin-bancorp,Bank of Marin Bancorp,False,
../downolad_files/data/nasdaq_annual_reports\bank-of-marin-bancorp\NASDAQ_BMRC_2019.pdf,bank-of-marin-bancorp,Bank of Marin Bancorp,False,
../downolad_files/data/nasdaq_annual_reports\bank-of-marin-bancorp\NASDAQ_BMRC_2020.pdf,bank-of-marin-bancorp,Bank of Marin Bancorp,False,
../downolad_files/data/nasdaq_annual_reports\bank-of-the-james-financial-group-inc\NASDAQ_BOTJ_2019.pdf,bank-of-the-james-financial-group-inc,,,
../downolad_files/data/nasdaq_annual_reports\bank-of-commerce-holdings\NASDAQ_BOCH_2018.pdf,bank-of-commerce-holdings,Bank of Commerce Holdings,False,
../downolad_files/data/nasdaq_annual_reports\bank-ozk\NASDAQ_OZK_2019.pdf,bank-ozk,,,
../downolad_files/data/nasdaq_annual_reports\bank-ozk\NASDAQ_OZK_2020.pdf,bank-ozk,,,
../downolad_files/data/nasdaq_annual_reports\bank-of-the-james-financial-group-inc\NASDAQ_BOTJ_2020.pdf,bank-of-the-james-financial-group-inc,,,
../downolad_files/data/nasdaq_annual_reports\bank-ozk\NASDAQ_OZK_2021.pdf,bank-ozk,,,
../downolad_files/data/nasdaq_annual_reports\bank-ozk\NASDAQ_OZK_2022.pdf,bank-ozk,,,
../downolad_files/data/nasdaq_annual_reports\bank7-corp\NASDAQ_BSVN_2019.pdf,bank7-corp,BANK7 CORP.,False,
../downolad_files/data/nasdaq_annual_reports\bank7-corp\NASDAQ_BSVN_2020.pdf,bank7-corp,BANK7 CORP.,False,
../downolad_files/data/nasdaq_annual_reports\bank7-corp\NASDAQ_BSVN_2018.pdf,bank7-corp,BANK7 CORP.,False,
../downolad_files/data/nasdaq_annual_reports\bankfinancial-corporation\NASDAQ_BFIN_2019.pdf,bankfinancial-corporation,,,
../downolad_files/data/nasdaq_annual_reports\bankfinancial-corporation\NASDAQ_BFIN_2021.pdf,bankfinancial-corporation,,,
../downolad_files/data/nasdaq_annual_reports\bankfinancial-corporation\NASDAQ_BFIN_2020.pdf,bankfinancial-corporation,,,
../downolad_files/data/nasdaq_annual_reports\bankwell-financial-group-inc\NASDAQ_BWFG_2018.pdf,bankwell-financial-group-inc,"Bankwell Financial Group, Inc.",False,
../downolad_files/data/nasdaq_annual_reports\bankfinancial-corporation\NASDAQ_BFIN_2018.pdf,bankfinancial-corporation,,,
../downolad_files/data/nasdaq_annual_reports\bankwell-financial-group-inc\NASDAQ_BWFG_2019.pdf,bankwell-financial-group-inc,"Bankwell Financial Group, Inc.",False,
../downolad_files/data/nasdaq_annual_reports\bankwell-financial-group-inc\NASDAQ_BWFG_2020.pdf,bankwell-financial-group-inc,"Bankwell Financial Group, Inc.",False,
../downolad_files/data/nasdaq_annual_reports\bankwell-financial-group-inc\NASDAQ_BWFG_2021.pdf,bankwell-financial-group-inc,"Bankwell Financial Group, Inc.",False,
../downolad_files/data/nasdaq_annual_reports\banner-corporation\NASDAQ_BANR_2018.pdf,banner-corporation,BANNER CORPORATION,False,
../downolad_files/data/nasdaq_annual_reports\banner-corporation\NASDAQ_BANR_2019.pdf,banner-corporation,BANNER CORPORATION,False,
../downolad_files/data/nasdaq_annual_reports\banner-corporation\NASDAQ_BANR_2020.pdf,banner-corporation,BANNER CORPORATION,False,
../downolad_files/data/nasdaq_annual_reports\banner-corporation\NASDAQ_BANR_2021.pdf,banner-corporation,BANNER CORPORATION,False,
../downolad_files/data/nasdaq_annual_reports\baozun\NASDAQ_BZUN_2017.pdf,baozun,Baozun Inc.,False,
../downolad_files/data/nasdaq_annual_reports\baozun\NASDAQ_BZUN_2019.pdf,baozun,Baozun Inc.,False,
../downolad_files/data/nasdaq_annual_reports\baozun\NASDAQ_BZUN_2020.pdf,baozun,Baozun Inc.,False,
../downolad_files/data/nasdaq_annual_reports\baozun\NASDAQ_BZUN_2018.pdf,baozun,Baozun Inc.,False,
../downolad_files/data/nasdaq_annual_reports\baozun\NASDAQ_BZUN_2021.pdf,baozun,Baozun Inc.,False,
../downolad_files/data/nasdaq_annual_reports\barrett-business-services-inc\NASDAQ_BBSI_2018.pdf,barrett-business-services-inc,"BARRETT BUSINESS SERVICES, INC.",False,
../downolad_files/data/nasdaq_annual_reports\barrett-business-services-inc\NASDAQ_BBSI_2019.pdf,barrett-business-services-inc,"BARRETT BUSINESS SERVICES, INC.",False,
../downolad_files/data/nasdaq_annual_reports\barrett-business-services-inc\NASDAQ_BBSI_2020.pdf,barrett-business-services-inc,"BARRETT BUSINESS SERVICES, INC.",False,
../downolad_files/data/nasdaq_annual_reports\bassett-furniture-industries-inc\NASDAQ_BSET_2018.pdf,bassett-furniture-industries-inc,,,
../downolad_files/data/nasdaq_annual_reports\barrett-business-services-inc\NASDAQ_BBSI_2021.pdf,barrett-business-services-inc,"BARRETT BUSINESS SERVICES, INC.",False,
../downolad_files/data/nasdaq_annual_reports\bassett-furniture-industries-inc\NASDAQ_BSET_2019.pdf,bassett-furniture-industries-inc,,,
../downolad_files/data/nasdaq_annual_reports\bassett-furniture-industries-inc\NASDAQ_BSET_2020.pdf,bassett-furniture-industries-inc,,,
../downolad_files/data/nasdaq_annual_reports\bassett-furniture-industries-inc\NASDAQ_BSET_2021.pdf,bassett-furniture-industries-inc,,,
../downolad_files/data/nasdaq_annual_reports\baudax-bio-inc\NASDAQ_BXRX_2019.pdf,baudax-bio-inc,"Baudax Bio, Inc.",False,
../downolad_files/data/nasdaq_annual_reports\baudax-bio-inc\NASDAQ_BXRX_2020.pdf,baudax-bio-inc,"Baudax Bio, Inc.",False,
../downolad_files/data/nasdaq_annual_reports\baudax-bio-inc\NASDAQ_BXRX_2021.pdf,baudax-bio-inc,"Baudax Bio, Inc.",False,
../downolad_files/data/nasdaq_annual_reports\bbq-holdings-inc\NASDAQ_BBQ_2019.pdf,bbq-holdings-inc,"BBQ HOLDINGS, INC.",False,
../downolad_files/data/nasdaq_annual_reports\bcb-bancorp-inc\NASDAQ_BCBP_2019.pdf,bcb-bancorp-inc,"BCB BANCORP, INC.",False,
../downolad_files/data/nasdaq_annual_reports\bbq-holdings-inc\NASDAQ_BBQ_2020.pdf,bbq-holdings-inc,"BBQ HOLDINGS, INC.",False,
../downolad_files/data/nasdaq_annual_reports\bcb-bancorp-inc\NASDAQ_BCBP_2020.pdf,bcb-bancorp-inc,"BCB BANCORP, INC.",False,
../downolad_files/data/nasdaq_annual_reports\bcb-bancorp-inc\NASDAQ_BCBP_2018.pdf,bcb-bancorp-inc,"BCB BANCORP, INC.",False,
../downolad_files/data/nasdaq_annual_reports\beacon-roofing-supply-inc\NASDAQ_BECN_2018.pdf,beacon-roofing-supply-inc,"BEACON ROOFING SUPPLY, INC.",False,
../downolad_files/data/nasdaq_annual_reports\beacon-roofing-supply-inc\NASDAQ_BECN_2019.pdf,beacon-roofing-supply-inc,"BEACON ROOFING SUPPLY, INC.",False,
../downolad_files/data/nasdaq_annual_reports\beacon-roofing-supply-inc\NASDAQ_BECN_2020.pdf,beacon-roofing-supply-inc,"BEACON ROOFING SUPPLY, INC.",False,
../downolad_files/data/nasdaq_annual_reports\bcb-bancorp-inc\NASDAQ_BCBP_2021.pdf,bcb-bancorp-inc,"BCB BANCORP, INC.",False,
../downolad_files/data/nasdaq_annual_reports\beacon-roofing-supply-inc\NASDAQ_BECN_2021.pdf,beacon-roofing-supply-inc,"BEACON ROOFING SUPPLY, INC.",False,
../downolad_files/data/nasdaq_annual_reports\bed-bath-beyond-inc\NASDAQ_BBBY_2018.pdf,bed-bath-beyond-inc,,,
../downolad_files/data/nasdaq_annual_reports\bed-bath-beyond-inc\NASDAQ_BBBY_2019.pdf,bed-bath-beyond-inc,,,
../downolad_files/data/nasdaq_annual_reports\bed-bath-beyond-inc\NASDAQ_BBBY_2020.pdf,bed-bath-beyond-inc,,,
../downolad_files/data/nasdaq_annual_reports\bed-bath-beyond-inc\NASDAQ_BBBY_2021.pdf,bed-bath-beyond-inc,,,
../downolad_files/data/nasdaq_annual_reports\beam-therapeutics-inc\NASDAQ_BEAM_2019.pdf,beam-therapeutics-inc,Beam Therapeutics Inc.,False,
../downolad_files/data/nasdaq_annual_reports\beigene-ltd\NASDAQ_BGNE_2016.pdf,beigene-ltd,"BEIGENE, LTD.",False,
../downolad_files/data/nasdaq_annual_reports\beigene-ltd\NASDAQ_BGNE_2017.pdf,beigene-ltd,"BEIGENE, LTD.",False,
../downolad_files/data/nasdaq_annual_reports\beam-therapeutics-inc\NASDAQ_BEAM_2020.pdf,beam-therapeutics-inc,Beam Therapeutics Inc.,False,
../downolad_files/data/nasdaq_annual_reports\beigene-ltd\NASDAQ_BGNE_2018.pdf,beigene-ltd,"BEIGENE, LTD.",False,
../downolad_files/data/nasdaq_annual_reports\beigene-ltd\NASDAQ_BGNE_2019.pdf,beigene-ltd,"BEIGENE, LTD.",False,
../downolad_files/data/nasdaq_annual_reports\beigene-ltd\NASDAQ_BGNE_2020.pdf,beigene-ltd,"BEIGENE, LTD.",False,
../downolad_files/data/nasdaq_annual_reports\bel-fuse-inc\NASDAQ_BELFB_2019.pdf,bel-fuse-inc,,,
../downolad_files/data/nasdaq_annual_reports\bel-fuse-inc\NASDAQ_BELFB_2020.pdf,bel-fuse-inc,,,
../downolad_files/data/nasdaq_annual_reports\bel-fuse-inc\NASDAQ_BELFB_2018.pdf,bel-fuse-inc,,,
../downolad_files/data/nasdaq_annual_reports\bel-fuse-inc\NASDAQ_BELFB_2021.pdf,bel-fuse-inc,,,
../downolad_files/data/nasdaq_annual_reports\bellerophon-therapeutics\NASDAQ_BLPH_2016.pdf,bellerophon-therapeutics,"Bellerophon Therapeutics, Inc.",False,
../downolad_files/data/nasdaq_annual_reports\bellerophon-therapeutics\NASDAQ_BLPH_2018.pdf,bellerophon-therapeutics,"Bellerophon Therapeutics, Inc.",False,
../downolad_files/data/nasdaq_annual_reports\bellerophon-therapeutics\NASDAQ_BLPH_2017.pdf,bellerophon-therapeutics,"Bellerophon Therapeutics, Inc.",False,
../downolad_files/data/nasdaq_annual_reports\bellerophon-therapeutics\NASDAQ_BLPH_2019.pdf,bellerophon-therapeutics,"Bellerophon Therapeutics, Inc.",False,
../downolad_files/data/nasdaq_annual_reports\bellicum-pharmaceuticals-inc\NASDAQ_BLCM_2018.pdf,bellicum-pharmaceuticals-inc,"Bellicum Pharmaceuticals, Inc.",False,
../downolad_files/data/nasdaq_annual_reports\bellerophon-therapeutics\NASDAQ_BLPH_2020.pdf,bellerophon-therapeutics,"Bellerophon Therapeutics, Inc.",False,
../downolad_files/data/nasdaq_annual_reports\bellicum-pharmaceuticals-inc\NASDAQ_BLCM_2019.pdf,bellicum-pharmaceuticals-inc,"Bellicum Pharmaceuticals, Inc.",False,
../downolad_files/data/nasdaq_annual_reports\bellicum-pharmaceuticals-inc\NASDAQ_BLCM_2020.pdf,bellicum-pharmaceuticals-inc,"Bellicum Pharmaceuticals, Inc.",False,
../downolad_files/data/nasdaq_annual_reports\benefitfocus-inc\NASDAQ_BNFT_2018.pdf,benefitfocus-inc,"Benefitfocus, Inc.",False,
../downolad_files/data/nasdaq_annual_reports\bellicum-pharmaceuticals-inc\NASDAQ_BLCM_2021.pdf,bellicum-pharmaceuticals-inc,"Bellicum Pharmaceuticals, Inc.",False,
../downolad_files/data/nasdaq_annual_reports\benefitfocus-inc\NASDAQ_BNFT_2019.pdf,benefitfocus-inc,"Benefitfocus, Inc.",False,
../downolad_files/data/nasdaq_annual_reports\benefitfocus-inc\NASDAQ_BNFT_2020.pdf,benefitfocus-inc,"Benefitfocus, Inc.",False,
../downolad_files/data/nasdaq_annual_reports\benitec-biopharma-inc\NASDAQ_BNTC_2018.pdf,benitec-biopharma-inc,,,
../downolad_files/data/nasdaq_annual_reports\benefitfocus-inc\NASDAQ_BNFT_2021.pdf,benefitfocus-inc,"Benefitfocus, Inc.",False,
../downolad_files/data/nasdaq_annual_reports\berkshire-hills-bancorp-inc\NASDAQ_BHLB_2018.pdf,berkshire-hills-bancorp-inc,,,
../downolad_files/data/nasdaq_annual_reports\berkshire-hills-bancorp-inc\NASDAQ_BHLB_2019.pdf,berkshire-hills-bancorp-inc,,,
../downolad_files/data/nasdaq_annual_reports\benitec-biopharma-inc\NASDAQ_BNTC_2021.pdf,benitec-biopharma-inc,Benitec Biopharma Inc.,False,
../downolad_files/data/nasdaq_annual_reports\benitec-biopharma-inc\NASDAQ_BNTC_2019.pdf,benitec-biopharma-inc,,,
../downolad_files/data/nasdaq_annual_reports\benitec-biopharma-inc\NASDAQ_BNTC_2020.pdf,benitec-biopharma-inc,Benitec Biopharma Inc.,False,
../downolad_files/data/nasdaq_annual_reports\berkshire-hills-bancorp-inc\NASDAQ_BHLB_2020.pdf,berkshire-hills-bancorp-inc,"BERKSHIRE HILLS BANCORP, INC.",False,
../downolad_files/data/nasdaq_annual_reports\berkshire-hills-bancorp-inc\NASDAQ_BHLB_2021.pdf,berkshire-hills-bancorp-inc,"BERKSHIRE HILLS BANCORP, INC.",False,
../downolad_files/data/nasdaq_annual_reports\berry-corporation-bry\NASDAQ_BRY_2019.pdf,berry-corporation-bry,BERRY CORPORATION (bry),False,
../downolad_files/data/nasdaq_annual_reports\berry-corporation-bry\NASDAQ_BRY_2018.pdf,berry-corporation-bry,BERRY PETROLEUM CORPORATION,False,
../downolad_files/data/nasdaq_annual_reports\berry-corporation-bry\NASDAQ_BRY_2020.PDF,berry-corporation-bry,BERRY CORPORATION (bry),False,
../downolad_files/data/nasdaq_annual_reports\beyond-air-inc\NASDAQ_XAIR_2017.pdf,beyond-air-inc,"AIT THERAPEUTICS, INC.",True,
../downolad_files/data/nasdaq_annual_reports\beyond-air-inc\NASDAQ_XAIR_2019.pdf,beyond-air-inc,"BEYOND AIR, INC.",False,
../downolad_files/data/nasdaq_annual_reports\beyond-air-inc\NASDAQ_XAIR_2020.pdf,beyond-air-inc,"BEYOND AIR, INC.",False,
../downolad_files/data/nasdaq_annual_reports\beyond-meat-inc\NASDAQ_BYND_2019.pdf,beyond-meat-inc,"BEYOND MEAT, INC.",False,
../downolad_files/data/nasdaq_annual_reports\beyond-air-inc\NASDAQ_XAIR_2021.pdf,beyond-air-inc,"BEYOND AIR, INC.",False,
../downolad_files/data/nasdaq_annual_reports\beyond-meat-inc\NASDAQ_BYND_2020.pdf,beyond-meat-inc,,,
../downolad_files/data/nasdaq_annual_reports\beyondspring-inc\NASDAQ_BYSI_2020.pdf,beyondspring-inc,BeyondSpring Inc.,False,
../downolad_files/data/nasdaq_annual_reports\beyondspring-inc\NASDAQ_BYSI_2019.pdf,beyondspring-inc,BeyondSpring Inc.,False,
../downolad_files/data/nasdaq_annual_reports\beyondspring-inc\NASDAQ_BYSI_2017.pdf,beyondspring-inc,BeyondSpring Inc.,False,
../downolad_files/data/nasdaq_annual_reports\beyondspring-inc\NASDAQ_BYSI_2021.pdf,beyondspring-inc,BeyondSpring Inc.,False,
../downolad_files/data/nasdaq_annual_reports\bgc-partners-inc\NASDAQ_BGCP_2016.pdf,bgc-partners-inc,"BGC Partners, Inc.",False,
../downolad_files/data/nasdaq_annual_reports\beyondspring-inc\NASDAQ_BYSI_2018.pdf,beyondspring-inc,BeyondSpring Inc.,False,
../downolad_files/data/nasdaq_annual_reports\bgc-partners-inc\NASDAQ_BGCP_2017.pdf,bgc-partners-inc,,,
../downolad_files/data/nasdaq_annual_reports\bgc-partners-inc\NASDAQ_BGCP_2018.pdf,bgc-partners-inc,,,
../downolad_files/data/nasdaq_annual_reports\bgc-partners-inc\NASDAQ_BGCP_2020.pdf,bgc-partners-inc,"BGC Partners, Inc.",False,
../downolad_files/data/nasdaq_annual_reports\bicycle-therapeutics-plc\NASDAQ_BCYC_2019.pdf,bicycle-therapeutics-plc,BICYCLE THERAPEUTICS PLC,False,
../downolad_files/data/nasdaq_annual_reports\bicycle-therapeutics-plc\NASDAQ_BCYC_2020.pdf,bicycle-therapeutics-plc,BICYCLE THERAPEUTICS PLC,False,
../downolad_files/data/nasdaq_annual_reports\big-5-sporting-goods-corporation\NASDAQ_BGFV_2018.pdf,big-5-sporting-goods-corporation,BIG 5 SPORTING GOODS CORPORATION,False,
../downolad_files/data/nasdaq_annual_reports\bicycle-therapeutics-plc\NASDAQ_BCYC_2021.pdf,bicycle-therapeutics-plc,BICYCLE THERAPEUTICS PLC,False,
../downolad_files/data/nasdaq_annual_reports\big-5-sporting-goods-corporation\NASDAQ_BGFV_2019.pdf,big-5-sporting-goods-corporation,BIG 5 SPORTING GOODS CORPORATION,False,
../downolad_files/data/nasdaq_annual_reports\big-5-sporting-goods-corporation\NASDAQ_BGFV_2020.pdf,big-5-sporting-goods-corporation,BIG 5 SPORTING GOODS CORPORATION,False,
../downolad_files/data/nasdaq_annual_reports\big-5-sporting-goods-corporation\NASDAQ_BGFV_2021.pdf,big-5-sporting-goods-corporation,BIG 5 SPORTING GOODS CORPORATION,False,
../downolad_files/data/nasdaq_annual_reports\bgc-partners-inc\NASDAQ_BGCP_2019.pdf,bgc-partners-inc,"BGC Partners, Inc.",False,
../downolad_files/data/nasdaq_annual_reports\bilibili\NASDAQ_BILI_2018.pdf,bilibili,Bilibili Inc.,False,
../downolad_files/data/nasdaq_annual_reports\bilibili\NASDAQ_BILI_2019.pdf,bilibili,Bilibili Inc.,False,
../downolad_files/data/nasdaq_annual_reports\bilibili\NASDAQ_BILI_2020.pdf,bilibili,Bilibili Inc.,False,
../downolad_files/data/nasdaq_annual_reports\bilibili\NASDAQ_BILI_2021.pdf,bilibili,Bilibili Inc.,False,
../downolad_files/data/nasdaq_annual_reports\bio-key-international-inc\NASDAQ_BKYI_2016.pdf,bio-key-international-inc,"BIO-KEY INTERNATIONAL, INC.",False,
../downolad_files/data/nasdaq_annual_reports\bio-key-international-inc\NASDAQ_BKYI_2017.pdf,bio-key-international-inc,"BIO-KEY INTERNATIONAL, INC.",False,
../downolad_files/data/nasdaq_annual_reports\bio-key-international-inc\NASDAQ_BKYI_2018.pdf,bio-key-international-inc,"BIO-KEY INTERNATIONAL, INC.",False,
../downolad_files/data/nasdaq_annual_reports\bio-path-holdings-inc\NASDAQ_BPTH_2018.pdf,bio-path-holdings-inc,"BIO-PATH HOLDINGS, INC.",False,
../downolad_files/data/nasdaq_annual_reports\bio-path-holdings-inc\NASDAQ_BPTH_2019.pdf,bio-path-holdings-inc,"BIO-PATH HOLDINGS, INC.",False,
../downolad_files/data/nasdaq_annual_reports\bio-key-international-inc\NASDAQ_BKYI_2019.pdf,bio-key-international-inc,"BIO-KEY INTERNATIONAL, INC.",False,
../downolad_files/data/nasdaq_annual_reports\bio-path-holdings-inc\NASDAQ_BPTH_2021.pdf,bio-path-holdings-inc,"BIO-PATH HOLDINGS, INC.",False,
../downolad_files/data/nasdaq_annual_reports\bio-key-international-inc\NASDAQ_BKYI_2020.pdf,bio-key-international-inc,"BIO-KEY INTERNATIONAL, INC.",False,
../downolad_files/data/nasdaq_annual_reports\bio-techne\NASDAQ_TECH_2019_a533c43d14974321a24bfa0c988aaaa4.pdf,bio-techne,BIO-TECHNE CORPORATION,False,
../downolad_files/data/nasdaq_annual_reports\bio-techne\NASDAQ_TECH_2020_a058c9ea1111402cb91dda86feee04f0.pdf,bio-techne,BIO-TECHNE CORPORATION,False,
../downolad_files/data/nasdaq_annual_reports\bio-path-holdings-inc\NASDAQ_BPTH_2020.pdf,bio-path-holdings-inc,"BIO-PATH HOLDINGS, INC.",False,
../downolad_files/data/nasdaq_annual_reports\bio-techne\NASDAQ_TECH_2021.pdf,bio-techne,BIO-TECHNE CORPORATION,False,
../downolad_files/data/nasdaq_annual_reports\bio-techne\NASDAQ_TECH_2022.pdf,bio-techne,,,
../downolad_files/data/nasdaq_annual_reports\bioLife-solutions\NASDAQ_BLFS_2018.pdf,bioLife-solutions,"BioLife Solutions, Inc.",False,
../downolad_files/data/nasdaq_annual_reports\bioLife-solutions\NASDAQ_BLFS_2016.pdf,bioLife-solutions,"BioLife Solutions, Inc.",False,
../downolad_files/data/nasdaq_annual_reports\bioLife-solutions\NASDAQ_BLFS_2017.pdf,bioLife-solutions,"BioLife Solutions, Inc.",False,
../downolad_files/data/nasdaq_annual_reports\bioLife-solutions\NASDAQ_BLFS_2019.pdf,bioLife-solutions,"BioLife Solutions, Inc.",False,
../downolad_files/data/nasdaq_annual_reports\bioanalytical-systems-inc\NASDAQ_BASI_2017.pdf,bioanalytical-systems-inc,,,
../downolad_files/data/nasdaq_annual_reports\bioanalytical-systems-inc\NASDAQ_BASI_2018.pdf,bioanalytical-systems-inc,,,
../downolad_files/data/nasdaq_annual_reports\bioanalytical-systems-inc\NASDAQ_BASI_2019.pdf,bioanalytical-systems-inc,,,
../downolad_files/data/nasdaq_annual_reports\bioanalytical-systems-inc\NASDAQ_BASI_2020.pdf,bioanalytical-systems-inc,,,
../downolad_files/data/nasdaq_annual_reports\bioLife-solutions\NASDAQ_BLFS_2020.pdf,bioLife-solutions,"BioLife Solutions, Inc.",False,
../downolad_files/data/nasdaq_annual_reports\biocardi-inc\NASDAQ_BCDA_2018.pdf,biocardi-inc,"BIOCARDIA, INC.",True,
../downolad_files/data/nasdaq_annual_reports\biocardi-inc\NASDAQ_BCDA_2019.pdf,biocardi-inc,"BIOCARDIA, INC.",True,
../downolad_files/data/nasdaq_annual_reports\biocept\NASDAQ_BIOC_2016.pdf,biocept,"Biocept, Inc.",False,
../downolad_files/data/nasdaq_annual_reports\biocardi-inc\NASDAQ_BCDA_2020.pdf,biocardi-inc,"BIOCARDIA, INC.",True,
../downolad_files/data/nasdaq_annual_reports\biocardi-inc\NASDAQ_BCDA_2021.pdf,biocardi-inc,"BIOCARDIA, Inc.",True,
../downolad_files/data/nasdaq_annual_reports\biocept\NASDAQ_BIOC_2017.pdf,biocept,"Biocept, Inc.",False,
../downolad_files/data/nasdaq_annual_reports\biocept\NASDAQ_BIOC_2018.pdf,biocept,"Biocept, Inc.",False,
../downolad_files/data/nasdaq_annual_reports\biocept\NASDAQ_BIOC_2019.pdf,biocept,"Biocept, Inc.",False,
../downolad_files/data/nasdaq_annual_reports\biocept\NASDAQ_BIOC_2020.pdf,biocept,"Biocept, Inc.",False,
../downolad_files/data/nasdaq_annual_reports\biocryst-pharmaceuticals-inc\NASDAQ_BCRX_2018.pdf,biocryst-pharmaceuticals-inc,"BIOCRYST PHARMACEUTICALS, INC.",False,
../downolad_files/data/nasdaq_annual_reports\biocryst-pharmaceuticals-inc\NASDAQ_BCRX_2019.pdf,biocryst-pharmaceuticals-inc,"BIOCRYST PHARMACEUTICALS, INC.",False,
../downolad_files/data/nasdaq_annual_reports\biocryst-pharmaceuticals-inc\NASDAQ_BCRX_2021.pdf,biocryst-pharmaceuticals-inc,"BIOCRYST PHARMACEUTICALS, INC.",False,
../downolad_files/data/nasdaq_annual_reports\biodelivery-sciences-international-inc\NASDAQ_BDSI_2016.pdf,biodelivery-sciences-international-inc,"BioDelivery Sciences International, Inc.",False,
../downolad_files/data/nasdaq_annual_reports\biocryst-pharmaceuticals-inc\NASDAQ_BCRX_2020.pdf,biocryst-pharmaceuticals-inc,"BIOCRYST PHARMACEUTICALS, INC.",False,
../downolad_files/data/nasdaq_annual_reports\biodelivery-sciences-international-inc\NASDAQ_BDSI_2017.pdf,biodelivery-sciences-international-inc,"BioDelivery Sciences International, Inc.",False,
../downolad_files/data/nasdaq_annual_reports\biodelivery-sciences-international-inc\NASDAQ_BDSI_2018.pdf,biodelivery-sciences-international-inc,"BioDelivery Sciences International, Inc.",False,
../downolad_files/data/nasdaq_annual_reports\biodelivery-sciences-international-inc\NASDAQ_BDSI_2019.pdf,biodelivery-sciences-international-inc,"BioDelivery Sciences International, Inc.",False,
../downolad_files/data/nasdaq_annual_reports\biofrontera-ag\NASDAQ_BFRA_2017.pdf,biofrontera-ag,,,
../downolad_files/data/nasdaq_annual_reports\biofrontera-ag\NASDAQ_BFRA_2018.pdf,biofrontera-ag,,,
../downolad_files/data/nasdaq_annual_reports\biodelivery-sciences-international-inc\NASDAQ_BDSI_2020.pdf,biodelivery-sciences-international-inc,"BioDelivery Sciences International, Inc.",False,
../downolad_files/data/nasdaq_annual_reports\biofrontera-ag\NASDAQ_BFRA_2021.pdf,biofrontera-ag,,,
../downolad_files/data/nasdaq_annual_reports\biogen-idec\NASDAQ_BIIB_2018.pdf,biogen-idec,BIOGEN INC.,False,
../downolad_files/data/nasdaq_annual_reports\biogen-idec\NASDAQ_BIIB_2019.PDF,biogen-idec,BIOGEN INC.,False,
../downolad_files/data/nasdaq_annual_reports\biogen-idec\NASDAQ_BIIB_2020.pdf,biogen-idec,BIOGEN INC.,False,
../downolad_files/data/nasdaq_annual_reports\biofrontera-ag\NASDAQ_BFRA_2020.pdf,biofrontera-ag,,,
../downolad_files/data/nasdaq_annual_reports\biofrontera-ag\NASDAQ_BFRA_2019.pdf,biofrontera-ag,,,
../downolad_files/data/nasdaq_annual_reports\biogen-idec\NASDAQ_BIIB_2021.pdf,biogen-idec,BIOGEN INC.,False,
../downolad_files/data/nasdaq_annual_reports\biohitech-global-inc\NASDAQ_BHTG_2017.pdf,biohitech-global-inc,"BioHiTech Global, Inc.",False,
../downolad_files/data/nasdaq_annual_reports\biohitech-global-inc\NASDAQ_BHTG_2018.pdf,biohitech-global-inc,"BioHiTech Global, Inc.",False,
../downolad_files/data/nasdaq_annual_reports\biohitech-global-inc\NASDAQ_BHTG_2019.pdf,biohitech-global-inc,"BioHiTech Global, Inc.",False,
../downolad_files/data/nasdaq_annual_reports\biohitech-global-inc\NASDAQ_BHTG_2020.pdf,biohitech-global-inc,"BioHiTech Global, Inc.",False,
../downolad_files/data/nasdaq_annual_reports\biolase-inc\NASDAQ_BIOL_2016.pdf,biolase-inc,"BIOLASE, INC.",False,
../downolad_files/data/nasdaq_annual_reports\biolase-inc\NASDAQ_BIOL_2017.pdf,biolase-inc,"BIOLASE, INC.",False,
../downolad_files/data/nasdaq_annual_reports\biolase-inc\NASDAQ_BIOL_2018.pdf,biolase-inc,"BIOLASE, INC.",False,
../downolad_files/data/nasdaq_annual_reports\biolinerx-ltd\NASDAQ_BLRX_2017.pdf,biolinerx-ltd,BioLineRx Ltd.,False,
../downolad_files/data/nasdaq_annual_reports\biolase-inc\NASDAQ_BIOL_2019.pdf,biolase-inc,"BIOLASE, INC.",False,
../downolad_files/data/nasdaq_annual_reports\biolinerx-ltd\NASDAQ_BLRX_2018.pdf,biolinerx-ltd,BioLineRx Ltd.,False,
../downolad_files/data/nasdaq_annual_reports\biolase-inc\NASDAQ_BIOL_2020.pdf,biolase-inc,"BIOLASE, INC.",False,
../downolad_files/data/nasdaq_annual_reports\biolinerx-ltd\NASDAQ_BLRX_2019.pdf,biolinerx-ltd,BioLineRx Ltd.,False,
../downolad_files/data/nasdaq_annual_reports\biolinerx-ltd\NASDAQ_BLRX_2020.pdf,biolinerx-ltd,BioLineRx Ltd.,False,
../downolad_files/data/nasdaq_annual_reports\biomarin-pharmaceutical-inc\NASDAQ_BMRN_2019.pdf,biomarin-pharmaceutical-inc,BioMarin Pharmaceutical Inc.,False,
../downolad_files/data/nasdaq_annual_reports\biomarin-pharmaceutical-inc\NASDAQ_BMRN_2020.pdf,biomarin-pharmaceutical-inc,BioMarin Pharmaceutical Inc.,False,
../downolad_files/data/nasdaq_annual_reports\biolinerx-ltd\NASDAQ_BLRX_2021.pdf,biolinerx-ltd,BioLineRx Ltd.,False,
../downolad_files/data/nasdaq_annual_reports\biomerica-inc\NASDAQ_BMRA_2018.pdf,biomerica-inc,"BIOMERICA, INC.",False,
../downolad_files/data/nasdaq_annual_reports\biomarin-pharmaceutical-inc\NASDAQ_BMRN_2021.pdf,biomarin-pharmaceutical-inc,BioMarin Pharmaceutical Inc.,False,
../downolad_files/data/nasdaq_annual_reports\biomerica-inc\NASDAQ_BMRA_2019.pdf,biomerica-inc,"BIOMERICA, INC.",False,
../downolad_files/data/nasdaq_annual_reports\biomarin-pharmaceutical-inc\NASDAQ_BMRN_2018.pdf,biomarin-pharmaceutical-inc,BioMarin Pharmaceutical Inc.,False,
../downolad_files/data/nasdaq_annual_reports\biomerica-inc\NASDAQ_BMRA_2020.pdf,biomerica-inc,"BIOMERICA, INC.",False,
../downolad_files/data/nasdaq_annual_reports\biomerica-inc\NASDAQ_BMRA_2021.pdf,biomerica-inc,"BIOMERICA, INC.",False,
../downolad_files/data/nasdaq_annual_reports\bionano-genomics-inc\NASDAQ_BNGO_2019.pdf,bionano-genomics-inc,"Bionano Genomics, Inc.",False,
../downolad_files/data/nasdaq_annual_reports\bionano-genomics-inc\NASDAQ_BNGO_2020.pdf,bionano-genomics-inc,"Bionano Genomics, Inc.",False,
../downolad_files/data/nasdaq_annual_reports\biontech-se\NASDAQ_BNTX_2019.pdf,biontech-se,BioNTech SE,False,
../downolad_files/data/nasdaq_annual_reports\bionano-genomics-inc\NASDAQ_BNGO_2021.pdf,bionano-genomics-inc,"Bionano Genomics, Inc.",False,
../downolad_files/data/nasdaq_annual_reports\biosig-technologies-inc\NASDAQ_BSGM_2016.pdf,biosig-technologies-inc,"BIOSIG TECHNOLOGIES, INC.",False,
../downolad_files/data/nasdaq_annual_reports\biontech-se\NASDAQ_BNTX_2020.pdf,biontech-se,BioNTech SE,False,
../downolad_files/data/nasdaq_annual_reports\biosig-technologies-inc\NASDAQ_BSGM_2017.pdf,biosig-technologies-inc,"BIOSIG TECHNOLOGIES, INC.",False,
../downolad_files/data/nasdaq_annual_reports\biosig-technologies-inc\NASDAQ_BSGM_2018.pdf,biosig-technologies-inc,"BIOSIG TECHNOLOGIES, INC.",False,
../downolad_files/data/nasdaq_annual_reports\biosig-technologies-inc\NASDAQ_BSGM_2019.pdf,biosig-technologies-inc,"BIOSIG TECHNOLOGIES, INC.",False,
../downolad_files/data/nasdaq_annual_reports\biosig-technologies-inc\NASDAQ_BSGM_2020.pdf,biosig-technologies-inc,"BIOSIG TECHNOLOGIES, INC.",False,
../downolad_files/data/nasdaq_annual_reports\biospecifics-technologies-corp\NASDAQ_BSTC_2016.pdf,biospecifics-technologies-corp,BIOSPECIFICS TECHNOLOGIES CORP.,False,
../downolad_files/data/nasdaq_annual_reports\biospecifics-technologies-corp\NASDAQ_BSTC_2019.pdf,biospecifics-technologies-corp,BIOSPECIFICS TECHNOLOGIES CORP.,False,
../downolad_files/data/nasdaq_annual_reports\biospecifics-technologies-corp\NASDAQ_BSTC_2017.pdf,biospecifics-technologies-corp,BIOSPECIFICS TECHNOLOGIES CORP.,False,
../downolad_files/data/nasdaq_annual_reports\biotelemetry-inc\NASDAQ_BEAT_2017.pdf,biotelemetry-inc,,,
../downolad_files/data/nasdaq_annual_reports\biospecifics-technologies-corp\NASDAQ_BSTC_2018.pdf,biospecifics-technologies-corp,BIOSPECIFICS TECHNOLOGIES CORP.,False,
../downolad_files/data/nasdaq_annual_reports\biotelemetry-inc\NASDAQ_BEAT_2019.PDF,biotelemetry-inc,"BioTelemetry, Inc.",False,
../downolad_files/data/nasdaq_annual_reports\biotelemetry-inc\NASDAQ_BEAT_2016.pdf,biotelemetry-inc,"BioTelemetry, Inc.",False,
../downolad_files/data/nasdaq_annual_reports\biotelemetry-inc\NASDAQ_BEAT_2018.pdf,biotelemetry-inc,"BioTelemetry, Inc.",False,
../downolad_files/data/nasdaq_annual_reports\biovie-inc\NASDAQ_BIVI_2016.pdf,biovie-inc,"BIOVIE INC. (F/K/A NANO ANTIBIOTICS, INC.)",False,
../downolad_files/data/nasdaq_annual_reports\biovie-inc\NASDAQ_BIVI_2017.pdf,biovie-inc,"BIOVIE INC. (F/K/A NANO ANTIBIOTICS, INC.)",False,
../downolad_files/data/nasdaq_annual_reports\biovie-inc\NASDAQ_BIVI_2018.pdf,biovie-inc,BIOVIE INC.,False,
../downolad_files/data/nasdaq_annual_reports\biovie-inc\NASDAQ_BIVI_2019.pdf,biovie-inc,BIOVIE INC.,False,
../downolad_files/data/nasdaq_annual_reports\biovie-inc\NASDAQ_BIVI_2020.pdf,biovie-inc,BIOVIE INC.,False,
../downolad_files/data/nasdaq_annual_reports\bioxcel-therapeutics-inc\NASDAQ_BTAI_2018.pdf,bioxcel-therapeutics-inc,"BioXcel Therapeutics, Inc",False,
../downolad_files/data/nasdaq_annual_reports\bioxcel-therapeutics-inc\NASDAQ_BTAI_2019.pdf,bioxcel-therapeutics-inc,"BioXcel Therapeutics, Inc.",False,
../downolad_files/data/nasdaq_annual_reports\bioxcel-therapeutics-inc\NASDAQ_BTAI_2020.pdf,bioxcel-therapeutics-inc,"BioXcel Therapeutics, Inc.",False,
../downolad_files/data/nasdaq_annual_reports\bjs-restaurants-inc\NASDAQ_BJRI_2020.pdf,bjs-restaurants-inc,,,
../downolad_files/data/nasdaq_annual_reports\bjs-restaurants-inc\NASDAQ_BJRI_2021.pdf,bjs-restaurants-inc,"BJ’S RESTAURANTS, INC.",False,
../downolad_files/data/nasdaq_annual_reports\black-box-corp\NASDAQ_BBOX_2014.pdf,black-box-corp,Black Box Corporation,False,
../downolad_files/data/nasdaq_annual_reports\black-box-corp\NASDAQ_BBOX_2015.pdf,black-box-corp,Black Box Corporation,False,
../downolad_files/data/nasdaq_annual_reports\bjs-restaurants-inc\NASDAQ_BJRI_2022.pdf,bjs-restaurants-inc,,,
../downolad_files/data/nasdaq_annual_reports\black-box-corp\NASDAQ_BBOX_2016.pdf,black-box-corp,Black Box Corporation,False,
../downolad_files/data/nasdaq_annual_reports\black-box-corp\NASDAQ_BBOX_2018.pdf,black-box-corp,Black Box Corporation,False,
../downolad_files/data/nasdaq_annual_reports\black-diamond-therapeutics-inc\NASDAQ_BDTX_2019.pdf,black-diamond-therapeutics-inc,"BLACK DIAMOND THERAPEUTICS, INC.",False,
../downolad_files/data/nasdaq_annual_reports\black-diamond-therapeutics-inc\NASDAQ_BDTX_2020.pdf,black-diamond-therapeutics-inc,"BLACK DIAMOND THERAPEUTICS, INC.",False,
../downolad_files/data/nasdaq_annual_reports\blackLine\NASDAQ_BL_2016.pdf,blackLine,"BlackLine, Inc.",False,
../downolad_files/data/nasdaq_annual_reports\blackLine\NASDAQ_BL_2017.pdf,blackLine,"BlackLine, Inc.",False,
../downolad_files/data/nasdaq_annual_reports\blackLine\NASDAQ_BL_2018.pdf,blackLine,"BlackLine, Inc.",False,
../downolad_files/data/nasdaq_annual_reports\blackbaud-inc\NASDAQ_BLKB_2018.pdf,blackbaud-inc,"Blackbaud, Inc.",False,
../downolad_files/data/nasdaq_annual_reports\blackLine\NASDAQ_BL_2019.pdf,blackLine,"BlackLine, Inc.",False,
../downolad_files/data/nasdaq_annual_reports\black-box-corp\NASDAQ_BBOX_2017.pdf,black-box-corp,Black Box Corporation,False,
../downolad_files/data/nasdaq_annual_reports\blackbaud-inc\NASDAQ_BLKB_2019.pdf,blackbaud-inc,"Blackbaud, Inc.",False,
../downolad_files/data/nasdaq_annual_reports\blackbaud-inc\NASDAQ_BLKB_2020.pdf,blackbaud-inc,"Blackbaud, Inc.",False,
../downolad_files/data/nasdaq_annual_reports\blackLine\NASDAQ_BL_2020.pdf,blackLine,"BlackLine, Inc.",False,
../downolad_files/data/nasdaq_annual_reports\blackbaud-inc\NASDAQ_BLKB_2021.pdf,blackbaud-inc,"Blackbaud, Inc.",False,
../downolad_files/data/nasdaq_annual_reports\blackrock-capital-investment-corporation\NASDAQ_BKCC_2016.pdf,blackrock-capital-investment-corporation,BlackRock Capital Investment Corporation,False,
../downolad_files/data/nasdaq_annual_reports\blackrock-capital-investment-corporation\NASDAQ_BKCC_2017.pdf,blackrock-capital-investment-corporation,BlackRock Capital Investment Corporation,False,
../downolad_files/data/nasdaq_annual_reports\blackrock-capital-investment-corporation\NASDAQ_BKCC_2018.pdf,blackrock-capital-investment-corporation,BlackRock Capital Investment Corporation,False,
../downolad_files/data/nasdaq_annual_reports\blackrock-capital-investment-corporation\NASDAQ_BKCC_2019.pdf,blackrock-capital-investment-corporation,BlackRock Capital Investment Corporation,False,
../downolad_files/data/nasdaq_annual_reports\blackrock-tcp-capital-corp\NASDAQ_TCPC_2018.pdf,blackrock-tcp-capital-corp,,,
../downolad_files/data/nasdaq_annual_reports\blackrock-capital-investment-corporation\NASDAQ_BKCC_2020.pdf,blackrock-capital-investment-corporation,BlackRock Capital Investment Corporation,False,
../downolad_files/data/nasdaq_annual_reports\blackrock-tcp-capital-corp\NASDAQ_TCPC_2019.pdf,blackrock-tcp-capital-corp,,,
../downolad_files/data/nasdaq_annual_reports\blackrock-tcp-capital-corp\NASDAQ_TCPC_2020.pdf,blackrock-tcp-capital-corp,,,
../downolad_files/data/nasdaq_annual_reports\blackrock-tcp-capital-corp\NASDAQ_TCPC_2021.pdf,blackrock-tcp-capital-corp,,,
../downolad_files/data/nasdaq_annual_reports\blink-charging-co\NASDAQ_BLNK_2017.pdf,blink-charging-co,BLINK CHARGING CO.,False,
../downolad_files/data/nasdaq_annual_reports\blink-charging-co\NASDAQ_BLNK_2018.pdf,blink-charging-co,BLINK CHARGING CO.,False,
../downolad_files/data/nasdaq_annual_reports\blink-charging-co\NASDAQ_BLNK_2020.pdf,blink-charging-co,BLINK CHARGING CO.,False,
../downolad_files/data/nasdaq_annual_reports\blink-charging-co\NASDAQ_BLNK_2019.pdf,blink-charging-co,BLINK CHARGING CO.,False,
../downolad_files/data/nasdaq_annual_reports\bloomin-brands-inc\NASDAQ_BLMN_2019.pdf,bloomin-brands-inc,"BLOOMIN’ BRANDS, INC.",False,
../downolad_files/data/nasdaq_annual_reports\bloomin-brands-inc\NASDAQ_BLMN_2018.pdf,bloomin-brands-inc,"BLOOMIN’ BRANDS, INC.",False,
../downolad_files/data/nasdaq_annual_reports\bloomin-brands-inc\NASDAQ_BLMN_2020.pdf,bloomin-brands-inc,"BLOOMIN’ BRANDS, INC.",False,
../downolad_files/data/nasdaq_annual_reports\bloomin-brands-inc\NASDAQ_BLMN_2021.pdf,bloomin-brands-inc,"BLOOMIN’ BRANDS, INC.",False,
../downolad_files/data/nasdaq_annual_reports\blucora-inc\NASDAQ_BCOR_2020.pdf,blucora-inc,,,
../downolad_files/data/nasdaq_annual_reports\blucora-inc\NASDAQ_BCOR_2019.pdf,blucora-inc,"Blucora, Inc.",False,
../downolad_files/data/nasdaq_annual_reports\blucora-inc\NASDAQ_BCOR_2018.pdf,blucora-inc,"BLUCORA, INC.",False,
../downolad_files/data/nasdaq_annual_reports\blucora-inc\NASDAQ_BCOR_2021.pdf,blucora-inc,,,
../downolad_files/data/nasdaq_annual_reports\blue-bird-corp\NASDAQ_BLBD_2018.pdf,blue-bird-corp,BLUE BIRD CORPORATION,False,
../downolad_files/data/nasdaq_annual_reports\blue-bird-corp\NASDAQ_BLBD_2019.pdf,blue-bird-corp,,,
../downolad_files/data/nasdaq_annual_reports\blue-bird-corp\NASDAQ_BLBD_2020.pdf,blue-bird-corp,,,
../downolad_files/data/nasdaq_annual_reports\blue-dolphin-energy-co\NASDAQ_BDCO_2018.pdf,blue-dolphin-energy-co,BLUE DOLPHIN ENERGY COMPANY,False,
../downolad_files/data/nasdaq_annual_reports\blue-bird-corp\NASDAQ_BLBD_2021.pdf,blue-bird-corp,,,
../downolad_files/data/nasdaq_annual_reports\blue-dolphin-energy-co\NASDAQ_BDCO_2019.pdf,blue-dolphin-energy-co,BLUE DOLPHIN ENERGY COMPANY,False,
../downolad_files/data/nasdaq_annual_reports\blue-dolphin-energy-co\NASDAQ_BDCO_2020.pdf,blue-dolphin-energy-co,BLUE DOLPHIN ENERGY COMPANY,False,
../downolad_files/data/nasdaq_annual_reports\blue-hat-interactive-entertainment-technology\NASDAQ_BHAT_2019.pdf,blue-hat-interactive-entertainment-technology,Blue Hat Interactive Entertainment Technology,False,
../downolad_files/data/nasdaq_annual_reports\blue-dolphin-energy-co\NASDAQ_BDCO_2021.pdf,blue-dolphin-energy-co,BLUE DOLPHIN ENERGY COMPANY,False,
../downolad_files/data/nasdaq_annual_reports\blue-hat-interactive-entertainment-technology\NASDAQ_BHAT_2020.pdf,blue-hat-interactive-entertainment-technology,Blue Hat Interactive Entertainment Technology,False,
../downolad_files/data/nasdaq_annual_reports\bluebird-bio-inc\NASDAQ_BLUE_2016.pdf,bluebird-bio-inc,"bluebird bio, Inc.",False,
../downolad_files/data/nasdaq_annual_reports\bluebird-bio-inc\NASDAQ_BLUE_2017.pdf,bluebird-bio-inc,"bluebird bio, Inc.",False,
../downolad_files/data/nasdaq_annual_reports\blueknight-energy-parnters-lp\NASDAQ_BKEP_2018.pdf,blueknight-energy-parnters-lp,"BLUEKNIGHT ENERGY PARTNERS, L.P.",False,
../downolad_files/data/nasdaq_annual_reports\bluebird-bio-inc\NASDAQ_BLUE_2018.pdf,bluebird-bio-inc,"bluebird bio, Inc.",False,
../downolad_files/data/nasdaq_annual_reports\bluebird-bio-inc\NASDAQ_BLUE_2019.pdf,bluebird-bio-inc,,,
../downolad_files/data/nasdaq_annual_reports\blueknight-energy-parnters-lp\NASDAQ_BKEP_2020.pdf,blueknight-energy-parnters-lp,"BLUEKNIGHT ENERGY PARTNERS, L.P.",False,
../downolad_files/data/nasdaq_annual_reports\bluebird-bio-inc\NASDAQ_BLUE_2020.pdf,bluebird-bio-inc,,,
../downolad_files/data/nasdaq_annual_reports\blueknight-energy-parnters-lp\NASDAQ_BKEP_2021.pdf,blueknight-energy-parnters-lp,"BLUEKNIGHT ENERGY PARTNERS, L.P.",False,
../downolad_files/data/nasdaq_annual_reports\blueprint-medicines-corp\NASDAQ_BPMC_2019.pdf,blueprint-medicines-corp,BLUEPRINT MEDICINES CORPORATION,False,
../downolad_files/data/nasdaq_annual_reports\blueprint-medicines-corp\NASDAQ_BPMC_2020.pdf,blueprint-medicines-corp,BLUEPRINT MEDICINES CORPORATION,False,
../downolad_files/data/nasdaq_annual_reports\blueknight-energy-parnters-lp\NASDAQ_BKEP_2019.pdf,blueknight-energy-parnters-lp,"BLUEKNIGHT ENERGY PARTNERS, L.P.",False,
../downolad_files/data/nasdaq_annual_reports\blueprint-medicines-corp\NASDAQ_BPMC_2018.pdf,blueprint-medicines-corp,BLUEPRINT MEDICINES CORPORATION,False,
../downolad_files/data/nasdaq_annual_reports\blueprint-medicines-corp\NASDAQ_BPMC_2021.pdf,blueprint-medicines-corp,9)(cid:40)(cid:54)(cid:3)(cid:38)(cid:50)(cid:53)(cid:51)(cid:50)(cid:53)(cid:36)(cid:55)(cid:44)(cid:50)(cid:49)(cid:3),True,
../downolad_files/data/nasdaq_annual_reports\boingo-wireless-inc\NASDAQ_WIFI_2018.pdf,boingo-wireless-inc,"BOINGO WIRELESS, INC.",False,
../downolad_files/data/nasdaq_annual_reports\bogota-financial-corp\NASDAQ_BSBK_2020.pdf,bogota-financial-corp,Bogota Financial Corp.,False,
../downolad_files/data/nasdaq_annual_reports\boingo-wireless-inc\NASDAQ_WIFI_2017.pdf,boingo-wireless-inc,"BOINGO WIRELESS, INC.",False,
../downolad_files/data/nasdaq_annual_reports\boingo-wireless-inc\NASDAQ_WIFI_2019.pdf,boingo-wireless-inc,"BOINGO WIRELESS, INC.",False,
../downolad_files/data/nasdaq_annual_reports\boingo-wireless-inc\NASDAQ_WIFI_2020.pdf,boingo-wireless-inc,"BOINGO WIRELESS, INC.",False,
../downolad_files/data/nasdaq_annual_reports\bok-financial-corporation\NASDAQ_BOKF_2018.PDF,bok-financial-corporation,BOK FINANCIAL CORPORATION,False,
../downolad_files/data/nasdaq_annual_reports\bok-financial-corporation\NASDAQ_BOKF_2019.pdf,bok-financial-corporation,BOK FINANCIAL CORP ET AL,False,
../downolad_files/data/nasdaq_annual_reports\bok-financial-corporation\NASDAQ_BOKF_2021.pdf,bok-financial-corporation,BOK FINANCIAL CORP,False,
../downolad_files/data/nasdaq_annual_reports\bok-financial-corporation\NASDAQ_BOKF_2020.pdf,bok-financial-corporation,BOK FINANCIAL CORP,False,
../downolad_files/data/nasdaq_annual_reports\booking-holdings\NASDAQ_BKNG_2016.pdf,booking-holdings,The Priceline Group Inc.,True,
../downolad_files/data/nasdaq_annual_reports\booking-holdings\NASDAQ_BKNG_2017.pdf,booking-holdings,Booking Holdings Inc.,False,
../downolad_files/data/nasdaq_annual_reports\booking-holdings\NASDAQ_BKNG_2018.pdf,booking-holdings,Booking Holdings Inc.,False,
../downolad_files/data/nasdaq_annual_reports\booking-holdings\NASDAQ_BKNG_2019.pdf,booking-holdings,Booking Holdings Inc.,False,
../downolad_files/data/nasdaq_annual_reports\boston-omaha-corporation\NASDAQ_BOMN_2018.pdf,boston-omaha-corporation,BOSTON OMAHA CORPORATION,False,
../downolad_files/data/nasdaq_annual_reports\boston-omaha-corporation\NASDAQ_BOMN_2021.pdf,boston-omaha-corporation,,,
../downolad_files/data/nasdaq_annual_reports\boston-omaha-corporation\NASDAQ_BOMN_2019_52a5ef48432b4d1c8d163b296100a999.pdf,boston-omaha-corporation,BOSTON OMAHA CORPORATION,False,
../downolad_files/data/nasdaq_annual_reports\boston-omaha-corporation\NASDAQ_BOMN_2020.pdf,boston-omaha-corporation,BOSTON OMAHA CORPORATION,False,
../downolad_files/data/nasdaq_annual_reports\bottomline-technologies-inc\NASDAQ_EPAY_2018.pdf,bottomline-technologies-inc,"BOTTOMLINE TECHNOLOGIES (de), INC.",False,
../downolad_files/data/nasdaq_annual_reports\bottomline-technologies-inc\NASDAQ_EPAY_2019.pdf,bottomline-technologies-inc,"BOTTOMLINE TECHNOLOGIES (de), INC.",False,
../downolad_files/data/nasdaq_annual_reports\booking-holdings\NASDAQ_BKNG_2020.pdf,booking-holdings,Booking Holdings Inc.,False,
../downolad_files/data/nasdaq_annual_reports\bottomline-technologies-inc\NASDAQ_EPAY_2020.pdf,bottomline-technologies-inc,"BOTTOMLINE TECHNOLOGIES (de), INC.",False,
../downolad_files/data/nasdaq_annual_reports\bottomline-technologies-inc\NASDAQ_EPAY_2021.pdf,bottomline-technologies-inc,"BOTTOMLINE TECHNOLOGIES, INC.",False,
../downolad_files/data/nasdaq_annual_reports\boxlight-corporation\NASDAQ_BOXL_2017.pdf,boxlight-corporation,BOXLIGHT CORPORATION,False,
../downolad_files/data/nasdaq_annual_reports\boxlight-corporation\NASDAQ_BOXL_2018.pdf,boxlight-corporation,BOXLIGHT CORPORATION,False,
../downolad_files/data/nasdaq_annual_reports\boxlight-corporation\NASDAQ_BOXL_2019.pdf,boxlight-corporation,BOXLIGHT CORPORATION,False,
../downolad_files/data/nasdaq_annual_reports\boxlight-corporation\NASDAQ_BOXL_2020.pdf,boxlight-corporation,BOXLIGHT CORPORATION,False,
../downolad_files/data/nasdaq_annual_reports\brainstorm-cell-therapeutics\NASDAQ_BCLI_2017.pdf,brainstorm-cell-therapeutics,BRAINSTORM CELL THERAPEUTICS INC.,False,
../downolad_files/data/nasdaq_annual_reports\brainstorm-cell-therapeutics\NASDAQ_BCLI_2016.pdf,brainstorm-cell-therapeutics,BRAINSTORM CELL THERAPEUTICS INC.,False,
../downolad_files/data/nasdaq_annual_reports\brainstorm-cell-therapeutics\NASDAQ_BCLI_2018.pdf,brainstorm-cell-therapeutics,BRAINSTORM CELL THERAPEUTICS INC.,False,
../downolad_files/data/nasdaq_annual_reports\brainstorm-cell-therapeutics\NASDAQ_BCLI_2019.pdf,brainstorm-cell-therapeutics,BRAINSTORM CELL THERAPEUTICS INC.,False,
../downolad_files/data/nasdaq_annual_reports\brainsway-ltd\NASDAQ_BWAY_2017.pdf,brainsway-ltd,,,
../downolad_files/data/nasdaq_annual_reports\brainsway-ltd\NASDAQ_BWAY_2018.pdf,brainsway-ltd,,,
../downolad_files/data/nasdaq_annual_reports\brainsway-ltd\NASDAQ_BWAY_2019.pdf,brainsway-ltd,,,
../downolad_files/data/nasdaq_annual_reports\brainsway-ltd\NASDAQ_BWAY_2020.pdf,brainsway-ltd,BrainsWay Ltd.,False,
../downolad_files/data/nasdaq_annual_reports\brainstorm-cell-therapeutics\NASDAQ_BCLI_2020.pdf,brainstorm-cell-therapeutics,BRAINSTORM CELL THERAPEUTICS INC.,False,
../downolad_files/data/nasdaq_annual_reports\briacell-therapeutics-corp\NASDAQ_BCTX_2019.pdf,briacell-therapeutics-corp,,,
../downolad_files/data/nasdaq_annual_reports\briacell-therapeutics-corp\NASDAQ_BCTX_2020.pdf,briacell-therapeutics-corp,,,
../downolad_files/data/nasdaq_annual_reports\brainsway-ltd\NASDAQ_BWAY_2021.pdf,brainsway-ltd,BrainsWay Ltd.,False,
../downolad_files/data/nasdaq_annual_reports\brickell-biotech-inc\NASDAQ_BBI_2021.pdf,brickell-biotech-inc,"BRICKELL BIOTECH, INC.",False,
../downolad_files/data/nasdaq_annual_reports\brickell-biotech-inc\NASDAQ_BBI_2019.pdf,brickell-biotech-inc,"BRICKELL BIOTECH, INC.",False,
../downolad_files/data/nasdaq_annual_reports\brickell-biotech-inc\NASDAQ_BBI_2020.pdf,brickell-biotech-inc,"BRICKELL BIOTECH, INC.",False,
../downolad_files/data/nasdaq_annual_reports\bridge-bancorp-inc\NASDAQ_BDGE_2017.pdf,bridge-bancorp-inc,"BRIDGE BANCORP, INC.",False,
../downolad_files/data/nasdaq_annual_reports\bridge-bancorp-inc\NASDAQ_BDGE_2018.pdf,bridge-bancorp-inc,"BRIDGE BANCORP, INC.",False,
../downolad_files/data/nasdaq_annual_reports\bridge-bancorp-inc\NASDAQ_BDGE_2019.pdf,bridge-bancorp-inc,"BRIDGE BANCORP, INC.",False,
../downolad_files/data/nasdaq_annual_reports\bridgebio-pharma-inc\NASDAQ_BBIO_2019.pdf,bridgebio-pharma-inc,"BridgeBio Pharma, Inc.",False,
../downolad_files/data/nasdaq_annual_reports\bridgeline-digital-inc\NASDAQ_BLIN_2017.pdf,bridgeline-digital-inc,"Bridgeline Digital, Inc.",False,
../downolad_files/data/nasdaq_annual_reports\bridgebio-pharma-inc\NASDAQ_BBIO_2020.pdf,bridgebio-pharma-inc,"BridgeBio Pharma, Inc.",False,
../downolad_files/data/nasdaq_annual_reports\bridgewater-bank\NASDAQ_BWB_2017.pdf,bridgewater-bank,,,
../downolad_files/data/nasdaq_annual_reports\bridgeline-digital-inc\NASDAQ_BLIN_2020.pdf,bridgeline-digital-inc,"Bridgeline Digital, Inc.",False,
../downolad_files/data/nasdaq_annual_reports\bridgeline-digital-inc\NASDAQ_BLIN_2019.pdf,bridgeline-digital-inc,,,
../downolad_files/data/nasdaq_annual_reports\bridgewater-bank\NASDAQ_BWB_2018.pdf,bridgewater-bank,"BRIDGEWATER BANCSHARES, INC.",False,
../downolad_files/data/nasdaq_annual_reports\bridgewater-bank\NASDAQ_BWB_2019.pdf,bridgewater-bank,"BRIDGEWATER BANCSHARES, INC.",False,
../downolad_files/data/nasdaq_annual_reports\bridgewater-bank\NASDAQ_BWB_2020.pdf,bridgewater-bank,"BRIDGEWATER BANCSHARES, INC.",False,
../downolad_files/data/nasdaq_annual_reports\bridgeline-digital-inc\NASDAQ_BLIN_2021.pdf,bridgeline-digital-inc,"Bridgeline Digital, Inc.",False,
../downolad_files/data/nasdaq_annual_reports\bridgford-foods\NASDAQ_BRID_2021.pdf,bridgford-foods,BRIDGFORD FOODS CORPORATION,False,
../downolad_files/data/nasdaq_annual_reports\bridgford-foods\NASDAQ_BRID_2018.pdf,bridgford-foods,BRIDGFORD FOODS CORPORATION,False,
../downolad_files/data/nasdaq_annual_reports\bridgford-foods\NASDAQ_BRID_2019.pdf,bridgford-foods,BRIDGFORD FOODS CORPORATION,False,
../downolad_files/data/nasdaq_annual_reports\bridgford-foods\NASDAQ_BRID_2020.pdf,bridgford-foods,BRIDGFORD FOODS CORPORATION,False,
../downolad_files/data/nasdaq_annual_reports\brightcove-inc\NASDAQ_BCOV_2018.pdf,brightcove-inc,BRIGHTCOVE INC.,False,
../downolad_files/data/nasdaq_annual_reports\brightcove-inc\NASDAQ_BCOV_2019.pdf,brightcove-inc,BRIGHTCOVE INC.,False,
../downolad_files/data/nasdaq_annual_reports\brighthouse-financial-inc\NASDAQ_BHF_2017.pdf,brighthouse-financial-inc,"Brighthouse Financial, Inc.",False,
../downolad_files/data/nasdaq_annual_reports\brighthouse-financial-inc\NASDAQ_BHF_2018.pdf,brighthouse-financial-inc,"Brighthouse Financial, Inc.",False,
../downolad_files/data/nasdaq_annual_reports\brightcove-inc\NASDAQ_BCOV_2020.pdf,brightcove-inc,BRIGHTCOVE INC.,False,
../downolad_files/data/nasdaq_annual_reports\brightcove-inc\NASDAQ_BCOV_2021.pdf,brightcove-inc,BRIGHTCOVE INC.,False,
../downolad_files/data/nasdaq_annual_reports\brighthouse-financial-inc\NASDAQ_BHF_2019.pdf,brighthouse-financial-inc,"Brighthouse Financial, Inc.",False,
../downolad_files/data/nasdaq_annual_reports\brighthouse-financial-inc\NASDAQ_BHF_2020.pdf,brighthouse-financial-inc,"Brighthouse Financial, Inc.",False,
../downolad_files/data/nasdaq_annual_reports\broadcom-corp\NASDAQ_AVGO_2020.pdf,broadcom-corp,,,
../downolad_files/data/nasdaq_annual_reports\broadcom-corp\NASDAQ_BRCM_2016.pdf,broadcom-corp,,,
../downolad_files/data/nasdaq_annual_reports\broadcom-corp\NASDAQ_BRCM_2017.pdf,broadcom-corp,,,
../downolad_files/data/nasdaq_annual_reports\broadcom-corp\NASDAQ_BRCM_2018.pdf,broadcom-corp,,,
../downolad_files/data/nasdaq_annual_reports\broadvision\NASDAQ_BVSN_2008.pdf,broadvision,"BROADVISION, INC.",False,
../downolad_files/data/nasdaq_annual_reports\broadvision\NASDAQ_BVSN_2016.pdf,broadvision,"BROADVISION, INC.",False,
../downolad_files/data/nasdaq_annual_reports\broadvision\NASDAQ_BVSN_2018.pdf,broadvision,"BROADVISION, INC.",False,
../downolad_files/data/nasdaq_annual_reports\broadvision\NASDAQ_BVSN_2017.pdf,broadvision,"BROADVISION, INC.",False,
../downolad_files/data/nasdaq_annual_reports\broadcom-corp\NASDAQ_BRCM_2019.pdf,broadcom-corp,,,
../downolad_files/data/nasdaq_annual_reports\broadwind-energy-inc\NASDAQ_BWEN_2019.pdf,broadwind-energy-inc,"BROADWIND ENERGY, INC.",False,
../downolad_files/data/nasdaq_annual_reports\broadwind-energy-inc\NASDAQ_BWEN_2018.pdf,broadwind-energy-inc,"BROADWIND ENERGY, INC.",False,
../downolad_files/data/nasdaq_annual_reports\broadwind-energy-inc\NASDAQ_BWEN_2020.pdf,broadwind-energy-inc,"BROADWIND, INC.",False,
../downolad_files/data/nasdaq_annual_reports\broadwind-energy-inc\NASDAQ_BWEN_2021.pdf,broadwind-energy-inc,"BROADWIND, INC.",False,
../downolad_files/data/nasdaq_annual_reports\brookline-bancorp-inc\NASDAQ_BRKL_2018.pdf,brookline-bancorp-inc,"BROOKLINE BANCORP, INC.",False,
../downolad_files/data/nasdaq_annual_reports\brookline-bancorp-inc\NASDAQ_BRKL_2019.pdf,brookline-bancorp-inc,"BROOKLINE BANCORP, INC.",False,
../downolad_files/data/nasdaq_annual_reports\brookline-bancorp-inc\NASDAQ_BRKL_2020.pdf,brookline-bancorp-inc,"BROOKLINE BANCORP, INC.",False,
../downolad_files/data/nasdaq_annual_reports\brookline-bancorp-inc\NASDAQ_BRKL_2021.pdf,brookline-bancorp-inc,"BROOKLINE BANCORP, INC.",False,
../downolad_files/data/nasdaq_annual_reports\brooks-automation-inc\NASDAQ_BRKS_2017.pdf,brooks-automation-inc,"Brooks Automation, Inc.",False,
../downolad_files/data/nasdaq_annual_reports\brooks-automation-inc\NASDAQ_BRKS_2018.pdf,brooks-automation-inc,"Brooks Automation, Inc.",False,
../downolad_files/data/nasdaq_annual_reports\brooks-automation-inc\NASDAQ_BRKS_2019.pdf,brooks-automation-inc,"Brooks Automation, Inc.",False,
../downolad_files/data/nasdaq_annual_reports\brp-group-inc\NASDAQ_BRP_2020.pdf,brp-group-inc,"BRP GROUP, INC.",False,
../downolad_files/data/nasdaq_annual_reports\brooks-automation-inc\NASDAQ_BRKS_2020.pdf,brooks-automation-inc,"Brooks Automation, Inc.",False,
../downolad_files/data/nasdaq_annual_reports\bruker-corporation\NASDAQ_BRKR_2018.pdf,bruker-corporation,BRUKER CORPORATION,False,
../downolad_files/data/nasdaq_annual_reports\bruker-corporation\NASDAQ_BRKR_2020.pdf,bruker-corporation,BRUKER CORPORATION,False,
../downolad_files/data/nasdaq_annual_reports\bruker-corporation\NASDAQ_BRKR_2019.pdf,bruker-corporation,BRUKER CORPORATION,False,
../downolad_files/data/nasdaq_annual_reports\bruker-corporation\NASDAQ_BRKR_2021.pdf,bruker-corporation,BRUKER CORPORATION,False,
../downolad_files/data/nasdaq_annual_reports\bryn-mawr-bank-corp\NASDAQ_BMTC_2015.pdf,bryn-mawr-bank-corp,BRYN MAWR BANK CORPORATION,False,
../downolad_files/data/nasdaq_annual_reports\bryn-mawr-bank-corp\NASDAQ_BMTC_2016.pdf,bryn-mawr-bank-corp,BRYN MAWR BANK CORPORATION,False,
../downolad_files/data/nasdaq_annual_reports\brp-group-inc\NASDAQ_BRP_2019.pdf,brp-group-inc,"BRP GROUP, INC.",False,
../downolad_files/data/nasdaq_annual_reports\bsquare-corporation\NASDAQ_BSQR_2018.pdf,bsquare-corporation,BSQUARE CORPORATION,False,
../downolad_files/data/nasdaq_annual_reports\bryn-mawr-bank-corp\NASDAQ_BMTC_2018.pdf,bryn-mawr-bank-corp,CORPORATION,,
../downolad_files/data/nasdaq_annual_reports\bryn-mawr-bank-corp\NASDAQ_BMTC_2017.pdf,bryn-mawr-bank-corp,BRYN MAWR BANK CORPORATION,False,
../downolad_files/data/nasdaq_annual_reports\bsquare-corporation\NASDAQ_BSQR_2019.pdf,bsquare-corporation,BSQUARE CORPORATION,False,
../downolad_files/data/nasdaq_annual_reports\bsquare-corporation\NASDAQ_BSQR_2020.pdf,bsquare-corporation,,,
../downolad_files/data/nasdaq_annual_reports\builders-firstsource-inc\NASDAQ_BLDR_2020.pdf,builders-firstsource-inc,"BUILDERS FIRSTSOURCE, INC.",False,
../downolad_files/data/nasdaq_annual_reports\builders-firstsource-inc\NASDAQ_BLDR_2018_b46c10987b70463ab76d78e3aed34c81.pdf,builders-firstsource-inc,"BUILDERS FIRSTSOURCE, INC.",False,
../downolad_files/data/nasdaq_annual_reports\builders-firstsource-inc\NASDAQ_BLDR_2019.pdf,builders-firstsource-inc,"BUILDERS FIRSTSOURCE, INC.",False,
../downolad_files/data/nasdaq_annual_reports\builders-firstsource-inc\NASDAQ_BLDR_2021.pdf,builders-firstsource-inc,"BUILDERS FIRSTSOURCE, INC.",False,
../downolad_files/data/nasdaq_annual_reports\building-materials-holding-corporation\NASDAQ_BMCH_2014.pdf,building-materials-holding-corporation,"Stock Building Supply Holdings, Inc.",False,
../downolad_files/data/nasdaq_annual_reports\building-materials-holding-corporation\NASDAQ_BMCH_2015.pdf,building-materials-holding-corporation,"BMC Stock Holdings, Inc.",True,
../downolad_files/data/nasdaq_annual_reports\business-first-bancshares-inc\NASDAQ_BFST_2016.pdf,business-first-bancshares-inc,"BUSINESS FIRST BANCSHARES, INC.",False,
../downolad_files/data/nasdaq_annual_reports\building-materials-holding-corporation\NASDAQ_BMCH_2016.pdf,building-materials-holding-corporation,"BMC Stock Holdings, Inc.",True,
../downolad_files/data/nasdaq_annual_reports\building-materials-holding-corporation\NASDAQ_BMCH_2018.pdf,building-materials-holding-corporation,"BMC Stock Holdings, Inc.",True,
../downolad_files/data/nasdaq_annual_reports\business-first-bancshares-inc\NASDAQ_BFST_2017.pdf,business-first-bancshares-inc,"BUSINESS FIRST BANCSHARES, INC.",False,
../downolad_files/data/nasdaq_annual_reports\business-first-bancshares-inc\NASDAQ_BFST_2018.pdf,business-first-bancshares-inc,"BUSINESS FIRST BANCSHARES, INC.",False,
../downolad_files/data/nasdaq_annual_reports\business-first-bancshares-inc\NASDAQ_BFST_2019.pdf,business-first-bancshares-inc,"BUSINESS FIRST BANCSHARES, INC.",False,
../downolad_files/data/nasdaq_annual_reports\building-materials-holding-corporation\NASDAQ_BMCH_2017.pdf,building-materials-holding-corporation,,,
../downolad_files/data/nasdaq_annual_reports\cabot-microelectronics-corporation\NASDAQ_CCMP_2018.pdf,cabot-microelectronics-corporation,CABOT MICROELECTRONICS CORPORATION,False,
../downolad_files/data/nasdaq_annual_reports\cabaletta-bio-inc\NASDAQ_CABA_2019.pdf,cabaletta-bio-inc,"CABALETTA BIO, INC.",False,
../downolad_files/data/nasdaq_annual_reports\cabaletta-bio-inc\NASDAQ_CABA_2020.pdf,cabaletta-bio-inc,"CABALETTA BIO, INC.",False,
../downolad_files/data/nasdaq_annual_reports\cabot-microelectronics-corporation\NASDAQ_CCMP_2020.pdf,cabot-microelectronics-corporation,,,
../downolad_files/data/nasdaq_annual_reports\cadence-design-systems-inc\NASDAQ_CDNS_2018.pdf,cadence-design-systems-inc,"CADENCE DESIGN SYSTEMS, INC.",False,
../downolad_files/data/nasdaq_annual_reports\cabot-microelectronics-corporation\NASDAQ_CCMP_2021.pdf,cabot-microelectronics-corporation,"CMC Materials, Inc.",True,
../downolad_files/data/nasdaq_annual_reports\cabot-microelectronics-corporation\NASDAQ_CCMP_2019.pdf,cabot-microelectronics-corporation,,,
../downolad_files/data/nasdaq_annual_reports\cadence-design-systems-inc\NASDAQ_CDNS_2021.pdf,cadence-design-systems-inc,"CADENCE DESIGN SYSTEMS, INC.",False,
../downolad_files/data/nasdaq_annual_reports\cadiz-inc\NASDAQ_CDZI_2018.pdf,cadiz-inc,,,
../downolad_files/data/nasdaq_annual_reports\cadence-design-systems-inc\NASDAQ_CDNS_2019.pdf,cadence-design-systems-inc,CADENCE DESIGN SYSTEMS INC,False,
../downolad_files/data/nasdaq_annual_reports\cadence-design-systems-inc\NASDAQ_CDNS_2020.pdf,cadence-design-systems-inc,"CADENCE DESIGN SYSTEMS, INC.",False,
../downolad_files/data/nasdaq_annual_reports\cadiz-inc\NASDAQ_CDZI_2019.pdf,cadiz-inc,,,
../downolad_files/data/nasdaq_annual_reports\cadiz-inc\NASDAQ_CDZI_2020.pdf,cadiz-inc,,,
../downolad_files/data/nasdaq_annual_reports\cadiz-inc\NASDAQ_CDZI_2021.pdf,cadiz-inc,,,
../downolad_files/data/nasdaq_annual_reports\caesars-entertainment-corporation\NASDAQ_CZR_2018.pdf,caesars-entertainment-corporation,CAESARS ENTERTAINMENT CORPORATION,False,
../downolad_files/data/nasdaq_annual_reports\caesars-entertainment-corporation\NASDAQ_CZR_2019.pdf,caesars-entertainment-corporation,CAESARS ENTERTAINMENT CORPORATION,False,
../downolad_files/data/nasdaq_annual_reports\caesars-entertainment-corporation\NASDAQ_CZR_2020.pdf,caesars-entertainment-corporation,"CAESARS ENTERTAINMENT, INC.",False,
../downolad_files/data/nasdaq_annual_reports\caesarstone-ltd\NASDAQ_CSTE_2016.pdf,caesarstone-ltd,CAESARSTONE LTD.,False,
../downolad_files/data/nasdaq_annual_reports\caesars-entertainment-corporation\NASDAQ_CZR_2021.pdf,caesars-entertainment-corporation,"CAESARS ENTERTAINMENT, INC.",False,
../downolad_files/data/nasdaq_annual_reports\caesarstone-ltd\NASDAQ_CSTE_2017.pdf,caesarstone-ltd,CAESARSTONE LTD.,False,
../downolad_files/data/nasdaq_annual_reports\caesarstone-ltd\NASDAQ_CSTE_2018.pdf,caesarstone-ltd,CAESARSTONE LTD.,False,
../downolad_files/data/nasdaq_annual_reports\caesarstone-ltd\NASDAQ_CSTE_2019.pdf,caesarstone-ltd,CAESARSTONE LTD.,False,
../downolad_files/data/nasdaq_annual_reports\caesarstone-ltd\NASDAQ_CSTE_2020.pdf,caesarstone-ltd,CAESARSTONE LTD.,False,
../downolad_files/data/nasdaq_annual_reports\caladrus-biosciences\NASDAQ_CLBS_2018.pdf,caladrus-biosciences,"CALADRIUS BIOSCIENCES, INC.",False,
../downolad_files/data/nasdaq_annual_reports\caladrus-biosciences\NASDAQ_CLBS_2019.pdf,caladrus-biosciences,"CALADRIUS BIOSCIENCES, INC.",False,
../downolad_files/data/nasdaq_annual_reports\caladrus-biosciences\NASDAQ_CLBS_2020.pdf,caladrus-biosciences,"CALADRIUS BIOSCIENCES, INC.",False,
../downolad_files/data/nasdaq_annual_reports\caladrus-biosciences\NASDAQ_CLBS_2021.pdf,caladrus-biosciences,"CALADRIUS BIOSCIENCES, INC.",False,
../downolad_files/data/nasdaq_annual_reports\calamp-corp\NASDAQ_CAMP_2018.pdf,calamp-corp,CALAMP CORP.,False,
../downolad_files/data/nasdaq_annual_reports\calamp-corp\NASDAQ_CAMP_2019.pdf,calamp-corp,CALAMP CORP.,False,
../downolad_files/data/nasdaq_annual_reports\calamp-corp\NASDAQ_CAMP_2021.pdf,calamp-corp,CALAMP CORP.,False,
../downolad_files/data/nasdaq_annual_reports\calamp-corp\NASDAQ_CAMP_2020.pdf,calamp-corp,CALAMP CORP.,False,
../downolad_files/data/nasdaq_annual_reports\calavo-growers-inc\NASDAQ_CVGW_2020.pdf,calavo-growers-inc,"CALAVO GROWERS, INC.",False,
../downolad_files/data/nasdaq_annual_reports\calavo-growers-inc\NASDAQ_CVGW_2021.pdf,calavo-growers-inc,"CALAVO GROWERS, INC.",False,
../downolad_files/data/nasdaq_annual_reports\calavo-growers-inc\NASDAQ_CVGW_2018.pdf,calavo-growers-inc,,,
../downolad_files/data/nasdaq_annual_reports\california-bancorp\NASDAQ_CALB_2017.pdf,california-bancorp,,,
../downolad_files/data/nasdaq_annual_reports\calavo-growers-inc\NASDAQ_CVGW_2019.pdf,calavo-growers-inc,,,
../downolad_files/data/nasdaq_annual_reports\california-bancorp\NASDAQ_CALB_2019.pdf,california-bancorp,CALIFORNIA BANCORP,False,
../downolad_files/data/nasdaq_annual_reports\california-bancorp\NASDAQ_CALB_2020.pdf,california-bancorp,CALIFORNIA BANCORP,False,
../downolad_files/data/nasdaq_annual_reports\california-bancorp\NASDAQ_CALB_2021.pdf,california-bancorp,CALIFORNIA BANCORP,False,
../downolad_files/data/nasdaq_annual_reports\calithera-biosciences-inc\NASDAQ_CALA_2019.pdf,calithera-biosciences-inc,"CALITHERA BIOSCIENCES, INC.",False,
../downolad_files/data/nasdaq_annual_reports\calithera-biosciences-inc\NASDAQ_CALA_2020.pdf,calithera-biosciences-inc,"CALITHERA BIOSCIENCES, INC.",False,
../downolad_files/data/nasdaq_annual_reports\california-first-national-bancorp\NASDAQ_CFNB_2019.pdf,california-first-national-bancorp,,,
../downolad_files/data/nasdaq_annual_reports\calithera-biosciences-inc\NASDAQ_CALA_2018.pdf,calithera-biosciences-inc,"CALITHERA BIOSCIENCES, INC.",False,
../downolad_files/data/nasdaq_annual_reports\calumet\NASDAQ_CLMT_2016.pdf,calumet,"Calumet Specialty Products Partners, L.P.",False,
../downolad_files/data/nasdaq_annual_reports\calumet\NASDAQ_CLMT_2018.pdf,calumet,,,
../downolad_files/data/nasdaq_annual_reports\calumet\NASDAQ_CLMT_2019.pdf,calumet,"Calumet Specialty Products Partners, L.P.",False,
../downolad_files/data/nasdaq_annual_reports\calumet\NASDAQ_CLMT_2017.pdf,calumet,"Calumet Specialty Products Partners, L.P.",False,
../downolad_files/data/nasdaq_annual_reports\calumet\NASDAQ_CLMT_2020.pdf,calumet,"Calumet Specialty Products Partners, L.P.",False,
../downolad_files/data/nasdaq_annual_reports\calyxt-inc\NASDAQ_CLXT_2018.pdf,calyxt-inc,"Calyxt, Inc.",False,
../downolad_files/data/nasdaq_annual_reports\calyxt-inc\NASDAQ_CLXT_2019.pdf,calyxt-inc,"Calyxt, Inc.",False,
../downolad_files/data/nasdaq_annual_reports\calyxt-inc\NASDAQ_CLXT_2020.pdf,calyxt-inc,"Calyxt, Inc.",False,
../downolad_files/data/nasdaq_annual_reports\calyxt-inc\NASDAQ_CLXT_2021.pdf,calyxt-inc,"Calyxt, Inc.",False,
../downolad_files/data/nasdaq_annual_reports\cambium-networks-corporation\NASDAQ_CMBM_2019.pdf,cambium-networks-corporation,CAMBIUM NETWORKS CORPORATION,False,
../downolad_files/data/nasdaq_annual_reports\cambridge-bancorp\NASDAQ_CATC_2016.pdf,cambridge-bancorp,,,
../downolad_files/data/nasdaq_annual_reports\cambridge-bancorp\NASDAQ_CATC_2018.pdf,cambridge-bancorp,CAMBRIDGE BANCORP,False,
../downolad_files/data/nasdaq_annual_reports\cambium-networks-corporation\NASDAQ_CMBM_2020.pdf,cambium-networks-corporation,CAMBIUM NETWORKS CORPORATION,False,
../downolad_files/data/nasdaq_annual_reports\cambridge-bancorp\NASDAQ_CATC_2017.pdf,cambridge-bancorp,CAMBRIDGE BANCORP,False,
../downolad_files/data/nasdaq_annual_reports\cambridge-bancorp\NASDAQ_CATC_2020.pdf,cambridge-bancorp,CAMBRIDGE BANCORP,False,
../downolad_files/data/nasdaq_annual_reports\camden-national-corporation\NASDAQ_CAC_2019.pdf,camden-national-corporation,,,
../downolad_files/data/nasdaq_annual_reports\cambridge-bancorp\NASDAQ_CATC_2019.pdf,cambridge-bancorp,CAMBRIDGE BANCORP,False,
../downolad_files/data/nasdaq_annual_reports\camden-national-corporation\NASDAQ_CAC_2021.pdf,camden-national-corporation,,,
../downolad_files/data/nasdaq_annual_reports\camden-national-corporation\NASDAQ_CAC_2018.pdf,camden-national-corporation,,,
../downolad_files/data/nasdaq_annual_reports\canaan-inc\NASDAQ_CAN_2019.pdf,canaan-inc,Canaan Inc.,False,
../downolad_files/data/nasdaq_annual_reports\canaan-inc\NASDAQ_CAN_2020.pdf,canaan-inc,Canaan Inc.,False,
../downolad_files/data/nasdaq_annual_reports\canaan-inc\NASDAQ_CAN_2021.pdf,canaan-inc,Canaan Inc.,False,
../downolad_files/data/nasdaq_annual_reports\canadian-solar-inc\NASDAQ_CSIQ_2016.pdf,canadian-solar-inc,CANADIAN SOLAR INC.,False,
../downolad_files/data/nasdaq_annual_reports\canadian-solar-inc\NASDAQ_CSIQ_2017.pdf,canadian-solar-inc,CANADIAN SOLAR INC.,False,
../downolad_files/data/nasdaq_annual_reports\canadian-solar-inc\NASDAQ_CSIQ_2019.pdf,canadian-solar-inc,CANADIAN SOLAR INC.,False,
../downolad_files/data/nasdaq_annual_reports\canadian-solar-inc\NASDAQ_CSIQ_2018.pdf,canadian-solar-inc,CANADIAN SOLAR INC.,False,
../downolad_files/data/nasdaq_annual_reports\canadian-solar-inc\NASDAQ_CSIQ_2020.pdf,canadian-solar-inc,CANADIAN SOLAR INC.,False,
../downolad_files/data/nasdaq_annual_reports\cancer-genetics-inc\NASDAQ_CGIX_2015.pdf,cancer-genetics-inc,"CANCER GENETICS, INC.",False,
../downolad_files/data/nasdaq_annual_reports\cancer-genetics-inc\NASDAQ_CGIX_2016.pdf,cancer-genetics-inc,"CANCER GENETICS, INC.",False,
../downolad_files/data/nasdaq_annual_reports\cancer-genetics-inc\NASDAQ_CGIX_2017.pdf,cancer-genetics-inc,"CANCER GENETICS, INC.",False,
../downolad_files/data/nasdaq_annual_reports\cancer-genetics-inc\NASDAQ_CGIX_2018.pdf,cancer-genetics-inc,"CANCER GENETICS, INC.",False,
../downolad_files/data/nasdaq_annual_reports\cancer-genetics-inc\NASDAQ_CGIX_2019.pdf,cancer-genetics-inc,"CANCER GENETICS, INC.",False,
../downolad_files/data/nasdaq_annual_reports\canterbury-park-holding-corporation\NASDAQ_CPHC_2016.pdf,canterbury-park-holding-corporation,CANTERBURY PARK HOLDING CORPORATION,False,
../downolad_files/data/nasdaq_annual_reports\canterbury-park-holding-corporation\NASDAQ_CPHC_2017.pdf,canterbury-park-holding-corporation,CANTERBURY PARK HOLDING CORPORATION,False,
../downolad_files/data/nasdaq_annual_reports\canterbury-park-holding-corporation\NASDAQ_CPHC_2018.pdf,canterbury-park-holding-corporation,CANTERBURY PARK HOLDING CORPORATION,False,
../downolad_files/data/nasdaq_annual_reports\canterbury-park-holding-corporation\NASDAQ_CPHC_2019.pdf,canterbury-park-holding-corporation,CANTERBURY PARK HOLDING CORPORATION,False,
../downolad_files/data/nasdaq_annual_reports\capital-bancorp-inc\NASDAQ_CBNK_2018.pdf,capital-bancorp-inc,"CAPITAL BANCORP, INC.",False,
../downolad_files/data/nasdaq_annual_reports\canterbury-park-holding-corporation\NASDAQ_CPHC_2020.pdf,canterbury-park-holding-corporation,CANTERBURY PARK HOLDING CORPORATION,False,
../downolad_files/data/nasdaq_annual_reports\capital-bancorp-inc\NASDAQ_CBNK_2019.pdf,capital-bancorp-inc,"CAPITAL BANCORP, INC.",False,
../downolad_files/data/nasdaq_annual_reports\capital-bancorp-inc\NASDAQ_CBNK_2020.pdf,capital-bancorp-inc,"CAPITAL BANCORP, INC.",False,
../downolad_files/data/nasdaq_annual_reports\capital-bancorp-inc\NASDAQ_CBNK_2021.pdf,capital-bancorp-inc,"CAPITAL BANCORP, INC.",False,
../downolad_files/data/nasdaq_annual_reports\capital-city-bank-group-inc\NASDAQ_CCBG_2018.pdf,capital-city-bank-group-inc,,,
../downolad_files/data/nasdaq_annual_reports\capital-city-bank-group-inc\NASDAQ_CCBG_2020.pdf,capital-city-bank-group-inc,"Capital City Bank Group, Inc.",False,
../downolad_files/data/nasdaq_annual_reports\capital-city-bank-group-inc\NASDAQ_CCBG_2021.pdf,capital-city-bank-group-inc,"Capital City Bank Group, Inc.",False,
../downolad_files/data/nasdaq_annual_reports\capital-product-partners-lp\NASDAQ_CPLP_2018.pdf,capital-product-partners-lp,CAPITAL PRODUCT PARTNERS L.P.,False,
../downolad_files/data/nasdaq_annual_reports\capital-product-partners-lp\NASDAQ_CPLP_2019.pdf,capital-product-partners-lp,CAPITAL PRODUCT PARTNERS L.P.,False,
../downolad_files/data/nasdaq_annual_reports\capital-city-bank-group-inc\NASDAQ_CCBG_2019.pdf,capital-city-bank-group-inc,"Capital City Bank Group, Inc.",False,
../downolad_files/data/nasdaq_annual_reports\calithera-biosciences-inc\NASDAQ_CALA_2021.pdf,calithera-biosciences-inc,,,
../downolad_files/data/nasdaq_annual_reports\capital-product-partners-lp\NASDAQ_CPLP_2020.pdf,capital-product-partners-lp,CAPITAL PRODUCT PARTNERS L.P.,False,
../downolad_files/data/nasdaq_annual_reports\capital-product-partners-lp\NASDAQ_CPLP_2021.pdf,capital-product-partners-lp,CAPITAL PRODUCT PARTNERS L.P.,False,
../downolad_files/data/nasdaq_annual_reports\capital-product-partners-lp\NASDAQ_CPLP_2017.pdf,capital-product-partners-lp,CAPITAL PRODUCT PARTNERS L.P.,False,
../downolad_files/data/nasdaq_annual_reports\capital-southwest-corporation\NASDAQ_CSWC_2019.pdf,capital-southwest-corporation,CAPITAL SOUTHWEST CORPORATION,False,
../downolad_files/data/nasdaq_annual_reports\capital-southwest-corporation\NASDAQ_CSWC_2018.pdf,capital-southwest-corporation,CAPITAL SOUTHWEST CORPORATION,False,
../downolad_files/data/nasdaq_annual_reports\capital-southwest-corporation\NASDAQ_CSWC_2020.pdf,capital-southwest-corporation,CAPITAL SOUTHWEST CORPORATION,False,
../downolad_files/data/nasdaq_annual_reports\capital-southwest-corporation\NASDAQ_CSWC_2021.pdf,capital-southwest-corporation,CAPITAL SOUTHWEST CORPORATION,False,
../downolad_files/data/nasdaq_annual_reports\capitala-group\NASDAQ_CPTA_2015.pdf,capitala-group,,,
../downolad_files/data/nasdaq_annual_reports\capitala-group\NASDAQ_CPTA_2016.pdf,capitala-group,,,
../downolad_files/data/nasdaq_annual_reports\capitala-group\NASDAQ_CPTA_2017.pdf,capitala-group,,,
../downolad_files/data/nasdaq_annual_reports\capitol-federal-financial-inc-1\NASDAQ_CFFN_2018.pdf,capitol-federal-financial-inc-1,"Capitol Federal Financial, Inc.",False,
../downolad_files/data/nasdaq_annual_reports\capitala-group\NASDAQ_CPTA_2018.pdf,capitala-group,,,
../downolad_files/data/nasdaq_annual_reports\capitol-federal-financial-inc-1\NASDAQ_CFFN_2020.pdf,capitol-federal-financial-inc-1,,,
../downolad_files/data/nasdaq_annual_reports\capitol-federal-financial-inc-1\NASDAQ_CFFN_2019.pdf,capitol-federal-financial-inc-1,,,
../downolad_files/data/nasdaq_annual_reports\capitala-group\NASDAQ_CPTA_2019.pdf,capitala-group,,,
../downolad_files/data/nasdaq_annual_reports\capitol-federal-financial-inc-1\NASDAQ_CFFN_2021.pdf,capitol-federal-financial-inc-1,,,
../downolad_files/data/nasdaq_annual_reports\capricor-therapeutics-inc\NASDAQ_CAPR_2016.pdf,capricor-therapeutics-inc,"CAPRICOR THERAPEUTICS, INC.",False,
../downolad_files/data/nasdaq_annual_reports\capricor-therapeutics-inc\NASDAQ_CAPR_2017.pdf,capricor-therapeutics-inc,"CAPRICOR THERAPEUTICS, INC.",False,
../downolad_files/data/nasdaq_annual_reports\capricor-therapeutics-inc\NASDAQ_CAPR_2018.pdf,capricor-therapeutics-inc,"CAPRICOR THERAPEUTICS, INC.",False,
../downolad_files/data/nasdaq_annual_reports\capricor-therapeutics-inc\NASDAQ_CAPR_2019.pdf,capricor-therapeutics-inc,"CAPRICOR THERAPEUTICS, INC.",False,
../downolad_files/data/nasdaq_annual_reports\capstar-financial-holdings-inc\NASDAQ_CSTR_2019.pdf,capstar-financial-holdings-inc,"CAPSTAR FINANCIAL HOLDINGS, INC.",False,
../downolad_files/data/nasdaq_annual_reports\capstar-financial-holdings-inc\NASDAQ_CSTR_2021.pdf,capstar-financial-holdings-inc,"CAPSTAR FINANCIAL HOLDINGS, INC.",False,
../downolad_files/data/nasdaq_annual_reports\capricor-therapeutics-inc\NASDAQ_CAPR_2020.pdf,capricor-therapeutics-inc,"CAPRICOR THERAPEUTICS, INC.",False,
../downolad_files/data/nasdaq_annual_reports\capstar-financial-holdings-inc\NASDAQ_CSTR_2020.pdf,capstar-financial-holdings-inc,,,
../downolad_files/data/nasdaq_annual_reports\cara-therapeutics-inc\NASDAQ_CARA_2018.pdf,cara-therapeutics-inc,"CARA THERAPEUTICS, INC.",False,
../downolad_files/data/nasdaq_annual_reports\cara-therapeutics-inc\NASDAQ_CARA_2019.pdf,cara-therapeutics-inc,"CARA THERAPEUTICS, INC.",False,
../downolad_files/data/nasdaq_annual_reports\cara-therapeutics-inc\NASDAQ_CARA_2020.pdf,cara-therapeutics-inc,"CARA THERAPEUTICS, INC.",False,
../downolad_files/data/nasdaq_annual_reports\carbonite-inc\NASDAQ_CARB_2015.pdf,carbonite-inc,"CARBONITE, INC.",False,
../downolad_files/data/nasdaq_annual_reports\carbonite-inc\NASDAQ_CARB_2016.pdf,carbonite-inc,"CARBONITE, INC.",False,
../downolad_files/data/nasdaq_annual_reports\cara-therapeutics-inc\NASDAQ_CARA_2021.pdf,cara-therapeutics-inc,"CARA THERAPEUTICS, INC.",False,
../downolad_files/data/nasdaq_annual_reports\cardiovascular-systems-inc\NASDAQ_CSII_2018.pdf,cardiovascular-systems-inc,"CARDIOVASCULAR SYSTEMS, INC.",False,
../downolad_files/data/nasdaq_annual_reports\carbonite-inc\NASDAQ_CARB_2017.pdf,carbonite-inc,"CARBONITE, INC.",False,
../downolad_files/data/nasdaq_annual_reports\carbonite-inc\NASDAQ_CARB_2018.pdf,carbonite-inc,"CARBONITE, INC.",False,
../downolad_files/data/nasdaq_annual_reports\cardiovascular-systems-inc\NASDAQ_CSII_2019.pdf,cardiovascular-systems-inc,"CARDIOVASCULAR SYSTEMS, INC.",False,
../downolad_files/data/nasdaq_annual_reports\cardiovascular-systems-inc\NASDAQ_CSII_2020.pdf,cardiovascular-systems-inc,"CARDIOVASCULAR SYSTEMS, INC.",False,
../downolad_files/data/nasdaq_annual_reports\cardiovascular-systems-inc\NASDAQ_CSII_2021.pdf,cardiovascular-systems-inc,"CARDIOVASCULAR SYSTEMS, INC.",False,
../downolad_files/data/nasdaq_annual_reports\cardlytics-inc\NASDAQ_CDLX_2017.pdf,cardlytics-inc,"CARDLYTICS, INC.",False,
../downolad_files/data/nasdaq_annual_reports\cardlytics-inc\NASDAQ_CDLX_2018.pdf,cardlytics-inc,"CARDLYTICS, INC.",False,
../downolad_files/data/nasdaq_annual_reports\cardlytics-inc\NASDAQ_CDLX_2019.pdf,cardlytics-inc,"CARDLYTICS, INC.",False,
../downolad_files/data/nasdaq_annual_reports\cardtronics-inc\NASDAQ_CATM_2016.pdf,cardtronics-inc,Cardtronics plc,False,
../downolad_files/data/nasdaq_annual_reports\cardlytics-inc\NASDAQ_CDLX_2020.pdf,cardlytics-inc,"CARDLYTICS, INC.",False,
../downolad_files/data/nasdaq_annual_reports\cardtronics-inc\NASDAQ_CATM_2017.pdf,cardtronics-inc,Cardtronics plc,False,
../downolad_files/data/nasdaq_annual_reports\cardtronics-inc\NASDAQ_CATM_2019.pdf,cardtronics-inc,Cardtronics plc,False,
../downolad_files/data/nasdaq_annual_reports\cardtronics-inc\NASDAQ_CATM_2018.pdf,cardtronics-inc,Cardtronics plc,False,
../downolad_files/data/nasdaq_annual_reports\carecoud-inc\NASDAQ_MTBC_2016.pdf,carecoud-inc,"MEDICAL TRANSCRIPTION BILLING, CORP.",True,
../downolad_files/data/nasdaq_annual_reports\carecoud-inc\NASDAQ_MTBC_2017.pdf,carecoud-inc,"MEDICAL TRANSCRIPTION BILLING, CORP.",True,
../downolad_files/data/nasdaq_annual_reports\carecoud-inc\NASDAQ_MTBC_2018.pdf,carecoud-inc,"MTBC, INC.",True,
../downolad_files/data/nasdaq_annual_reports\caredx-inc\NASDAQ_CDNA_2018.pdf,caredx-inc,"CAREDX, INC.",False,
../downolad_files/data/nasdaq_annual_reports\carecoud-inc\NASDAQ_MTBC_2019.pdf,carecoud-inc,"MTBC, Inc.",True,
../downolad_files/data/nasdaq_annual_reports\caredx-inc\NASDAQ_CDNA_2019.pdf,caredx-inc,"CAREDX, INC.",False,
../downolad_files/data/nasdaq_annual_reports\caredx-inc\NASDAQ_CDNA_2020.PDF,caredx-inc,"CAREDX, INC.",False,
../downolad_files/data/nasdaq_annual_reports\caredx-inc\NASDAQ_CDNA_2021.pdf,caredx-inc,"CAREDX, INC.",False,
../downolad_files/data/nasdaq_annual_reports\carecoud-inc\NASDAQ_MTBC_2020.pdf,carecoud-inc,"MTBC, Inc.",True,
../downolad_files/data/nasdaq_annual_reports\caretrust-reit-inc\NASDAQ_CTRE_2018.pdf,caretrust-reit-inc,"CareTrust REIT, Inc.",False,
../downolad_files/data/nasdaq_annual_reports\caretrust-reit-inc\NASDAQ_CTRE_2019.pdf,caretrust-reit-inc,"CareTrust REIT, Inc.",False,
../downolad_files/data/nasdaq_annual_reports\cargurus\NASDAQ_CARG_2018.pdf,cargurus,"CarGurus, Inc.",False,
../downolad_files/data/nasdaq_annual_reports\caretrust-reit-inc\NASDAQ_CTRE_2020.pdf,caretrust-reit-inc,"CareTrust REIT, Inc.",False,
../downolad_files/data/nasdaq_annual_reports\cargurus\NASDAQ_CARG_2019.pdf,cargurus,"CarGurus, Inc.",False,
../downolad_files/data/nasdaq_annual_reports\caretrust-reit-inc\NASDAQ_CTRE_2021.pdf,caretrust-reit-inc,"CareTrust REIT, Inc.",False,
../downolad_files/data/nasdaq_annual_reports\cargurus\NASDAQ_CARG_2020.pdf,cargurus,"CarGurus, Inc.",False,
../downolad_files/data/nasdaq_annual_reports\cargurus\NASDAQ_CARG_2021.pdf,cargurus,"CarGurus, Inc.",False,
../downolad_files/data/nasdaq_annual_reports\carrols-restaurant-group-inc\NASDAQ_TAST_2019.pdf,carrols-restaurant-group-inc,"CARROLS RESTAURANT GROUP, INC.",False,
../downolad_files/data/nasdaq_annual_reports\carrols-restaurant-group-inc\NASDAQ_TAST_2020.pdf,carrols-restaurant-group-inc,"CARROLS RESTAURANT GROUP, INC.",False,
../downolad_files/data/nasdaq_annual_reports\carver-bancorp-inc\NASDAQ_CARV_2016.pdf,carver-bancorp-inc,"CARVER BANCORP, INC.",False,
../downolad_files/data/nasdaq_annual_reports\carrols-restaurant-group-inc\NASDAQ_TAST_2021.pdf,carrols-restaurant-group-inc,"CARROLS RESTAURANT GROUP, INC.",False,
../downolad_files/data/nasdaq_annual_reports\carrols-restaurant-group-inc\NASDAQ_TAST_2018.pdf,carrols-restaurant-group-inc,"CARROLS RESTAURANT GROUP, INC.",False,
../downolad_files/data/nasdaq_annual_reports\carver-bancorp-inc\NASDAQ_CARV_2017.pdf,carver-bancorp-inc,"CARVER BANCORP, INC.",False,
../downolad_files/data/nasdaq_annual_reports\carver-bancorp-inc\NASDAQ_CARV_2019.pdf,carver-bancorp-inc,"CARVER BANCORP, INC.",False,
../downolad_files/data/nasdaq_annual_reports\carver-bancorp-inc\NASDAQ_CARV_2018.pdf,carver-bancorp-inc,"CARVER BANCORP, INC.",False,
../downolad_files/data/nasdaq_annual_reports\carver-bancorp-inc\NASDAQ_CARV_2020.pdf,carver-bancorp-inc,"CARVER BANCORP, INC.",False,
../downolad_files/data/nasdaq_annual_reports\casa-systems-inc\NASDAQ_CASA_2018.pdf,casa-systems-inc,"Casa Systems, Inc.",False,
../downolad_files/data/nasdaq_annual_reports\casa-systems-inc\NASDAQ_CASA_2019.pdf,casa-systems-inc,"Casa Systems, Inc.",False,
../downolad_files/data/nasdaq_annual_reports\casa-systems-inc\NASDAQ_CASA_2020.pdf,casa-systems-inc,"Casa Systems, Inc.",False,
../downolad_files/data/nasdaq_annual_reports\casella-waste-systems-inc\NASDAQ_CWST_2017.pdf,casella-waste-systems-inc,"CASELLA WASTE SYSTEMS, INC.",False,
../downolad_files/data/nasdaq_annual_reports\casella-waste-systems-inc\NASDAQ_CWST_2018.pdf,casella-waste-systems-inc,"CASELLA WASTE SYSTEMS, INC.",False,
../downolad_files/data/nasdaq_annual_reports\capstar-financial-holdings-inc\NASDAQ_CSTR_2018.pdf,capstar-financial-holdings-inc,,,
../downolad_files/data/nasdaq_annual_reports\casa-systems-inc\NASDAQ_CASA_2021.pdf,casa-systems-inc,"Casa Systems, Inc.",False,
../downolad_files/data/nasdaq_annual_reports\casella-waste-systems-inc\NASDAQ_CWST_2019.pdf,casella-waste-systems-inc,"CASELLA WASTE SYSTEMS, INC.",False,
../downolad_files/data/nasdaq_annual_reports\caseys-general-stores-inc\NASDAQ_CASY_2018.pdf,caseys-general-stores-inc,"CASEY’S GENERAL STORES, INC.",False,
../downolad_files/data/nasdaq_annual_reports\casella-waste-systems-inc\NASDAQ_CWST_2020.pdf,casella-waste-systems-inc,"CASELLA WASTE SYSTEMS, INC.",False,
../downolad_files/data/nasdaq_annual_reports\caseys-general-stores-inc\NASDAQ_CASY_2019.pdf,caseys-general-stores-inc,"CASEY’S GENERAL STORES, INC.",False,
../downolad_files/data/nasdaq_annual_reports\caseys-general-stores-inc\NASDAQ_CASY_2020.pdf,caseys-general-stores-inc,"CASEY’S GENERAL STORES, INC.",False,
../downolad_files/data/nasdaq_annual_reports\casella-waste-systems-inc\NASDAQ_CWST_2021.pdf,casella-waste-systems-inc,"CASELLA WASTE SYSTEMS, INC.",False,
../downolad_files/data/nasdaq_annual_reports\caseys-general-stores-inc\NASDAQ_CASY_2021.pdf,caseys-general-stores-inc,"CASEY’S GENERAL STORES, INC.",False,
../downolad_files/data/nasdaq_annual_reports\casi-pharmaceuticals-inc\NASDAQ_CASI_2018.pdf,casi-pharmaceuticals-inc,,,
../downolad_files/data/nasdaq_annual_reports\casi-pharmaceuticals-inc\NASDAQ_CASI_2019.pdf,casi-pharmaceuticals-inc,"CASI PHARMACEUTICALS, INC.",False,
../downolad_files/data/nasdaq_annual_reports\casi-pharmaceuticals-inc\NASDAQ_CASI_2021.pdf,casi-pharmaceuticals-inc,"CASI PHARMACEUTICALS, INC.",False,
../downolad_files/data/nasdaq_annual_reports\cass-information-services-inc\NASDAQ_CASS_2018.pdf,cass-information-services-inc,"CASS INFORMATION SYSTEMS, INC.",False,
../downolad_files/data/nasdaq_annual_reports\cass-information-services-inc\NASDAQ_CASS_2019.pdf,cass-information-services-inc,"CASS INFORMATION SYSTEMS, INC.",False,
../downolad_files/data/nasdaq_annual_reports\casi-pharmaceuticals-inc\NASDAQ_CASI_2020.pdf,casi-pharmaceuticals-inc,"CASI PHARMACEUTICALS, INC.",False,
../downolad_files/data/nasdaq_annual_reports\cass-information-services-inc\NASDAQ_CASS_2020.pdf,cass-information-services-inc,"CASS INFORMATION SYSTEMS, INC.",False,
../downolad_files/data/nasdaq_annual_reports\cass-information-services-inc\NASDAQ_CASS_2021.pdf,cass-information-services-inc,,,
../downolad_files/data/nasdaq_annual_reports\cassava-sciences-inc\NASDAQ_SAVA_2018.pdf,cassava-sciences-inc,"Cassava Sciences, Inc.",False,
../downolad_files/data/nasdaq_annual_reports\cassava-sciences-inc\NASDAQ_SAVA_2020.pdf,cassava-sciences-inc,"Cassava Sciences, Inc.",False,
../downolad_files/data/nasdaq_annual_reports\castle-biosciences-inc\NASDAQ_CSTL_2019.pdf,castle-biosciences-inc,"CASTLE BIOSCIENCES, INC.",False,
../downolad_files/data/nasdaq_annual_reports\castle-biosciences-inc\NASDAQ_CSTL_2020.pdf,castle-biosciences-inc,"CASTLE BIOSCIENCES, INC.",False,
../downolad_files/data/nasdaq_annual_reports\cassava-sciences-inc\NASDAQ_SAVA_2019.pdf,cassava-sciences-inc,"Cassava Sciences, Inc.",False,
../downolad_files/data/nasdaq_annual_reports\castle-biosciences-inc\NASDAQ_CSTL_2021.pdf,castle-biosciences-inc,,,
../downolad_files/data/nasdaq_annual_reports\castlight-health-inc\NASDAQ_CSLT_2017.pdf,castlight-health-inc,"CASTLIGHT HEALTH, INC.",False,
../downolad_files/data/nasdaq_annual_reports\castlight-health-inc\NASDAQ_CSLT_2018.pdf,castlight-health-inc,"CASTLIGHT HEALTH, INC.",False,
../downolad_files/data/nasdaq_annual_reports\castlight-health-inc\NASDAQ_CSLT_2019.pdf,castlight-health-inc,"CASTLIGHT HEALTH, INC.",False,
../downolad_files/data/nasdaq_annual_reports\castlight-health-inc\NASDAQ_CSLT_2020.pdf,castlight-health-inc,"CASTLIGHT HEALTH, INC.",False,
../downolad_files/data/nasdaq_annual_reports\catabasis-pharmaceuticals-inc\NASDAQ_CATB_2017.pdf,catabasis-pharmaceuticals-inc,"Catabasis Pharmaceuticals, Inc.",False,
../downolad_files/data/nasdaq_annual_reports\castor-maritime-inc\NASDAQ_CTRM_2018.pdf,castor-maritime-inc,CASTOR MARITIME INC.,False,
../downolad_files/data/nasdaq_annual_reports\catabasis-pharmaceuticals-inc\NASDAQ_CATB_2018.pdf,catabasis-pharmaceuticals-inc,"Catabasis Pharmaceuticals, Inc.",False,
../downolad_files/data/nasdaq_annual_reports\catabasis-pharmaceuticals-inc\NASDAQ_CATB_2019.pdf,catabasis-pharmaceuticals-inc,"Catabasis Pharmaceuticals, Inc.",False,
../downolad_files/data/nasdaq_annual_reports\castor-maritime-inc\NASDAQ_CTRM_2019.pdf,castor-maritime-inc,CASTOR MARITIME INC.,False,
../downolad_files/data/nasdaq_annual_reports\catalyst-biosciences-inc\NASDAQ_CBIO_2016.pdf,catalyst-biosciences-inc,"Catalyst Biosciences, Inc.",False,
../downolad_files/data/nasdaq_annual_reports\catabasis-pharmaceuticals-inc\NASDAQ_CATB_2020.pdf,catabasis-pharmaceuticals-inc,"Catabasis Pharmaceuticals, Inc.",False,
../downolad_files/data/nasdaq_annual_reports\catalyst-biosciences-inc\NASDAQ_CBIO_2017.pdf,catalyst-biosciences-inc,"Catalyst Biosciences, Inc.",False,
../downolad_files/data/nasdaq_annual_reports\catalyst-biosciences-inc\NASDAQ_CBIO_2018.pdf,catalyst-biosciences-inc,"Catalyst Biosciences, Inc.",False,
../downolad_files/data/nasdaq_annual_reports\catalyst-pharmaceutical-partners-inc\NASDAQ_CPRX_2018.pdf,catalyst-pharmaceutical-partners-inc,"CATALYST PHARMACEUTICALS, INC.",False,
../downolad_files/data/nasdaq_annual_reports\catalyst-pharmaceutical-partners-inc\NASDAQ_CPRX_2019.pdf,catalyst-pharmaceutical-partners-inc,"CATALYST PHARMACEUTICALS, INC.",False,
../downolad_files/data/nasdaq_annual_reports\catalyst-biosciences-inc\NASDAQ_CBIO_2019.pdf,catalyst-biosciences-inc,"Catalyst Biosciences, Inc.",False,
../downolad_files/data/nasdaq_annual_reports\catalyst-biosciences-inc\NASDAQ_CBIO_2020.pdf,catalyst-biosciences-inc,"Catalyst Biosciences, Inc.",False,
../downolad_files/data/nasdaq_annual_reports\cathay-general-bancorp\NASDAQ_CATY_2018.pdf,cathay-general-bancorp,,,
../downolad_files/data/nasdaq_annual_reports\cathay-general-bancorp\NASDAQ_CATY_2019.pdf,cathay-general-bancorp,,,
../downolad_files/data/nasdaq_annual_reports\cathay-general-bancorp\NASDAQ_CATY_2020.pdf,cathay-general-bancorp,,,
../downolad_files/data/nasdaq_annual_reports\catalyst-pharmaceutical-partners-inc\NASDAQ_CPRX_2020.pdf,catalyst-pharmaceutical-partners-inc,"CATALYST PHARMACEUTICALS, INC.",False,
../downolad_files/data/nasdaq_annual_reports\cathay-general-bancorp\NASDAQ_CATY_2021.pdf,cathay-general-bancorp,Cathay General Bancorp,False,
../downolad_files/data/nasdaq_annual_reports\cavco-industries-inc\NASDAQ_CVCO_2019.pdf,cavco-industries-inc,"Cavco Industries, Inc.",False,
../downolad_files/data/nasdaq_annual_reports\cavco-industries-inc\NASDAQ_CVCO_2020.pdf,cavco-industries-inc,CAVCO INDUSTRIES INC.,False,
../downolad_files/data/nasdaq_annual_reports\cavco-industries-inc\NASDAQ_CVCO_2021.pdf,cavco-industries-inc,,,
../downolad_files/data/nasdaq_annual_reports\catalyst-pharmaceutical-partners-inc\NASDAQ_CPRX_2021.pdf,catalyst-pharmaceutical-partners-inc,"CATALYST PHARMACEUTICALS, INC.",False,
../downolad_files/data/nasdaq_annual_reports\cavco-industries-inc\NASDAQ_CVCO_2022.pdf,cavco-industries-inc,,,
../downolad_files/data/nasdaq_annual_reports\cbak-energy-technology-inc\NASDAQ_CBAT_2016.pdf,cbak-energy-technology-inc,"CHINA BAK BATTERY, INC.",True,
../downolad_files/data/nasdaq_annual_reports\cbak-energy-technology-inc\NASDAQ_CBAT_2017.pdf,cbak-energy-technology-inc,"CBAK ENERGY TECHNOLOGY, INC.",False,
../downolad_files/data/nasdaq_annual_reports\cbak-energy-technology-inc\NASDAQ_CBAT_2018.pdf,cbak-energy-technology-inc,"CBAK ENERGY TECHNOLOGY, INC.",False,
../downolad_files/data/nasdaq_annual_reports\cbak-energy-technology-inc\NASDAQ_CBAT_2019.pdf,cbak-energy-technology-inc,"CBAK ENERGY TECHNOLOGY, INC.",False,
../downolad_files/data/nasdaq_annual_reports\cboe-global-markets\NASDAQ_CBOE_2018.pdf,cboe-global-markets,"Cboe Global Markets, Inc.",False,
../downolad_files/data/nasdaq_annual_reports\cbm-bancorp-inc\NASDAQ_CBMB_2019.pdf,cbm-bancorp-inc,"CBM BANCORP, INC.",False,
../downolad_files/data/nasdaq_annual_reports\cbm-bancorp-inc\NASDAQ_CBMB_2020.pdf,cbm-bancorp-inc,"CBM BANCORP, INC.",False,
../downolad_files/data/nasdaq_annual_reports\cbak-energy-technology-inc\NASDAQ_CBAT_2020.pdf,cbak-energy-technology-inc,"CBAK ENERGY TECHNOLOGY, INC.",False,
../downolad_files/data/nasdaq_annual_reports\cboe-global-markets\NASDAQ_CBOE_2019.pdf,cboe-global-markets,"Cboe Global Markets, Inc.",False,
../downolad_files/data/nasdaq_annual_reports\cboe-global-markets\NASDAQ_CBOE_2020.pdf,cboe-global-markets,"Cboe Global Markets, Inc.",False,
../downolad_files/data/nasdaq_annual_reports\cbtx-inc\NASDAQ_CBTX_2017.pdf,cbtx-inc,"CBTX, INC.",False,
../downolad_files/data/nasdaq_annual_reports\cboe-global-markets\NASDAQ_CBOE_2021.pdf,cboe-global-markets,"Cboe Global Markets, Inc.",False,
../downolad_files/data/nasdaq_annual_reports\cbtx-inc\NASDAQ_CBTX_2019.pdf,cbtx-inc,"CBTX, Inc.",False,
../downolad_files/data/nasdaq_annual_reports\cbtx-inc\NASDAQ_CBTX_2020.pdf,cbtx-inc,"CBTX, Inc.",False,
../downolad_files/data/nasdaq_annual_reports\cbtx-inc\NASDAQ_CBTX_2018.pdf,cbtx-inc,"CBTX, INC.",False,
../downolad_files/data/nasdaq_annual_reports\cdk-global-inc\NASDAQ_CDK_2016.pdf,cdk-global-inc,"CDK Global, Inc.",False,
../downolad_files/data/nasdaq_annual_reports\cdk-global-inc\NASDAQ_CDK_2017.pdf,cdk-global-inc,"CDK Global, Inc.",False,
../downolad_files/data/nasdaq_annual_reports\cdk-global-inc\NASDAQ_CDK_2018.pdf,cdk-global-inc,"CDK Global, Inc.",False,
../downolad_files/data/nasdaq_annual_reports\cdk-global-inc\NASDAQ_CDK_2019.pdf,cdk-global-inc,"CDK Global, Inc.",False,
../downolad_files/data/nasdaq_annual_reports\cdk-global-inc\NASDAQ_CDK_2020.PDF,cdk-global-inc,"CDK Global, Inc.",False,
../downolad_files/data/nasdaq_annual_reports\cdw-corp\NASDAQ_CDW_2017.pdf,cdw-corp,CDW CORPORATION,False,
../downolad_files/data/nasdaq_annual_reports\cdw-corp\NASDAQ_CDW_2016.pdf,cdw-corp,CDW CORPORATION,False,
../downolad_files/data/nasdaq_annual_reports\cdw-corp\NASDAQ_CDW_2018.PDF,cdw-corp,CDW CORPORATION,False,
../downolad_files/data/nasdaq_annual_reports\cdw-corp\NASDAQ_CDW_2019.pdf,cdw-corp,CDW CORPORATION,False,
../downolad_files/data/nasdaq_annual_reports\cdw-corp\NASDAQ_CDW_2020.pdf,cdw-corp,CDW CORPORATION,False,
../downolad_files/data/nasdaq_annual_reports\ceco-environmental-corp\NASDAQ_CECE_2018.pdf,ceco-environmental-corp,,,
../downolad_files/data/nasdaq_annual_reports\ceco-environmental-corp\NASDAQ_CECE_2019.pdf,ceco-environmental-corp,,,
../downolad_files/data/nasdaq_annual_reports\ceco-environmental-corp\NASDAQ_CECE_2020.pdf,ceco-environmental-corp,,,
../downolad_files/data/nasdaq_annual_reports\cedar-realty-trust-inc\NASDAQ_CDR_2020.pdf,cedar-realty-trust-inc,"CEDAR REALTY TRUST, INC.",False,
../downolad_files/data/nasdaq_annual_reports\ceco-environmental-corp\NASDAQ_CECE_2021.pdf,ceco-environmental-corp,,,
../downolad_files/data/nasdaq_annual_reports\cedar-realty-trust-inc\NASDAQ_CDR_2018.pdf,cedar-realty-trust-inc,"CEDAR REALTY TRUST, INC.",False,
../downolad_files/data/nasdaq_annual_reports\cedar-realty-trust-inc\NASDAQ_CDR_2019.pdf,cedar-realty-trust-inc,"CEDAR REALTY TRUST, INC.",False,
../downolad_files/data/nasdaq_annual_reports\cedar-realty-trust-inc\NASDAQ_CDR_2021.pdf,cedar-realty-trust-inc,"CEDAR REALTY TRUST, INC.",False,
../downolad_files/data/nasdaq_annual_reports\celcuity-inc\NASDAQ_CELC_2017.pdf,celcuity-inc,Celcuity Inc.,False,
../downolad_files/data/nasdaq_annual_reports\celcuity-inc\NASDAQ_CELC_2018.pdf,celcuity-inc,Celcuity Inc.,False,
../downolad_files/data/nasdaq_annual_reports\celcuity-inc\NASDAQ_CELC_2020.pdf,celcuity-inc,Celcuity Inc.,False,
../downolad_files/data/nasdaq_annual_reports\celcuity-inc\NASDAQ_CELC_2019.pdf,celcuity-inc,Celcuity Inc.,False,
../downolad_files/data/nasdaq_annual_reports\celldex-therapeutics-inc\NASDAQ_CLDX_2019.pdf,celldex-therapeutics-inc,"CELLDEX THERAPEUTICS, INC.",False,
../downolad_files/data/nasdaq_annual_reports\celldex-therapeutics-inc\NASDAQ_CLDX_2018.pdf,celldex-therapeutics-inc,"CELLDEX THERAPEUTICS, INC.",False,
../downolad_files/data/nasdaq_annual_reports\celldex-therapeutics-inc\NASDAQ_CLDX_2020.pdf,celldex-therapeutics-inc,"CELLDEX THERAPEUTICS, INC.",False,
../downolad_files/data/nasdaq_annual_reports\celldex-therapeutics-inc\NASDAQ_CLDX_2021.pdf,celldex-therapeutics-inc,"CELLDEX THERAPEUTICS, INC.",False,
../downolad_files/data/nasdaq_annual_reports\cellect-biotechnology-ltd\NASDAQ_APOP_2019.pdf,cellect-biotechnology-ltd,,,
../downolad_files/data/nasdaq_annual_reports\cellect-biotechnology-ltd\NASDAQ_APOP_2017.pdf,,,,
../downolad_files/data/nasdaq_annual_reports\cellectar-biosciences-inc\NASDAQ_CLRB_2018.pdf,cellectar-biosciences-inc,"CELLECTAR BIOSCIENCES, INC.",False,
../downolad_files/data/nasdaq_annual_reports\cellectar-biosciences-inc\NASDAQ_CLRB_2019.pdf,cellectar-biosciences-inc,"CELLECTAR BIOSCIENCES, INC.",False,
../downolad_files/data/nasdaq_annual_reports\cellectis-sa\NASDAQ_CLLS_2016.pdf,cellectis-sa,,,
../downolad_files/data/nasdaq_annual_reports\cellectar-biosciences-inc\NASDAQ_CLRB_2021.pdf,cellectar-biosciences-inc,"CELLECTAR BIOSCIENCES, INC.",False,
../downolad_files/data/nasdaq_annual_reports\cellectar-biosciences-inc\NASDAQ_CLRB_2020.pdf,cellectar-biosciences-inc,"CELLECTAR BIOSCIENCES, INC.",False,
../downolad_files/data/nasdaq_annual_reports\cellectis-sa\NASDAQ_CLLS_2017.pdf,cellectis-sa,CELLECTIS S.A.,False,
../downolad_files/data/nasdaq_annual_reports\cellectis-sa\NASDAQ_CLLS_2018.pdf,cellectis-sa,CELLECTIS S.A.,False,
../downolad_files/data/nasdaq_annual_reports\cellectis-sa\NASDAQ_CLLS_2019.pdf,cellectis-sa,CELLECTIS S.A.,False,
../downolad_files/data/nasdaq_annual_reports\cellectis-sa\NASDAQ_CLLS_2020.pdf,cellectis-sa,CELLECTIS S.A.,False,
../downolad_files/data/nasdaq_annual_reports\cellular-biomedicine-group-inc\NASDAQ_CBMG_2016.pdf,cellular-biomedicine-group-inc,"CELLULAR BIOMEDICINE GROUP, INC.",False,
../downolad_files/data/nasdaq_annual_reports\cellular-biomedicine-group-inc\NASDAQ_CBMG_2017.pdf,cellular-biomedicine-group-inc,"CELLULAR BIOMEDICINE GROUP, INC.",False,
../downolad_files/data/nasdaq_annual_reports\cellular-biomedicine-group-inc\NASDAQ_CBMG_2018.pdf,cellular-biomedicine-group-inc,"CELLULAR BIOMEDICINE GROUP, INC.",False,
../downolad_files/data/nasdaq_annual_reports\cellular-biomedicine-group-inc\NASDAQ_CBMG_2019.pdf,cellular-biomedicine-group-inc,"CELLULAR BIOMEDICINE GROUP, INC.",False,
../downolad_files/data/nasdaq_annual_reports\celsion-corp\NASDAQ_CLSN_2018.pdf,celsion-corp,CELSION CORPORATION,False,
../downolad_files/data/nasdaq_annual_reports\celsion-corp\NASDAQ_CLSN_2019.pdf,celsion-corp,CELSION CORPORATION,False,
../downolad_files/data/nasdaq_annual_reports\celsion-corp\NASDAQ_CLSN_2020.pdf,celsion-corp,CELSION CORPORATION,False,
../downolad_files/data/nasdaq_annual_reports\celsius-holdings-inc\NASDAQ_CELH_2016.pdf,celsius-holdings-inc,"CELSIUS HOLDINGS, INC.",False,
../downolad_files/data/nasdaq_annual_reports\celsion-corp\NASDAQ_CLSN_2021.pdf,celsion-corp,CELSION CORPORATION,False,
../downolad_files/data/nasdaq_annual_reports\celsius-holdings-inc\NASDAQ_CELH_2017.pdf,celsius-holdings-inc,"CELSIUS HOLDINGS, INC.",False,
../downolad_files/data/nasdaq_annual_reports\celsius-holdings-inc\NASDAQ_CELH_2018.pdf,celsius-holdings-inc,"CELSIUS HOLDINGS, INC.",False,
../downolad_files/data/nasdaq_annual_reports\celsius-holdings-inc\NASDAQ_CELH_2019.pdf,celsius-holdings-inc,"CELSIUS HOLDINGS, INC.",False,
../downolad_files/data/nasdaq_annual_reports\celyad-sa\NASDAQ_CYAD_2017.pdf,celyad-sa,,,
../downolad_files/data/nasdaq_annual_reports\celyad-sa\NASDAQ_CYAD_2019.pdf,celyad-sa,,,
../downolad_files/data/nasdaq_annual_reports\celyad-sa\NASDAQ_CYAD_2018.pdf,celyad-sa,,,
../downolad_files/data/nasdaq_annual_reports\celsius-holdings-inc\NASDAQ_CELH_2020.pdf,celsius-holdings-inc,"CELSIUS HOLDINGS, INC.",False,
../downolad_files/data/nasdaq_annual_reports\celyad-sa\NASDAQ_CYAD_2020.pdf,celyad-sa,,,
../downolad_files/data/nasdaq_annual_reports\celyad-sa\NASDAQ_CYAD_2021.pdf,celyad-sa,,,
../downolad_files/data/nasdaq_annual_reports\cemtrex\NASDAQ_CETX_2018.pdf,cemtrex,"CEMTREX, INC.",False,
../downolad_files/data/nasdaq_annual_reports\cemtrex\NASDAQ_CETX_2019.pdf,cemtrex,"CEMTREX, INC.",False,
../downolad_files/data/nasdaq_annual_reports\cemtrex\NASDAQ_CETX_2020.pdf,cemtrex,"CEMTREX, INC.",False,
../downolad_files/data/nasdaq_annual_reports\centennial-resource-development-inc\NASDAQ_CDEV_2018.pdf,centennial-resource-development-inc,"CENTENNIAL RESOURCE DEVELOPMENT, INC.",False,
../downolad_files/data/nasdaq_annual_reports\cemtrex\NASDAQ_CETX_2021.pdf,cemtrex,"CEMTREX, INC.",False,
../downolad_files/data/nasdaq_annual_reports\centennial-resource-development-inc\NASDAQ_CDEV_2020.pdf,centennial-resource-development-inc,"CENTENNIAL RESOURCE DEVELOPMENT, INC.",False,
../downolad_files/data/nasdaq_annual_reports\centennial-resource-development-inc\NASDAQ_CDEV_2019.pdf,centennial-resource-development-inc,"CENTENNIAL RESOURCE DEVELOPMENT, INC.",False,
../downolad_files/data/nasdaq_annual_reports\centennial-resource-development-inc\NASDAQ_CDEV_2021.pdf,centennial-resource-development-inc,"CENTENNIAL RESOURCE DEVELOPMENT, INC.",False,
../downolad_files/data/nasdaq_annual_reports\centerstate-banks-inc\NASDAQ_CSFL_2020.pdf,centerstate-banks-inc,,,
../downolad_files/data/nasdaq_annual_reports\centerstate-banks-inc\NASDAQ_CSFL_2021.pdf,centerstate-banks-inc,,,
../downolad_files/data/nasdaq_annual_reports\centerstate-banks-inc\NASDAQ_CSFL_2019.pdf,centerstate-banks-inc,,,
../downolad_files/data/nasdaq_annual_reports\centogene-nv\NASDAQ_CNTG_2019.pdf,centogene-nv,Centogene N.V.,False,
../downolad_files/data/nasdaq_annual_reports\centogene-nv\NASDAQ_CNTG_2020.pdf,centogene-nv,Centogene N.V.,False,
../downolad_files/data/nasdaq_annual_reports\centogene-nv\NASDAQ_CNTG_2021.pdf,centogene-nv,Centogene N.V.,False,
../downolad_files/data/nasdaq_annual_reports\centerstate-banks-inc\NASDAQ_CSFL_2018.pdf,centerstate-banks-inc,,,
../downolad_files/data/nasdaq_annual_reports\central-european-media-enterprises-ltd\NASDAQ_CETV_2016.pdf,central-european-media-enterprises-ltd,CENTRAL EUROPEAN MEDIA ENTERPRISES LTD.,False,
../downolad_files/data/nasdaq_annual_reports\central-european-media-enterprises-ltd\NASDAQ_CETV_2017.pdf,central-european-media-enterprises-ltd,CENTRAL EUROPEAN MEDIA ENTERPRISES LTD.,False,
../downolad_files/data/nasdaq_annual_reports\central-european-media-enterprises-ltd\NASDAQ_CETV_2018.pdf,central-european-media-enterprises-ltd,CENTRAL EUROPEAN MEDIA ENTERPRISES LTD.,False,
../downolad_files/data/nasdaq_annual_reports\central-garden-pet-company\NASDAQ_CENT_2018.pdf,central-garden-pet-company,,,
../downolad_files/data/nasdaq_annual_reports\central-european-media-enterprises-ltd\NASDAQ_CETV_2019.pdf,central-european-media-enterprises-ltd,CENTRAL EUROPEAN MEDIA ENTERPRISES LTD.,False,
../downolad_files/data/nasdaq_annual_reports\central-garden-pet-company\NASDAQ_CENT_2019.pdf,central-garden-pet-company,,,
../downolad_files/data/nasdaq_annual_reports\central-garden-pet-company\NASDAQ_CENT_2020.pdf,central-garden-pet-company,,,
../downolad_files/data/nasdaq_annual_reports\central-garden-pet-company\NASDAQ_CENT_2021.pdf,central-garden-pet-company,,,
../downolad_files/data/nasdaq_annual_reports\central-valley-community-bancorp\NASDAQ_CVCY_2019.pdf,central-valley-community-bancorp,,,
../downolad_files/data/nasdaq_annual_reports\central-valley-community-bancorp\NASDAQ_CVCY_2017.pdf,central-valley-community-bancorp,,,
../downolad_files/data/nasdaq_annual_reports\central-valley-community-bancorp\NASDAQ_CVCY_2020.pdf,central-valley-community-bancorp,,,
../downolad_files/data/nasdaq_annual_reports\central-valley-community-bancorp\NASDAQ_CVCY_2021.pdf,central-valley-community-bancorp,,,
../downolad_files/data/nasdaq_annual_reports\century-aluminum-company\NASDAQ_CENX_2018.pdf,century-aluminum-company,CENTURY ALUMINUM COMPANY,False,
../downolad_files/data/nasdaq_annual_reports\century-aluminum-company\NASDAQ_CENX_2020.pdf,century-aluminum-company,CENTURY ALUMINUM COMPANY,False,
../downolad_files/data/nasdaq_annual_reports\century-aluminum-company\NASDAQ_CENX_2019.pdf,century-aluminum-company,CENTURY ALUMINUM COMPANY,False,
../downolad_files/data/nasdaq_annual_reports\century-aluminum-company\NASDAQ_CENX_2021.pdf,century-aluminum-company,CENTURY ALUMINUM COMPANY,False,
../downolad_files/data/nasdaq_annual_reports\central-valley-community-bancorp\NASDAQ_CVCY_2018.pdf,central-valley-community-bancorp,,,
../downolad_files/data/nasdaq_annual_reports\century-bancorp-inc\NASDAQ_CNBKA_2017.pdf,century-bancorp-inc,,,
../downolad_files/data/nasdaq_annual_reports\century-bancorp-inc\NASDAQ_CNBKA_2018.pdf,century-bancorp-inc,,,
../downolad_files/data/nasdaq_annual_reports\century-bancorp-inc\NASDAQ_CNBKA_2019.pdf,century-bancorp-inc,,,
../downolad_files/data/nasdaq_annual_reports\century-bancorp-inc\NASDAQ_CNBKA_2020.pdf,century-bancorp-inc,,,
../downolad_files/data/nasdaq_annual_reports\century-casinos-inc\NASDAQ_CNTY_2018.pdf,century-casinos-inc,"CENTURY CASINOS, INC.",False,
../downolad_files/data/nasdaq_annual_reports\century-casinos-inc\NASDAQ_CNTY_2019.pdf,century-casinos-inc,"CENTURY CASINOS, INC.",False,
../downolad_files/data/nasdaq_annual_reports\century-casinos-inc\NASDAQ_CNTY_2020.pdf,century-casinos-inc,"CENTURY CASINOS, INC.",False,
../downolad_files/data/nasdaq_annual_reports\ceragon-networks-ltd\NASDAQ_CRNT_2017.pdf,ceragon-networks-ltd,CERAGON NETWORKS LTD.,False,
../downolad_files/data/nasdaq_annual_reports\century-casinos-inc\NASDAQ_CNTY_2021.pdf,century-casinos-inc,"CENTURY CASINOS, INC.",False,
../downolad_files/data/nasdaq_annual_reports\ceragon-networks-ltd\NASDAQ_CRNT_2018.pdf,ceragon-networks-ltd,CERAGON NETWORKS LTD.,False,
../downolad_files/data/nasdaq_annual_reports\ceragon-networks-ltd\NASDAQ_CRNT_2019.pdf,ceragon-networks-ltd,CERAGON NETWORKS LTD.,False,
../downolad_files/data/nasdaq_annual_reports\ceragon-networks-ltd\NASDAQ_CRNT_2020.pdf,ceragon-networks-ltd,CERAGON NETWORKS LTD.,False,
../downolad_files/data/nasdaq_annual_reports\ceragon-networks-ltd\NASDAQ_CRNT_2021.pdf,ceragon-networks-ltd,CERAGON NETWORKS LTD .,False,
../downolad_files/data/nasdaq_annual_reports\cerecor-inc\NASDAQ_CERC_2019.pdf,cerecor-inc,Cerecor Inc.,False,
../downolad_files/data/nasdaq_annual_reports\cerecor-inc\NASDAQ_CERC_2018.pdf,cerecor-inc,Cerecor Inc.,False,
../downolad_files/data/nasdaq_annual_reports\cerecor-inc\NASDAQ_CERC_2020.pdf,cerecor-inc,Cerecor Inc.,False,
../downolad_files/data/nasdaq_annual_reports\cerecor-inc\NASDAQ_CERC_2021.pdf,cerecor-inc,"AVALO THERAPEUTICS, INC.",True,
../downolad_files/data/nasdaq_annual_reports\cerner-corporation\NASDAQ_CERN_2018.pdf,cerner-corporation,CERNER CORPORATION,False,
../downolad_files/data/nasdaq_annual_reports\cerence-inc\NASDAQ_CRNC_2019.pdf,cerence-inc,CERENCE INC.,False,
../downolad_files/data/nasdaq_annual_reports\cerence-inc\NASDAQ_CRNC_2020.pdf,cerence-inc,CERENCE INC.,False,
../downolad_files/data/nasdaq_annual_reports\cerner-corporation\NASDAQ_CERN_2019.pdf,cerner-corporation,CERNER CORPORATION,False,
../downolad_files/data/nasdaq_annual_reports\cerner-corporation\NASDAQ_CERN_2021.PDF,cerner-corporation,CERNER CORPORATION,False,
../downolad_files/data/nasdaq_annual_reports\cerus-corporation\NASDAQ_CERS_2018.pdf,cerus-corporation,CERUS CORPORATION,False,
../downolad_files/data/nasdaq_annual_reports\cerner-corporation\NASDAQ_CERN_2020.pdf,cerner-corporation,CERNER CORPORATION,False,
../downolad_files/data/nasdaq_annual_reports\cerus-corporation\NASDAQ_CERS_2019.pdf,cerus-corporation,CERUS CORPORATION,False,
../downolad_files/data/nasdaq_annual_reports\cerus-corporation\NASDAQ_CERS_2020.pdf,cerus-corporation,CERUS CORPORATION,False,
../downolad_files/data/nasdaq_annual_reports\cellect-biotechnology-ltd\NASDAQ_APOP_2021.pdf,cellect-biotechnology-ltd,,,
../downolad_files/data/nasdaq_annual_reports\cerus-corporation\NASDAQ_CERS_2021.pdf,cerus-corporation,CERUS CORPORATION,False,
../downolad_files/data/nasdaq_annual_reports\ceva-inc\NASDAQ_CEVA_2020.pdf,ceva-inc,"CEVA, INC.",False,
../downolad_files/data/nasdaq_annual_reports\ceva-inc\NASDAQ_CEVA_2019.pdf,ceva-inc,"CEVA, INC.",False,
../downolad_files/data/nasdaq_annual_reports\ceva-inc\NASDAQ_CEVA_2018.pdf,ceva-inc,"CEVA, INC.",False,
../downolad_files/data/nasdaq_annual_reports\cf-financial-corporation\NASDAQ_CFFI_2018.pdf,cf-financial-corporation,C&F FINANCIAL CORPORATION,False,
../downolad_files/data/nasdaq_annual_reports\ceva-inc\NASDAQ_CEVA_2021.pdf,ceva-inc,"CEVA, INC.",False,
../downolad_files/data/nasdaq_annual_reports\cf-financial-corporation\NASDAQ_CFFI_2019.pdf,cf-financial-corporation,C&F FINANCIAL CORPORATION,False,
../downolad_files/data/nasdaq_annual_reports\cf-financial-corporation\NASDAQ_CFFI_2020.pdf,cf-financial-corporation,C&F FINANCIAL CORPORATION,False,
../downolad_files/data/nasdaq_annual_reports\cf-financial-corporation\NASDAQ_CFFI_2021.pdf,cf-financial-corporation,C&F FINANCIAL CORPORATION,False,
../downolad_files/data/nasdaq_annual_reports\ch-robinson-worldwide-inc\NASDAQ_CHRW_2018.pdf,ch-robinson-worldwide-inc,"C.H. ROBINSON WORLDWIDE, INC.",False,
../downolad_files/data/nasdaq_annual_reports\ch-robinson-worldwide-inc\NASDAQ_CHRW_2020.pdf,ch-robinson-worldwide-inc,"C.H. ROBINSON WORLDWIDE, INC.",False,
../downolad_files/data/nasdaq_annual_reports\ch-robinson-worldwide-inc\NASDAQ_CHRW_2019.pdf,ch-robinson-worldwide-inc,"C.H. ROBINSON WORLDWIDE, INC.",False,
../downolad_files/data/nasdaq_annual_reports\champions-oncology-inc\NASDAQ_CSBR_2020.pdf,champions-oncology-inc,,,
../downolad_files/data/nasdaq_annual_reports\champions-oncology-inc\NASDAQ_CSBR_2021.pdf,champions-oncology-inc,,,
../downolad_files/data/nasdaq_annual_reports\change-healthcare-inc\NASDAQ_CHNG_2020.pdf,change-healthcare-inc,Change Healthcare Inc.,False,
../downolad_files/data/nasdaq_annual_reports\changyou\NASDAQ_CYOU_2014.pdf,changyou,CHANGYOU.COM LIMITED,False,
../downolad_files/data/nasdaq_annual_reports\changyou\NASDAQ_CYOU_2015.pdf,changyou,CHANGYOU.COM LIMITED,False,
../downolad_files/data/nasdaq_annual_reports\changyou\NASDAQ_CYOU_2016.pdf,changyou,CHANGYOU.COM LIMITED,False,
../downolad_files/data/nasdaq_annual_reports\changyou\NASDAQ_CYOU_2017.pdf,changyou,CHANGYOU.COM LIMITED,False,
../downolad_files/data/nasdaq_annual_reports\changyou\NASDAQ_CYOU_2018.pdf,changyou,CHANGYOU.COM LIMITED,False,
../downolad_files/data/nasdaq_annual_reports\chanticleer-holdings\NASDAQ_BURG_2016.pdf,chanticleer-holdings,,,
../downolad_files/data/nasdaq_annual_reports\chanticleer-holdings\NASDAQ_BURG_2017.pdf,chanticleer-holdings,,,
../downolad_files/data/nasdaq_annual_reports\chanticleer-holdings\NASDAQ_BURG_2018.pdf,chanticleer-holdings,,,
../downolad_files/data/nasdaq_annual_reports\chanticleer-holdings\NASDAQ_BURG_2019.pdf,chanticleer-holdings,,,
../downolad_files/data/nasdaq_annual_reports\chanticleer-holdings\NASDAQ_BURG_2020.pdf,chanticleer-holdings,,,
../downolad_files/data/nasdaq_annual_reports\charles-colvard-ltd\NASDAQ_CTHR_2020.pdf,charles-colvard-ltd,"Charles & Colvard, Ltd.",False,
../downolad_files/data/nasdaq_annual_reports\charles-colvard-ltd\NASDAQ_CTHR_2017.PDF,charles-colvard-ltd,"Charles & Colvard, Ltd.",False,
../downolad_files/data/nasdaq_annual_reports\charles-colvard-ltd\NASDAQ_CTHR_2019.pdf,charles-colvard-ltd,"Charles & Colvard, Ltd.",False,
../downolad_files/data/nasdaq_annual_reports\charles-colvard-ltd\NASDAQ_CTHR_2021.pdf,charles-colvard-ltd,"Charles & Colvard, Ltd.",False,
../downolad_files/data/nasdaq_annual_reports\chart-industries-inc\NASDAQ_GTLS_2018.pdf,chart-industries-inc,"CHART INDUSTRIES, INC.",False,
../downolad_files/data/nasdaq_annual_reports\chart-industries-inc\NASDAQ_GTLS_2019.pdf,chart-industries-inc,"CHART INDUSTRIES, INC.",False,
../downolad_files/data/nasdaq_annual_reports\chart-industries-inc\NASDAQ_GTLS_2020.pdf,chart-industries-inc,"CHART INDUSTRIES, INC.",False,
../downolad_files/data/nasdaq_annual_reports\chart-industries-inc\NASDAQ_GTLS_2021.pdf,chart-industries-inc,"CHART INDUSTRIES, INC.",False,
../downolad_files/data/nasdaq_annual_reports\check-point-software-technologies-ltd\NASDAQ_CHKP_2017.pdf,check-point-software-technologies-ltd,CHECK POINT SOFTWARE TECHNOLOGIES LTD.,False,
../downolad_files/data/nasdaq_annual_reports\check-point-software-technologies-ltd\NASDAQ_CHKP_2018.pdf,check-point-software-technologies-ltd,CHECK POINT SOFTWARE TECHNOLOGIES LTD.,False,
../downolad_files/data/nasdaq_annual_reports\check-point-software-technologies-ltd\NASDAQ_CHKP_2019.pdf,check-point-software-technologies-ltd,CHECK POINT SOFTWARE TECHNOLOGIES LTD.,False,
../downolad_files/data/nasdaq_annual_reports\check-point-software-technologies-ltd\NASDAQ_CHKP_2021.pdf,check-point-software-technologies-ltd,CHECK POINT SOFTWARE TECHNOLOGIES LTD.,False,
../downolad_files/data/nasdaq_annual_reports\check-point-software-technologies-ltd\NASDAQ_CHKP_2020.pdf,check-point-software-technologies-ltd,CHECK POINT SOFTWARE TECHNOLOGIES LTD.,False,
../downolad_files/data/nasdaq_annual_reports\checkpoint-therapeutics-inc\NASDAQ_CKPT_2018.pdf,checkpoint-therapeutics-inc,"CHECkPOINT THERAPEUTICS, INC.",False,
../downolad_files/data/nasdaq_annual_reports\checkpoint-therapeutics-inc\NASDAQ_CKPT_2020.pdf,checkpoint-therapeutics-inc,CHECK POINT SOFTWARE TECHNOLOGIES LTD.,True,
../downolad_files/data/nasdaq_annual_reports\checkpoint-therapeutics-inc\NASDAQ_CKPT_2019.pdf,checkpoint-therapeutics-inc,"CHECKPOINT THERAPEUTICS, INC.",False,
../downolad_files/data/nasdaq_annual_reports\chefs-wharehouse\NASDAQ_CHEF_2016.pdf,chefs-wharehouse,"THE CHEFS’ WAREHOUSE, INC.",False,
../downolad_files/data/nasdaq_annual_reports\checkpoint-therapeutics-inc\NASDAQ_CKPT_2021.pdf,checkpoint-therapeutics-inc,"CHECKPOINT THERAPEUTICS, INC.",False,
../downolad_files/data/nasdaq_annual_reports\chefs-wharehouse\NASDAQ_CHEF_2017.pdf,chefs-wharehouse,"THE CHEFS’ WAREHOUSE, INC.",False,
../downolad_files/data/nasdaq_annual_reports\chefs-wharehouse\NASDAQ_CHEF_2018.pdf,chefs-wharehouse,"THE CHEFS’ WAREHOUSE, INC.",False,
../downolad_files/data/nasdaq_annual_reports\chefs-wharehouse\NASDAQ_CHEF_2019.pdf,chefs-wharehouse,"THE CHEFS’ WAREHOUSE, INC.",False,
../downolad_files/data/nasdaq_annual_reports\chembio-diagnostic-inc\NASDAQ_CEMI_2016.pdf,chembio-diagnostic-inc,"CHEMBIO DIAGNOSTICS, INC.",False,
../downolad_files/data/nasdaq_annual_reports\chefs-wharehouse\NASDAQ_CHEF_2020.pdf,chefs-wharehouse,"THE CHEFS’ WAREHOUSE, INC.",False,
../downolad_files/data/nasdaq_annual_reports\chembio-diagnostic-inc\NASDAQ_CEMI_2019.pdf,chembio-diagnostic-inc,"CHEMBIO DIAGNOSTICS, INC.",False,
../downolad_files/data/nasdaq_annual_reports\chembio-diagnostic-inc\NASDAQ_CEMI_2017.pdf,chembio-diagnostic-inc,"CHEMBIO DIAGNOSTICS, INC.",False,
../downolad_files/data/nasdaq_annual_reports\chembio-diagnostic-inc\NASDAQ_CEMI_2018.pdf,chembio-diagnostic-inc,"CHEMBIO DIAGNOSTICS, INC.",False,
../downolad_files/data/nasdaq_annual_reports\chemocentryx-inc\NASDAQ_CCXI_2019.pdf,chemocentryx-inc,"ChemoCentryx, Inc.",False,
../downolad_files/data/nasdaq_annual_reports\chembio-diagnostic-inc\NASDAQ_CEMI_2020.pdf,chembio-diagnostic-inc,"CHEMBIO DIAGNOSTICS, INC.",False,
../downolad_files/data/nasdaq_annual_reports\chemocentryx-inc\NASDAQ_CCXI_2018.pdf,chemocentryx-inc,"ChemoCentryx, Inc.",False,
../downolad_files/data/nasdaq_annual_reports\chemung-financial-corporation\NASDAQ_CHMG_2018.pdf,chemung-financial-corporation,,,
../downolad_files/data/nasdaq_annual_reports\chemung-financial-corporation\NASDAQ_CHMG_2019.pdf,chemung-financial-corporation,,,
../downolad_files/data/nasdaq_annual_reports\chemung-financial-corporation\NASDAQ_CHMG_2020.pdf,chemung-financial-corporation,,,
../downolad_files/data/nasdaq_annual_reports\chemung-financial-corporation\NASDAQ_CHMG_2021.pdf,chemung-financial-corporation,,,
../downolad_files/data/nasdaq_annual_reports\chf-solutions-inc\NASDAQ_CHFS_2017.pdf,chf-solutions-inc,"CHF SOLUTIONS, INC.",False,
../downolad_files/data/nasdaq_annual_reports\chemocentryx-inc\NASDAQ_CCXI_2020.pdf,chemocentryx-inc,"ChemoCentryx, Inc.",False,
../downolad_files/data/nasdaq_annual_reports\chemocentryx-inc\NASDAQ_CCXI_2021.pdf,chemocentryx-inc,"ChemoCentryx, Inc.",False,
../downolad_files/data/nasdaq_annual_reports\chf-solutions-inc\NASDAQ_CHFS_2018.PDF,chf-solutions-inc,"CHF SOLUTIONS, INC.",False,
../downolad_files/data/nasdaq_annual_reports\chf-solutions-inc\NASDAQ_CHFS_2019.pdf,chf-solutions-inc,"CHF SOLUTIONS, INC.",False,
../downolad_files/data/nasdaq_annual_reports\ch-robinson-worldwide-inc\NASDAQ_CHRW_2021.pdf,ch-robinson-worldwide-inc,"C.H. ROBINSON WORLDWIDE, INC.",False,
../downolad_files/data/nasdaq_annual_reports\chiasma-inc\NASDAQ_CHMA_2015.pdf,chiasma-inc,"Chiasma, Inc.",False,
../downolad_files/data/nasdaq_annual_reports\chf-solutions-inc\NASDAQ_CHFS_2020.pdf,chf-solutions-inc,"CHF SOLUTIONS, INC.",False,
../downolad_files/data/nasdaq_annual_reports\chf-solutions-inc\NASDAQ_CHFS_2021.pdf,chf-solutions-inc,"NUWELLIS, INC.",True,
../downolad_files/data/nasdaq_annual_reports\chiasma-inc\NASDAQ_CHMA_2016.pdf,chiasma-inc,"Chiasma, Inc.",False,
../downolad_files/data/nasdaq_annual_reports\chiasma-inc\NASDAQ_CHMA_2017.pdf,chiasma-inc,"Chiasma, Inc.",False,
../downolad_files/data/nasdaq_annual_reports\chiasma-inc\NASDAQ_CHMA_2018.pdf,chiasma-inc,"Chiasma, Inc.",False,
../downolad_files/data/nasdaq_annual_reports\chiasma-inc\NASDAQ_CHMA_2019.pdf,chiasma-inc,"Chiasma, Inc.",False,
../downolad_files/data/nasdaq_annual_reports\cellect-biotechnology-ltd\NASDAQ_APOP_2018.pdf,cellect-biotechnology-ltd,,,
../downolad_files/data/nasdaq_annual_reports\chicken-soup-for-the-soul-entertainment-inc\NASDAQ_CSSE_2018.pdf,chicken-soup-for-the-soul-entertainment-inc,,,
../downolad_files/data/nasdaq_annual_reports\chicken-soup-for-the-soul-entertainment-inc\NASDAQ_CSSE_2017.pdf,chicken-soup-for-the-soul-entertainment-inc,,,
../downolad_files/data/nasdaq_annual_reports\chicken-soup-for-the-soul-entertainment-inc\NASDAQ_CSSE_2019.pdf,chicken-soup-for-the-soul-entertainment-inc,,,
../downolad_files/data/nasdaq_annual_reports\chicken-soup-for-the-soul-entertainment-inc\NASDAQ_CSSE_2020.pdf,chicken-soup-for-the-soul-entertainment-inc,,,
../downolad_files/data/nasdaq_annual_reports\chimerix-inc\NASDAQ_CMRX_2020.pdf,chimerix-inc,"Chimerix, Inc.",False,
../downolad_files/data/nasdaq_annual_reports\chimerix-inc\NASDAQ_CMRX_2019.pdf,chimerix-inc,"Chimerix, Inc.",False,
../downolad_files/data/nasdaq_annual_reports\chimerix-inc\NASDAQ_CMRX_2021.pdf,chimerix-inc,"Chimerix, Inc.",False,
../downolad_files/data/nasdaq_annual_reports\cellect-biotechnology-ltd\NASDAQ_APOP_2020.pdf,cellect-biotechnology-ltd,,,
../downolad_files/data/nasdaq_annual_reports\china-automotive-systems-inc\NASDAQ_CAAS_2016.pdf,china-automotive-systems-inc,"CHINA AUTOMOTIVE SYSTEMS, INC.",False,
../downolad_files/data/nasdaq_annual_reports\china-biologic-products-inc\NASDAQ_CBPO_2014.pdf,china-biologic-products-inc,"CHINA BIOLOGIC PRODUCTS, INC.",False,
../downolad_files/data/nasdaq_annual_reports\china-automotive-systems-inc\NASDAQ_CAAS_2017.pdf,china-automotive-systems-inc,"CHINA AUTOMOTIVE SYSTEMS, INC.",False,
../downolad_files/data/nasdaq_annual_reports\china-automotive-systems-inc\NASDAQ_CAAS_2019.pdf,china-automotive-systems-inc,,,
../downolad_files/data/nasdaq_annual_reports\china-automotive-systems-inc\NASDAQ_CAAS_2018.pdf,china-automotive-systems-inc,"CHINA AUTOMOTIVE SYSTEMS, INC.",False,
../downolad_files/data/nasdaq_annual_reports\china-biologic-products-inc\NASDAQ_CBPO_2015.pdf,china-biologic-products-inc,"CHINA BIOLOGIC PRODUCTS, INC.",False,
../downolad_files/data/nasdaq_annual_reports\china-automotive-systems-inc\NASDAQ_CAAS_2020.pdf,china-automotive-systems-inc,"CHINA AUTOMOTIVE SYSTEMS, INC.",False,
../downolad_files/data/nasdaq_annual_reports\china-biologic-products-inc\NASDAQ_CBPO_2016.pdf,china-biologic-products-inc,"CHINA BIOLOGIC PRODUCTS, INC.",False,
../downolad_files/data/nasdaq_annual_reports\china-biologic-products-inc\NASDAQ_CBPO_2017.pdf,china-biologic-products-inc,"CHINA BIOLOGIC PRODUCTS HOLDINGS, INC.",False,
../downolad_files/data/nasdaq_annual_reports\china-biologic-products-inc\NASDAQ_CBPO_2018.pdf,china-biologic-products-inc,"CHINA BIOLOGIC PRODUCTS HOLDINGS, INC.",False,
../downolad_files/data/nasdaq_annual_reports\china-customer-relations-centers-inc\NASDAQ_CCRC_2016.pdf,china-customer-relations-centers-inc,"CHINA CUSTOMER RELATIONS CENTERS, INC.",False,
../downolad_files/data/nasdaq_annual_reports\china-customer-relations-centers-inc\NASDAQ_CCRC_2018.pdf,china-customer-relations-centers-inc,"CHINA CUSTOMER RELATIONS CENTERS, INC.",False,
../downolad_files/data/nasdaq_annual_reports\china-customer-relations-centers-inc\NASDAQ_CCRC_2019.pdf,china-customer-relations-centers-inc,"CHINA CUSTOMER RELATIONS CENTERS, INC.",False,
../downolad_files/data/nasdaq_annual_reports\china-customer-relations-centers-inc\NASDAQ_CCRC_2020.pdf,china-customer-relations-centers-inc,"CHINA CUSTOMER RELATIONS CENTERS, INC.",False,
../downolad_files/data/nasdaq_annual_reports\china-finance-online-co-limited\NASDAQ_JRJC_2016.pdf,china-finance-online-co-limited,CHINA FINANCE ONLINE CO. LIMITED,False,
../downolad_files/data/nasdaq_annual_reports\china-finance-online-co-limited\NASDAQ_JRJC_2018.pdf,china-finance-online-co-limited,CHINA FINANCE ONLINE CO. LIMITED,False,
../downolad_files/data/nasdaq_annual_reports\china-finance-online-co-limited\NASDAQ_JRJC_2017.pdf,china-finance-online-co-limited,CHINA FINANCE ONLINE CO. LIMITED,False,
../downolad_files/data/nasdaq_annual_reports\china-finance-online-co-limited\NASDAQ_JRJC_2019.pdf,china-finance-online-co-limited,CHINA FINANCE ONLINE CO. LIMITED,False,
../downolad_files/data/nasdaq_annual_reports\china-finance-online-co-limited\NASDAQ_JRJC_2020.pdf,china-finance-online-co-limited,CHINA FINANCE ONLINE CO. LIMITED,False,
../downolad_files/data/nasdaq_annual_reports\china-index-holdings-limited\NASDAQ_CIH_2019.pdf,china-index-holdings-limited,China Index Holdings Limited,False,
../downolad_files/data/nasdaq_annual_reports\china-index-holdings-limited\NASDAQ_CIH_2020.pdf,china-index-holdings-limited,China Index Holdings Limited,False,
../downolad_files/data/nasdaq_annual_reports\china-index-holdings-limited\NASDAQ_CIH_2021.pdf,china-index-holdings-limited,China Index Holdings Limited,False,
../downolad_files/data/nasdaq_annual_reports\china-jo-jo-frugstores-inc\NASDAQ_CJJD_2016.pdf,china-jo-jo-frugstores-inc,,,
../downolad_files/data/nasdaq_annual_reports\china-jo-jo-frugstores-inc\NASDAQ_CJJD_2017.pdf,china-jo-jo-frugstores-inc,,,
../downolad_files/data/nasdaq_annual_reports\china-jo-jo-frugstores-inc\NASDAQ_CJJD_2018.pdf,china-jo-jo-frugstores-inc,,,
../downolad_files/data/nasdaq_annual_reports\china-jo-jo-frugstores-inc\NASDAQ_CJJD_2019.pdf,china-jo-jo-frugstores-inc,,,
../downolad_files/data/nasdaq_annual_reports\china-natural-resources-inc\NASDAQ_CHNR_2017.pdf,china-natural-resources-inc,"CHINA NATURAL RESOURCES, INC.",False,
../downolad_files/data/nasdaq_annual_reports\china-natural-resources-inc\NASDAQ_CHNR_2018.pdf,china-natural-resources-inc,"CHINA NATURAL RESOURCES, INC.",False,
../downolad_files/data/nasdaq_annual_reports\china-natural-resources-inc\NASDAQ_CHNR_2019.pdf,china-natural-resources-inc,"CHINA NATURAL RESOURCES, INC.",False,
../downolad_files/data/nasdaq_annual_reports\china-jo-jo-frugstores-inc\NASDAQ_CJJD_2020.pdf,china-jo-jo-frugstores-inc,,,
../downolad_files/data/nasdaq_annual_reports\china-natural-resources-inc\NASDAQ_CHNR_2020.pdf,china-natural-resources-inc,"CHINA NATURAL RESOURCES, INC.",False,
../downolad_files/data/nasdaq_annual_reports\china-xd-plastics-company-limited\NASDAQ_CXDC_2015.pdf,china-xd-plastics-company-limited,CHINA XD PLASTICS COMPANY LIMITED,False,
../downolad_files/data/nasdaq_annual_reports\china-xd-plastics-company-limited\NASDAQ_CXDC_2014.pdf,china-xd-plastics-company-limited,CHINA XD PLASTICS COMPANY LIMITED,False,
../downolad_files/data/nasdaq_annual_reports\chimerix-inc\NASDAQ_CMRX_2018.pdf,chimerix-inc,"Chimerix, Inc.",False,
../downolad_files/data/nasdaq_annual_reports\china-customer-relations-centers-inc\NASDAQ_CCRC_2017.pdf,china-customer-relations-centers-inc,"CHINA CUSTOMER RELATIONS CENTERS, INC.",False,
../downolad_files/data/nasdaq_annual_reports\china-natural-resources-inc\NASDAQ_CHNR_2021.pdf,china-natural-resources-inc,,,
../downolad_files/data/nasdaq_annual_reports\china-xd-plastics-company-limited\NASDAQ_CXDC_2016.pdf,china-xd-plastics-company-limited,CHINA XD PLASTICS COMPANY LIMITED,False,
../downolad_files/data/nasdaq_annual_reports\china-xd-plastics-company-limited\NASDAQ_CXDC_2017.pdf,china-xd-plastics-company-limited,CHINA XD PLASTICS COMPANY LIMITED,False,
../downolad_files/data/nasdaq_annual_reports\china-xd-plastics-company-limited\NASDAQ_CXDC_2018.pdf,china-xd-plastics-company-limited,CHINA XD PLASTICS COMPANY LIMITED,False,
../downolad_files/data/nasdaq_annual_reports\china-xiangtai-food-co-ltd\NASDAQ_PLIN_2019.pdf,china-xiangtai-food-co-ltd,"China Xiangtai Food Co., Ltd.",False,
../downolad_files/data/nasdaq_annual_reports\chinanet-online-holdings-inc\NASDAQ_CNET_2017.pdf,chinanet-online-holdings-inc,"CHINANET ONLINE HOLDINGS, INC.",False,
../downolad_files/data/nasdaq_annual_reports\chinanet-online-holdings-inc\NASDAQ_CNET_2016.pdf,chinanet-online-holdings-inc,"CHINANET ONLINE HOLDINGS, INC.",False,
../downolad_files/data/nasdaq_annual_reports\chipmos-technologies-inc\NASDAQ_IMOS_2017.pdf,chipmos-technologies-inc,,,
../downolad_files/data/nasdaq_annual_reports\china-xiangtai-food-co-ltd\NASDAQ_PLIN_2020.pdf,china-xiangtai-food-co-ltd,"China Xiangtai Food Co., Ltd.",False,
../downolad_files/data/nasdaq_annual_reports\chipmos-technologies-inc\NASDAQ_IMOS_2018.pdf,chipmos-technologies-inc,,,
../downolad_files/data/nasdaq_annual_reports\chinanet-online-holdings-inc\NASDAQ_CNET_2018.pdf,chinanet-online-holdings-inc,"CHINANET ONLINE HOLDINGS, INC.",False,
../downolad_files/data/nasdaq_annual_reports\chipmos-technologies-inc\NASDAQ_IMOS_2019.pdf,chipmos-technologies-inc,,,
../downolad_files/data/nasdaq_annual_reports\chipmos-technologies-inc\NASDAQ_IMOS_2020.pdf,chipmos-technologies-inc,,,
../downolad_files/data/nasdaq_annual_reports\chipmos-technologies-inc\NASDAQ_IMOS_2021.pdf,chipmos-technologies-inc,,,
../downolad_files/data/nasdaq_annual_reports\chinanet-online-holdings-inc\NASDAQ_CNET_2019.pdf,chinanet-online-holdings-inc,"CHINANET ONLINE HOLDINGS, INC.",False,
../downolad_files/data/nasdaq_annual_reports\chromadex\NASDAQ_CDXC_2019.pdf,chromadex,CHROMADEX CORPORATION,False,
../downolad_files/data/nasdaq_annual_reports\chromadex\NASDAQ_CDXC_2020.pdf,chromadex,CHROMADEX CORPORATION,False,
../downolad_files/data/nasdaq_annual_reports\chs-inc\NASDAQ_CHSCP_2017.pdf,chs-inc,CHS Inc.,False,
../downolad_files/data/nasdaq_annual_reports\chromadex\NASDAQ_CDXC_2016.pdf,chromadex,CHROMADEX CORPORATION,False,
../downolad_files/data/nasdaq_annual_reports\chs-inc\NASDAQ_CHSCP_2018.pdf,chs-inc,,,
../downolad_files/data/nasdaq_annual_reports\chromadex\NASDAQ_CDXC_2017.pdf,chromadex,CHROMADEX CORPORATION,False,
../downolad_files/data/nasdaq_annual_reports\chs-inc\NASDAQ_CHSCP_2020.pdf,chs-inc,,,
../downolad_files/data/nasdaq_annual_reports\chs-inc\NASDAQ_CHSCP_2019.pdf,chs-inc,CHS Inc.,False,
../downolad_files/data/nasdaq_annual_reports\chromadex\NASDAQ_CDXC_2018.pdf,chromadex,CHROMADEX CORPORATION,False,
../downolad_files/data/nasdaq_annual_reports\chs-inc\NASDAQ_CHSCP_2021.pdf,chs-inc,,,
../downolad_files/data/nasdaq_annual_reports\churchill-downs-inc-1\NASDAQ_CHDN_2018_5abbc0792bfc435a88d0fb34fc502961.pdf,churchill-downs-inc-1,,,
../downolad_files/data/nasdaq_annual_reports\churchill-downs-inc-1\NASDAQ_CHDN_2019.pdf,churchill-downs-inc-1,,,
../downolad_files/data/nasdaq_annual_reports\churchill-downs-inc-1\NASDAQ_CHDN_2021.pdf,churchill-downs-inc-1,,,
../downolad_files/data/nasdaq_annual_reports\churchill-downs-inc-1\NASDAQ_CHDN_2020.pdf,churchill-downs-inc-1,,,
../downolad_files/data/nasdaq_annual_reports\chuys-holdings-inc\NASDAQ_CHUY_2018.pdf,chuys-holdings-inc,"CHUY’S HOLDINGS, INC.",False,
../downolad_files/data/nasdaq_annual_reports\chuys-holdings-inc\NASDAQ_CHUY_2019.pdf,chuys-holdings-inc,"CHUY’S HOLDINGS, INC.",False,
../downolad_files/data/nasdaq_annual_reports\chuys-holdings-inc\NASDAQ_CHUY_2020.pdf,chuys-holdings-inc,,,
../downolad_files/data/nasdaq_annual_reports\chuys-holdings-inc\NASDAQ_CHUY_2021.pdf,chuys-holdings-inc,"CHUY’S HOLDINGS, INC.",False,
../downolad_files/data/nasdaq_annual_reports\cim-commercial-trust-corporation\NASDAQ_CMCT_2016.pdf,cim-commercial-trust-corporation,CIM COMMERCIAL TRUST CORPORATION,False,
../downolad_files/data/nasdaq_annual_reports\cidara-therapeutics-inc\NASDAQ_CDTX_2018.pdf,cidara-therapeutics-inc,"CIDARA THERAPEUTICS, INC.",False,
../downolad_files/data/nasdaq_annual_reports\cidara-therapeutics-inc\NASDAQ_CDTX_2020.pdf,cidara-therapeutics-inc,"CIDARA THERAPEUTICS, INC.",False,
../downolad_files/data/nasdaq_annual_reports\cidara-therapeutics-inc\NASDAQ_CDTX_2019.pdf,cidara-therapeutics-inc,"CIDARA THERAPEUTICS, INC.",False,
../downolad_files/data/nasdaq_annual_reports\cidara-therapeutics-inc\NASDAQ_CDTX_2021.pdf,cidara-therapeutics-inc,"CIDARA THERAPEUTICS, INC.",False,
../downolad_files/data/nasdaq_annual_reports\cimpress-nv\NASDAQ_CMPR_2019.pdf,cimpress-nv,Cimpress N.V.,False,
../downolad_files/data/nasdaq_annual_reports\cim-commercial-trust-corporation\NASDAQ_CMCT_2017.pdf,cim-commercial-trust-corporation,CIM COMMERCIAL TRUST CORPORATION,False,
../downolad_files/data/nasdaq_annual_reports\cimpress-nv\NASDAQ_CMPR_2018.pdf,cimpress-nv,,,
../downolad_files/data/nasdaq_annual_reports\cimpress-nv\NASDAQ_CMPR_2020.pdf,cimpress-nv,Cimpress plc,False,
../downolad_files/data/nasdaq_annual_reports\cim-commercial-trust-corporation\NASDAQ_CMCT_2019.pdf,cim-commercial-trust-corporation,CIM COMMERCIAL TRUST CORPORATION,False,
../downolad_files/data/nasdaq_annual_reports\cim-commercial-trust-corporation\NASDAQ_CMCT_2018.pdf,cim-commercial-trust-corporation,CIM COMMERCIAL TRUST CORPORATION,False,
../downolad_files/data/nasdaq_annual_reports\cincinnati-financial-corp\NASDAQ_CINF_2019.pdf,cincinnati-financial-corp,Cincinnati Financial Corporation,False,
../downolad_files/data/nasdaq_annual_reports\cincinnati-financial-corp\NASDAQ_CINF_2020.pdf,cincinnati-financial-corp,Cincinnati Financial Corporation,False,
../downolad_files/data/nasdaq_annual_reports\cimpress-nv\NASDAQ_CMPR_2021.pdf,cimpress-nv,,,
../downolad_files/data/nasdaq_annual_reports\cim-commercial-trust-corporation\NASDAQ_CMCT_2020.pdf,cim-commercial-trust-corporation,CIM COMMERCIAL TRUST CORPORATION,False,
../downolad_files/data/nasdaq_annual_reports\cincinnati-financial-corp\NASDAQ_CINF_2021.pdf,cincinnati-financial-corp,Cincinnati Financial Corporation,False,
../downolad_files/data/nasdaq_annual_reports\cincinnati-financial-corp\NASDAQ_CINF_2022.pdf,cincinnati-financial-corp,,,
../downolad_files/data/nasdaq_annual_reports\cinedigm-digital-cinema-corp\NASDAQ_CIDM_2018.pdf,cinedigm-digital-cinema-corp,,,
../downolad_files/data/nasdaq_annual_reports\cinedigm-digital-cinema-corp\NASDAQ_CIDM_2019.pdf,cinedigm-digital-cinema-corp,Cinedigm Corp.,False,
../downolad_files/data/nasdaq_annual_reports\cinedigm-digital-cinema-corp\NASDAQ_CIDM_2020.pdf,cinedigm-digital-cinema-corp,Cinedigm Corp.,False,
../downolad_files/data/nasdaq_annual_reports\cinedigm-digital-cinema-corp\NASDAQ_CIDM_2021.pdf,cinedigm-digital-cinema-corp,Cinedigm Corp.,False,
../downolad_files/data/nasdaq_annual_reports\cintas-corporation\NASDAQ_CTAS_2019.pdf,cintas-corporation,CINTAS CORPORATION,False,
../downolad_files/data/nasdaq_annual_reports\cintas-corporation\NASDAQ_CTAS_2020.pdf,cintas-corporation,CINTAS CORPORATION,False,
../downolad_files/data/nasdaq_annual_reports\cintas-corporation\NASDAQ_CTAS_2021.pdf,cintas-corporation,Cintas Corporation,False,
../downolad_files/data/nasdaq_annual_reports\cintas-corporation\NASDAQ_CTAS_2022.pdf,cintas-corporation,Cintas Corporation,False,
../downolad_files/data/nasdaq_annual_reports\cirrus-logic-inc\NASDAQ_CRUS_2020.pdf,cirrus-logic-inc,"CIRRUS LOGIC, INC.",False,
../downolad_files/data/nasdaq_annual_reports\cirrus-logic-inc\NASDAQ_CRUS_2019.pdf,cirrus-logic-inc,"CIRRUS LOGIC, INC.",False,
../downolad_files/data/nasdaq_annual_reports\cirrus-logic-inc\NASDAQ_CRUS_2021.pdf,cirrus-logic-inc,"CIRRUS LOGIC, INC.",False,
../downolad_files/data/nasdaq_annual_reports\cirrus-logic-inc\NASDAQ_CRUS_2022.pdf,cirrus-logic-inc,"CIRRUS LOGIC, INC.",False,
../downolad_files/data/nasdaq_annual_reports\cisco-systems-inc\NASDAQ_CSCO_2016.pdf,cisco-systems-inc,"CISCO SYSTEMS, INC.",False,
../downolad_files/data/nasdaq_annual_reports\cisco-systems-inc\NASDAQ_CSCO_2017.PDF,cisco-systems-inc,"CISCO SYSTEMS, INC.",False,
../downolad_files/data/nasdaq_annual_reports\cisco-systems-inc\NASDAQ_CSCO_2018.pdf,cisco-systems-inc,"CISCO SYSTEMS, INC.",False,
../downolad_files/data/nasdaq_annual_reports\citi-trends-inc\NASDAQ_CTRN_2019.pdf,citi-trends-inc,"CITI TRENDS, INC.",False,
../downolad_files/data/nasdaq_annual_reports\cisco-systems-inc\NASDAQ_CSCO_2020.pdf,cisco-systems-inc,"CISCO SYSTEMS, INC.",False,
../downolad_files/data/nasdaq_annual_reports\cisco-systems-inc\NASDAQ_CSCO_2019.pdf,cisco-systems-inc,"CISCO SYSTEMS, INC.",False,
../downolad_files/data/nasdaq_annual_reports\citi-trends-inc\NASDAQ_CTRN_2020.pdf,citi-trends-inc,"CITI TRENDS, INC.",False,
../downolad_files/data/nasdaq_annual_reports\citi-trends-inc\NASDAQ_CTRN_2018.pdf,citi-trends-inc,"CITI TRENDS, INC.",False,
../downolad_files/data/nasdaq_annual_reports\citi-trends-inc\NASDAQ_CTRN_2021.pdf,citi-trends-inc,"CITI TRENDS, INC.",False,
../downolad_files/data/nasdaq_annual_reports\citizens-community-bancorp\NASDAQ_CZWI_2016.pdf,citizens-community-bancorp,"CITIZENS COMMUNITY BANCORP, INC.",False,
../downolad_files/data/nasdaq_annual_reports\citius-pharmaceuticals-inc\NASDAQ_CTXR_2021.pdf,citius-pharmaceuticals-inc,"Citius Pharmaceuticals, Inc.",False,
../downolad_files/data/nasdaq_annual_reports\citizens-community-bancorp\NASDAQ_CZWI_2017.pdf,citizens-community-bancorp,"CITIZENS COMMUNITY BANCORP, INC.",False,
../downolad_files/data/nasdaq_annual_reports\citizens-community-bancorp\NASDAQ_CZWI_2019.pdf,citizens-community-bancorp,"CITIZENS COMMUNITY BANCORP, INC.",False,
../downolad_files/data/nasdaq_annual_reports\citizens-community-bancorp\NASDAQ_CZWI_2018.pdf,citizens-community-bancorp,"CITIZENS COMMUNITY BANCORP, INC.",False,
../downolad_files/data/nasdaq_annual_reports\citius-pharmaceuticals-inc\NASDAQ_CTXR_2019.pdf,citius-pharmaceuticals-inc,"Citius Pharmaceuticals, Inc.",False,
../downolad_files/data/nasdaq_annual_reports\citius-pharmaceuticals-inc\NASDAQ_CTXR_2018.pdf,citius-pharmaceuticals-inc,"Citius Pharmaceuticals, Inc.",False,
../downolad_files/data/nasdaq_annual_reports\citius-pharmaceuticals-inc\NASDAQ_CTXR_2020.pdf,citius-pharmaceuticals-inc,"Citius Pharmaceuticals, Inc.",False,
../downolad_files/data/nasdaq_annual_reports\citizens-community-bancorp\NASDAQ_CZWI_2020.pdf,citizens-community-bancorp,"CITIZENS COMMUNITY BANCORP, INC.",False,
../downolad_files/data/nasdaq_annual_reports\citizens-holding-company\NASDAQ_CIZN_2019.pdf,citizens-holding-company,,,
../downolad_files/data/nasdaq_annual_reports\citizens-holding-company\NASDAQ_CIZN_2018.pdf,citizens-holding-company,,,
../downolad_files/data/nasdaq_annual_reports\citizens-northern-corporation\NASDAQ_CZNC_2020.pdf,citizens-northern-corporation,,,
../downolad_files/data/nasdaq_annual_reports\citizens-holding-company\NASDAQ_CIZN_2020.pdf,,,,Unexpected EOF
../downolad_files/data/nasdaq_annual_reports\citizens-northern-corporation\NASDAQ_CZNC_2021.pdf,citizens-northern-corporation,,,
../downolad_files/data/nasdaq_annual_reports\citizens-holding-company\NASDAQ_CIZN_2021.pdf,citizens-holding-company,,,
../downolad_files/data/nasdaq_annual_reports\citrix-systems-inc\NASDAQ_CTXS_2016.pdf,citrix-systems-inc,"CITRIX SYSTEMS, INC.",False,
../downolad_files/data/nasdaq_annual_reports\citrix-systems-inc\NASDAQ_CTXS_2018.pdf,citrix-systems-inc,,,
../downolad_files/data/nasdaq_annual_reports\citrix-systems-inc\NASDAQ_CTXS_2019.pdf,citrix-systems-inc,,,
../downolad_files/data/nasdaq_annual_reports\citrix-systems-inc\NASDAQ_CTXS_2020.pdf,citrix-systems-inc,,,
../downolad_files/data/nasdaq_annual_reports\citrix-systems-inc\NASDAQ_CTXS_2017.pdf,citrix-systems-inc,"CITRIX SYSTEMS, INC.",False,
../downolad_files/data/nasdaq_annual_reports\city-national-bank\NASDAQ_CCNE_2017.pdf,city-national-bank,CITY HOLDING COMPANY,False,
../downolad_files/data/nasdaq_annual_reports\city-national-bank\NASDAQ_CCNE_2019.pdf,city-national-bank,CITY HOLDING COMPANY,False,
../downolad_files/data/nasdaq_annual_reports\city-national-bank\NASDAQ_CCNE_2016_96a28391b46e4799bbda4aa63e7e6a1d.pdf,city-national-bank,CITY HOLDING COMPANY,False,
../downolad_files/data/nasdaq_annual_reports\city-national-bank\NASDAQ_CCNE_2020.pdf,city-national-bank,CITY HOLDING COMPANY,False,
../downolad_files/data/nasdaq_annual_reports\civista-bancshares-inc\NASDAQ_CIVB_2016.pdf,civista-bancshares-inc,,,
../downolad_files/data/nasdaq_annual_reports\civista-bancshares-inc\NASDAQ_CIVB_2017.pdf,civista-bancshares-inc,,,
../downolad_files/data/nasdaq_annual_reports\city-national-bank\NASDAQ_CCNE_2018_fb242a4bc1024430911be945b5a77946.pdf,city-national-bank,CITY HOLDING COMPANY,False,
../downolad_files/data/nasdaq_annual_reports\civista-bancshares-inc\NASDAQ_CIVB_2019.pdf,civista-bancshares-inc,,,
../downolad_files/data/nasdaq_annual_reports\civista-bancshares-inc\NASDAQ_CIVB_2018.pdf,civista-bancshares-inc,,,
../downolad_files/data/nasdaq_annual_reports\civista-bancshares-inc\NASDAQ_CIVB_2020.pdf,civista-bancshares-inc,,,
../downolad_files/data/nasdaq_annual_reports\clean-energy-fuels-corp\NASDAQ_CLNE_2018.pdf,clean-energy-fuels-corp,CLEAN ENERGY FUELS CORP.,False,
../downolad_files/data/nasdaq_annual_reports\clean-energy-fuels-corp\NASDAQ_CLNE_2019.pdf,clean-energy-fuels-corp,CLEAN ENERGY FUELS CORP.,False,
../downolad_files/data/nasdaq_annual_reports\clarus-corporation\NASDAQ_CLAR_2018.pdf,clarus-corporation,CLARUS CORPORATION,False,
../downolad_files/data/nasdaq_annual_reports\clean-energy-fuels-corp\NASDAQ_CLNE_2020.pdf,clean-energy-fuels-corp,CLEAN ENERGY FUELS CORP.,False,
../downolad_files/data/nasdaq_annual_reports\clarus-corporation\NASDAQ_CLAR_2020.pdf,clarus-corporation,CLARUS CORPORATION,False,
../downolad_files/data/nasdaq_annual_reports\clarus-corporation\NASDAQ_CLAR_2019.pdf,clarus-corporation,CLARUS CORPORATION,False,
../downolad_files/data/nasdaq_annual_reports\clean-energy-fuels-corp\NASDAQ_CLNE_2021.pdf,clean-energy-fuels-corp,CLEAN ENERGY FUELS CORP.,False,
../downolad_files/data/nasdaq_annual_reports\clarus-corporation\NASDAQ_CLAR_2021.pdf,clarus-corporation,CLARUS CORPORATION,False,
../downolad_files/data/nasdaq_annual_reports\clearfield-inc\NASDAQ_CLFD_2017.PDF,clearfield-inc,"CLEARFIELD, INC.",False,
../downolad_files/data/nasdaq_annual_reports\cleanspark-inc\NASDAQ_CLSK_2018.pdf,cleanspark-inc,"CleanSpark, Inc.",False,
../downolad_files/data/nasdaq_annual_reports\clearfield-inc\NASDAQ_CLFD_2018.pdf,clearfield-inc,"CLEARFIELD, INC.",False,
../downolad_files/data/nasdaq_annual_reports\cleanspark-inc\NASDAQ_CLSK_2019.pdf,cleanspark-inc,"CleanSpark, Inc.",False,
../downolad_files/data/nasdaq_annual_reports\cleanspark-inc\NASDAQ_CLSK_2020.pdf,cleanspark-inc,"CleanSpark, Inc.",False,
../downolad_files/data/nasdaq_annual_reports\cleanspark-inc\NASDAQ_CLSK_2021.pdf,cleanspark-inc,"CleanSpark, Inc.",False,
../downolad_files/data/nasdaq_annual_reports\clearfield-inc\NASDAQ_CLFD_2019.pdf,clearfield-inc,"CLEARFIELD, INC.",False,
../downolad_files/data/nasdaq_annual_reports\clearfield-inc\NASDAQ_CLFD_2020.pdf,clearfield-inc,"CLEARFIELD, INC.",False,
../downolad_files/data/nasdaq_annual_reports\clearfield-inc\NASDAQ_CLFD_2021.pdf,clearfield-inc,"CLEARFIELD, INC.",False,
../downolad_files/data/nasdaq_annual_reports\clearone\NASDAQ_CLRO_2019.pdf,clearone,"CLEARONE, INC.",False,
../downolad_files/data/nasdaq_annual_reports\clearone\NASDAQ_CLRO_2018.pdf,clearone,"CLEARONE, INC.",False,
../downolad_files/data/nasdaq_annual_reports\clearone\NASDAQ_CLRO_2020.pdf,clearone,"CLEARONE, INC.",False,
../downolad_files/data/nasdaq_annual_reports\clearside-biomedical-inc\NASDAQ_CLSD_2019.pdf,,,,Unexpected EOF
../downolad_files/data/nasdaq_annual_reports\clearone\NASDAQ_CLRO_2021.pdf,clearone,"CLEARONE, INC.",False,
../downolad_files/data/nasdaq_annual_reports\clearside-biomedical-inc\NASDAQ_CLSD_2018.pdf,clearside-biomedical-inc,"Clearside Biomedical, Inc.",False,
../downolad_files/data/nasdaq_annual_reports\clearpoint-neuro-inc\NASDAQ_CLPT_2021.pdf,clearpoint-neuro-inc,"CLEARPOINT NEURO, INC.",False,
../downolad_files/data/nasdaq_annual_reports\clearside-biomedical-inc\NASDAQ_CLSD_2020.pdf,clearside-biomedical-inc,"Clearside Biomedical, Inc.",False,
../downolad_files/data/nasdaq_annual_reports\clearpoint-neuro-inc\NASDAQ_CLPT_2020.pdf,clearpoint-neuro-inc,"CLEARPOINT NEURO, INC.",False,
../downolad_files/data/nasdaq_annual_reports\clearside-biomedical-inc\NASDAQ_CLSD_2021.pdf,clearside-biomedical-inc,"Clearside Biomedical, Inc.",False,
../downolad_files/data/nasdaq_annual_reports\cleveland-biolabs-inc\NASDAQ_CBLI_2017.pdf,cleveland-biolabs-inc,"CLEVELAND BIOLABS, INC.",False,
../downolad_files/data/nasdaq_annual_reports\cleveland-biolabs-inc\NASDAQ_CBLI_2018.pdf,cleveland-biolabs-inc,"CLEVELAND BIOLABS, INC.",False,
../downolad_files/data/nasdaq_annual_reports\cleveland-biolabs-inc\NASDAQ_CBLI_2019.pdf,cleveland-biolabs-inc,"CLEVELAND BIOLABS, INC.",False,
../downolad_files/data/nasdaq_annual_reports\clovis-oncology-inc\NASDAQ_CLVS_2018.pdf,clovis-oncology-inc,"Clovis Oncology, Inc.",False,
../downolad_files/data/nasdaq_annual_reports\clovis-oncology-inc\NASDAQ_CLVS_2019.pdf,clovis-oncology-inc,"Clovis Oncology, Inc.",False,
../downolad_files/data/nasdaq_annual_reports\clovis-oncology-inc\NASDAQ_CLVS_2020.pdf,clovis-oncology-inc,"Clovis Oncology, Inc.",False,
../downolad_files/data/nasdaq_annual_reports\clovis-oncology-inc\NASDAQ_CLVS_2021.pdf,clovis-oncology-inc,"Clovis Oncology, Inc.",False,
../downolad_files/data/nasdaq_annual_reports\cleveland-biolabs-inc\NASDAQ_CBLI_2020.pdf,cleveland-biolabs-inc,"CLEVELAND BIOLABS, INC.",False,
../downolad_files/data/nasdaq_annual_reports\cme-group-inc\NASDAQ_CME_2018.PDF,cme-group-inc,CME GROUP INC.,False,
../downolad_files/data/nasdaq_annual_reports\clps-incorporation\NASDAQ_CLPS_2018.pdf,clps-incorporation,,,
../downolad_files/data/nasdaq_annual_reports\clps-incorporation\NASDAQ_CLPS_2019.pdf,clps-incorporation,,,
../downolad_files/data/nasdaq_annual_reports\cnb-financial-corporation\NASDAQ_CCNE_2017_8ee5c9c165fc4c158ef89fc47afeaf8e.pdf,cnb-financial-corporation,,,
../downolad_files/data/nasdaq_annual_reports\clps-incorporation\NASDAQ_CLPS_2020.pdf,clps-incorporation,,,
../downolad_files/data/nasdaq_annual_reports\cnb-financial-corporation\NASDAQ_CCNE_2018.pdf,cnb-financial-corporation,,,
../downolad_files/data/nasdaq_annual_reports\cnb-financial-corporation\NASDAQ_CCNE_2019_71fa5f53a57d4734a4b49920ff7a3e0f.pdf,cnb-financial-corporation,,,
../downolad_files/data/nasdaq_annual_reports\cnb-financial-corporation\NASDAQ_CCNE_2020_919683d15eb446508850d5fc00962ccb.pdf,cnb-financial-corporation,,,
../downolad_files/data/nasdaq_annual_reports\cme-group-inc\NASDAQ_CME_2019.pdf,cme-group-inc,CME GROUP INC.,False,
../downolad_files/data/nasdaq_annual_reports\cnb-financial-corporation\NASDAQ_CCNE_2021.pdf,cnb-financial-corporation,,,
../downolad_files/data/nasdaq_annual_reports\cme-group-inc\NASDAQ_CME_2020.pdf,cme-group-inc,CME GROUP INC.,False,
../downolad_files/data/nasdaq_annual_reports\cme-group-inc\NASDAQ_CME_2021.pdf,cme-group-inc,CME GROUP INC.,False,
../downolad_files/data/nasdaq_annual_reports\cns-pharmaceuticals-inc\NASDAQ_CNSP_2021.pdf,cns-pharmaceuticals-inc,"CNS Pharmaceuticals, Inc.",False,
../downolad_files/data/nasdaq_annual_reports\co-diagnostics-inc\NASDAQ_CODX_2020.pdf,co-diagnostics-inc,,,
../downolad_files/data/nasdaq_annual_reports\cns-pharmaceuticals-inc\NASDAQ_CNSP_2020.pdf,cns-pharmaceuticals-inc,"CNS Pharmaceuticals, Inc.",False,
../downolad_files/data/nasdaq_annual_reports\co-diagnostics-inc\NASDAQ_CODX_2018.pdf,co-diagnostics-inc,"CO-DIAGNOSTICS, INC.",False,
../downolad_files/data/nasdaq_annual_reports\cns-pharmaceuticals-inc\NASDAQ_CNSP_2019.pdf,cns-pharmaceuticals-inc,"CNS Pharmaceuticals, Inc.",False,
../downolad_files/data/nasdaq_annual_reports\co-diagnostics-inc\NASDAQ_CODX_2019.pdf,co-diagnostics-inc,"CO-DIAGNOSTICS, INC.",False,
../downolad_files/data/nasdaq_annual_reports\coca-cola-bottling-co-consolidated\NASDAQ_COKE_2018.pdf,coca-cola-bottling-co-consolidated,"COCA-COLA CONSOLIDATED, INC.",False,
../downolad_files/data/nasdaq_annual_reports\coca-cola-bottling-co-consolidated\NASDAQ_COKE_2019.pdf,coca-cola-bottling-co-consolidated,,,
../downolad_files/data/nasdaq_annual_reports\coca-cola-bottling-co-consolidated\NASDAQ_COKE_2020.pdf,coca-cola-bottling-co-consolidated,"COCA-COLA CONSOLIDATED, INC.",False,
../downolad_files/data/nasdaq_annual_reports\co-diagnostics-inc\NASDAQ_CODX_2021.pdf,co-diagnostics-inc,"CO-DIAGNOSTICS, INC.",False,
../downolad_files/data/nasdaq_annual_reports\coca-cola-bottling-co-consolidated\NASDAQ_COKE_2021.pdf,coca-cola-bottling-co-consolidated,,,
../downolad_files/data/nasdaq_annual_reports\cocrystal-pharma-inc\NASDAQ_COCP_2018.pdf,cocrystal-pharma-inc,"Cocrystal Pharma, Inc.",False,
../downolad_files/data/nasdaq_annual_reports\cocrystal-pharma-inc\NASDAQ_COCP_2019.pdf,cocrystal-pharma-inc,"Cocrystal Pharma, Inc.",False,
../downolad_files/data/nasdaq_annual_reports\cocrystal-pharma-inc\NASDAQ_COCP_2021.pdf,cocrystal-pharma-inc,"Cocrystal Pharma, Inc.",False,
../downolad_files/data/nasdaq_annual_reports\coda-octopus-group-inc\NASDAQ_CODA_2018.pdf,coda-octopus-group-inc,"CODA OCTOPUS GROUP, INC.",False,
../downolad_files/data/nasdaq_annual_reports\coda-octopus-group-inc\NASDAQ_CODA_2019.pdf,coda-octopus-group-inc,"CODA OCTOPUS GROUP, INC.",False,
../downolad_files/data/nasdaq_annual_reports\cocrystal-pharma-inc\NASDAQ_COCP_2020.pdf,cocrystal-pharma-inc,"Cocrystal Pharma, Inc.",False,
../downolad_files/data/nasdaq_annual_reports\coda-octopus-group-inc\NASDAQ_CODA_2021.pdf,coda-octopus-group-inc,"CODA OCTOPUS GROUP, INC.",False,
../downolad_files/data/nasdaq_annual_reports\codexis-inc\NASDAQ_CDXS_2017.pdf,codexis-inc,"Codexis, Inc.",False,
../downolad_files/data/nasdaq_annual_reports\codexis-inc\NASDAQ_CDXS_2018.pdf,codexis-inc,"Codexis, Inc.",False,
../downolad_files/data/nasdaq_annual_reports\codexis-inc\NASDAQ_CDXS_2016.pdf,codexis-inc,"Codexis, Inc.",False,
../downolad_files/data/nasdaq_annual_reports\codorus-valley-bancorp\NASDAQ_CVLY_2018.pdf,codorus-valley-bancorp,,,
../downolad_files/data/nasdaq_annual_reports\codorus-valley-bancorp\NASDAQ_CVLY_2019.pdf,codorus-valley-bancorp,,,
../downolad_files/data/nasdaq_annual_reports\coda-octopus-group-inc\NASDAQ_CODA_2020.pdf,coda-octopus-group-inc,"CODA OCTOPUS GROUP, INC.",False,
../downolad_files/data/nasdaq_annual_reports\codorus-valley-bancorp\NASDAQ_CVLY_2021.pdf,codorus-valley-bancorp,,,
../downolad_files/data/nasdaq_annual_reports\codorus-valley-bancorp\NASDAQ_CVLY_2020.pdf,codorus-valley-bancorp,,,
../downolad_files/data/nasdaq_annual_reports\codexis-inc\NASDAQ_CDXS_2020.pdf,codexis-inc,"Codexis, Inc.",False,
../downolad_files/data/nasdaq_annual_reports\cogent-communications-group-inc\NASDAQ_CCOI_2018.PDF,cogent-communications-group-inc,"COGENT COMMUNICATIONS HOLDINGS, INC.",False,
../downolad_files/data/nasdaq_annual_reports\codexis-inc\NASDAQ_CDXS_2019.pdf,codexis-inc,"Codexis, Inc.",False,
../downolad_files/data/nasdaq_annual_reports\cogent-communications-group-inc\NASDAQ_CCOI_2019.pdf,cogent-communications-group-inc,"COGENT COMMUNICATIONS HOLDINGS, INC.",False,
../downolad_files/data/nasdaq_annual_reports\cogent-communications-group-inc\NASDAQ_CCOI_2020.pdf,cogent-communications-group-inc,"COGENT COMMUNICATIONS HOLDINGS, INC.",False,
../downolad_files/data/nasdaq_annual_reports\coffee-holding-coinc\NASDAQ_JVA_2019.pdf,coffee-holding-coinc,"COFFEE HOLDING CO., INC.",False,
../downolad_files/data/nasdaq_annual_reports\coffee-holding-coinc\NASDAQ_JVA_2016.pdf,coffee-holding-coinc,"COFFEE HOLDING CO., INC.",False,
../downolad_files/data/nasdaq_annual_reports\cognex-corporation\NASDAQ_CGNX_2019.pdf,cognex-corporation,,,
../downolad_files/data/nasdaq_annual_reports\cognex-corporation\NASDAQ_CGNX_2020.pdf,cognex-corporation,,,
../downolad_files/data/nasdaq_annual_reports\coffee-holding-coinc\NASDAQ_JVA_2018.pdf,coffee-holding-coinc,"COFFEE HOLDING CO., INC.",False,
../downolad_files/data/nasdaq_annual_reports\coffee-holding-coinc\NASDAQ_JVA_2017.pdf,coffee-holding-coinc,"COFFEE HOLDING CO., INC.",False,
../downolad_files/data/nasdaq_annual_reports\cognizant-technology-solutions-corp\NASDAQ_CTSH_2018.pdf,cognizant-technology-solutions-corp,COGNIZANT TECHNOLOGY SOLUTIONS CORPORATION,False,
../downolad_files/data/nasdaq_annual_reports\cognizant-technology-solutions-corp\NASDAQ_CTSH_2020.pdf,cognizant-technology-solutions-corp,COGNIZANT TECHNOLOGY SOLUTIONS CORPORATION,False,
../downolad_files/data/nasdaq_annual_reports\cognizant-technology-solutions-corp\NASDAQ_CTSH_2019.pdf,cognizant-technology-solutions-corp,COGNIZANT TECHNOLOGY SOLUTIONS CORPORATION,False,
../downolad_files/data/nasdaq_annual_reports\cognex-corporation\NASDAQ_CGNX_2021.pdf,cognex-corporation,COGNEX CORPORATION,False,
../downolad_files/data/nasdaq_annual_reports\cognizant-technology-solutions-corp\NASDAQ_CTSH_2021.pdf,cognizant-technology-solutions-corp,COGNIZANT TECHNOLOGY SOLUTIONS CORPORATION,False,
../downolad_files/data/nasdaq_annual_reports\cognex-corporation\NASDAQ_CGNX_2018.pdf,cognex-corporation,,,
../downolad_files/data/nasdaq_annual_reports\cogent-communications-group-inc\NASDAQ_CCOI_2021.pdf,cogent-communications-group-inc,"COGENT COMMUNICATIONS HOLDINGS, INC.",False,
../downolad_files/data/nasdaq_annual_reports\coherent-inc\NASDAQ_COHR_2018.pdf,coherent-inc,,,
../downolad_files/data/nasdaq_annual_reports\coherent-inc\NASDAQ_COHR_2019.pdf,coherent-inc,,,
../downolad_files/data/nasdaq_annual_reports\coherent-inc\NASDAQ_COHR_2020.pdf,coherent-inc,,,
../downolad_files/data/nasdaq_annual_reports\cohbar-inc\NASDAQ_CWBR_2018.pdf,cohbar-inc,"COHBAR, INC.",False,
../downolad_files/data/nasdaq_annual_reports\cohbar-inc\NASDAQ_CWBR_2020.pdf,cohbar-inc,"COHBA R, INC.",False,
../downolad_files/data/nasdaq_annual_reports\cohbar-inc\NASDAQ_CWBR_2019.pdf,cohbar-inc,"COHBAR, INC.",False,
../downolad_files/data/nasdaq_annual_reports\cohbar-inc\NASDAQ_CWBR_2021.pdf,cohbar-inc,"COHBAR, INC.",False,
../downolad_files/data/nasdaq_annual_reports\cohu-inc\NASDAQ_COHU_2018.pdf,cohu-inc,"COHU, INC.",False,
../downolad_files/data/nasdaq_annual_reports\coherent-inc\NASDAQ_COHR_2021.pdf,coherent-inc,,,
../downolad_files/data/nasdaq_annual_reports\coherus-biosciences-inc\NASDAQ_CHRS_2018.pdf,coherus-biosciences-inc,"Coherus BioSciences, Inc.",False,
../downolad_files/data/nasdaq_annual_reports\coherus-biosciences-inc\NASDAQ_CHRS_2019.pdf,coherus-biosciences-inc,"Coherus BioSciences, Inc.",False,
../downolad_files/data/nasdaq_annual_reports\coherus-biosciences-inc\NASDAQ_CHRS_2020.pdf,coherus-biosciences-inc,"Coherus BioSciences, Inc.",False,
../downolad_files/data/nasdaq_annual_reports\coherus-biosciences-inc\NASDAQ_CHRS_2021.pdf,coherus-biosciences-inc,"Coherus BioSciences, Inc.",False,
../downolad_files/data/nasdaq_annual_reports\cohu-inc\NASDAQ_COHU_2019.pdf,cohu-inc,"COHU, INC.",False,
../downolad_files/data/nasdaq_annual_reports\cohu-inc\NASDAQ_COHU_2020.PDF,cohu-inc,"COHU, INC.",False,
../downolad_files/data/nasdaq_annual_reports\collectors-universe-inc\NASDAQ_CLCT_2014.pdf,collectors-universe-inc,"COLLECTORS UNIVERSE, INC.",False,
../downolad_files/data/nasdaq_annual_reports\cohu-inc\NASDAQ_COHU_2021.pdf,cohu-inc,"COHU, INC.",False,
../downolad_files/data/nasdaq_annual_reports\collectors-universe-inc\NASDAQ_CLCT_2015.pdf,collectors-universe-inc,"COLLECTORS UNIVERSE, INC.",False,
../downolad_files/data/nasdaq_annual_reports\collectors-universe-inc\NASDAQ_CLCT_2017.pdf,collectors-universe-inc,"COLLECTORS UNIVERSE, INC.",False,
../downolad_files/data/nasdaq_annual_reports\collectors-universe-inc\NASDAQ_CLCT_2018.pdf,collectors-universe-inc,"COLLECTORS UNIVERSE, INC.",False,
../downolad_files/data/nasdaq_annual_reports\collectors-universe-inc\NASDAQ_CLCT_2016.pdf,collectors-universe-inc,"Collegium Pharmaceutical, Inc.",True,
../downolad_files/data/nasdaq_annual_reports\collegium-pharmaceutical-inc\NASDAQ_COLL_2018.pdf,collegium-pharmaceutical-inc,"Collegium Pharmaceutical, Inc.",False,
../downolad_files/data/nasdaq_annual_reports\collegium-pharmaceutical-inc\NASDAQ_COLL_2019.pdf,collegium-pharmaceutical-inc,"Collegium Pharmaceutical, Inc.",False,
../downolad_files/data/nasdaq_annual_reports\collplant-biotechnologies-ltd\NASDAQ_CLGN_2017.pdf,collplant-biotechnologies-ltd,CollPlant Holdings Ltd.,False,
../downolad_files/data/nasdaq_annual_reports\collegium-pharmaceutical-inc\NASDAQ_COLL_2020.pdf,collegium-pharmaceutical-inc,"Collegium Pharmaceutical, Inc.",False,
../downolad_files/data/nasdaq_annual_reports\collegium-pharmaceutical-inc\NASDAQ_COLL_2021.pdf,collegium-pharmaceutical-inc,"Collegium Pharmaceutical, Inc.",False,
../downolad_files/data/nasdaq_annual_reports\collplant-biotechnologies-ltd\NASDAQ_CLGN_2018.pdf,collplant-biotechnologies-ltd,CollPlant Holdings Ltd.,False,
../downolad_files/data/nasdaq_annual_reports\colony-bankcorp-inc\NASDAQ_CBAN_2019.pdf,colony-bankcorp-inc,,,
../downolad_files/data/nasdaq_annual_reports\colony-bankcorp-inc\NASDAQ_CBAN_2018.pdf,colony-bankcorp-inc,,,
../downolad_files/data/nasdaq_annual_reports\colony-bankcorp-inc\NASDAQ_CBAN_2020.pdf,colony-bankcorp-inc,,,
../downolad_files/data/nasdaq_annual_reports\collplant-biotechnologies-ltd\NASDAQ_CLGN_2019.pdf,collplant-biotechnologies-ltd,CollPlant Bio technologies Ltd.,False,
../downolad_files/data/nasdaq_annual_reports\collplant-biotechnologies-ltd\NASDAQ_CLGN_2021.pdf,collplant-biotechnologies-ltd,CollPlant Bio technologies Ltd.,False,
../downolad_files/data/nasdaq_annual_reports\colony-bankcorp-inc\NASDAQ_CBAN_2021.pdf,colony-bankcorp-inc,,,
../downolad_files/data/nasdaq_annual_reports\columbia-banking-system-inc\NASDAQ_COLB_2019.pdf,columbia-banking-system-inc,"COLUMBIA BANKING SYSTEM, INC.",False,
../downolad_files/data/nasdaq_annual_reports\columbia-banking-system-inc\NASDAQ_COLB_2020.pdf,columbia-banking-system-inc,"COLUMBIA BANKING SYSTEM, INC.",False,
../downolad_files/data/nasdaq_annual_reports\columbia-banking-system-inc\NASDAQ_COLB_2021.pdf,columbia-banking-system-inc,"COLUMBIA BANKING SYSTEM, INC.",False,
../downolad_files/data/nasdaq_annual_reports\collplant-biotechnologies-ltd\NASDAQ_CLGN_2020.pdf,collplant-biotechnologies-ltd,CollPlant Bio technologies Ltd.,False,
../downolad_files/data/nasdaq_annual_reports\columbia-sportswear-company\NASDAQ_COLM_2018.pdf,columbia-sportswear-company,COLUMBIA SPORTSWEAR COMPANY,False,
../downolad_files/data/nasdaq_annual_reports\columbia-sportswear-company\NASDAQ_COLM_2019.pdf,columbia-sportswear-company,COLUMBIA SPORTSWEAR COMPANY,False,
../downolad_files/data/nasdaq_annual_reports\columbia-sportswear-company\NASDAQ_COLM_2021.pdf,columbia-sportswear-company,COLUMBIA SPORTSWEAR COMPANY,False,
../downolad_files/data/nasdaq_annual_reports\columbia-sportswear-company\NASDAQ_COLM_2020.pdf,columbia-sportswear-company,,,
../downolad_files/data/nasdaq_annual_reports\columbus-mckinnon-corp\NASDAQ_CMCO_2019.pdf,columbus-mckinnon-corp,COLUMBUS McKINNON CORPORATION,False,
../downolad_files/data/nasdaq_annual_reports\columbia-banking-system-inc\NASDAQ_COLB_2018.pdf,columbia-banking-system-inc,"COLUMBIA BANKING SYSTEM, INC.",False,
../downolad_files/data/nasdaq_annual_reports\columbus-mckinnon-corp\NASDAQ_CMCO_2020.pdf,columbus-mckinnon-corp,COLUMBUS McKINNON CORPORATION,False,
../downolad_files/data/nasdaq_annual_reports\columbus-mckinnon-corp\NASDAQ_CMCO_2021.pdf,columbus-mckinnon-corp,,,
../downolad_files/data/nasdaq_annual_reports\commerce-bancshares-inc\NASDAQ_CBSH_2018.pdf,commerce-bancshares-inc,,,
../downolad_files/data/nasdaq_annual_reports\comcast-corp\NASDAQ_CMCSA_2018.pdf,comcast-corp,,,
../downolad_files/data/nasdaq_annual_reports\comcast-corp\NASDAQ_CMCSA_2019.pdf,comcast-corp,,,
../downolad_files/data/nasdaq_annual_reports\comcast-corp\NASDAQ_CMCSA_2021.pdf,comcast-corp,,,
../downolad_files/data/nasdaq_annual_reports\comcast-corp\NASDAQ_CMCSA_2020.pdf,comcast-corp,,,
../downolad_files/data/nasdaq_annual_reports\columbus-mckinnon-corp\NASDAQ_CMCO_2022.pdf,columbus-mckinnon-corp,,,
../downolad_files/data/nasdaq_annual_reports\commerce-bancshares-inc\NASDAQ_CBSH_2019.pdf,commerce-bancshares-inc,"COMMERCE BANCSHARES, INC.",False,
../downolad_files/data/nasdaq_annual_reports\commerce-bancshares-inc\NASDAQ_CBSH_2020.pdf,commerce-bancshares-inc,"COMMERCE BANCSHARES, INC.",False,
../downolad_files/data/nasdaq_annual_reports\commerce-bancshares-inc\NASDAQ_CBSH_2021.pdf,commerce-bancshares-inc,(State of Incorporation) (IRS Employer Identification No.),True,
../downolad_files/data/nasdaq_annual_reports\commercial-vehicle-group-inc\NASDAQ_CVGI_2019.pdf,commercial-vehicle-group-inc,"COMMERCIAL VEHICLE GROUP, INC.",False,
../downolad_files/data/nasdaq_annual_reports\commercial-vehicle-group-inc\NASDAQ_CVGI_2020.pdf,commercial-vehicle-group-inc,"COMMERCIAL VEHICLE GROUP, INC.",False,
../downolad_files/data/nasdaq_annual_reports\commscope-holdings\NASDAQ_COMM_2017.pdf,commscope-holdings,"CommScope Holding Company, Inc.",False,
../downolad_files/data/nasdaq_annual_reports\commercial-vehicle-group-inc\NASDAQ_CVGI_2021.pdf,commercial-vehicle-group-inc,"COMMERCIAL VEHICLE GROUP, INC.",False,
../downolad_files/data/nasdaq_annual_reports\commscope-holdings\NASDAQ_COMM_2016.pdf,commscope-holdings,"CommScope Holding Company, Inc.",False,
../downolad_files/data/nasdaq_annual_reports\commscope-holdings\NASDAQ_COMM_2018.pdf,commscope-holdings,"CommScope Holding Company, Inc.",False,
../downolad_files/data/nasdaq_annual_reports\commercial-vehicle-group-inc\NASDAQ_CVGI_2018.pdf,commercial-vehicle-group-inc,"COMMERCIAL VEHICLE GROUP, INC.",False,
../downolad_files/data/nasdaq_annual_reports\communications-systems-inc\NASDAQ_JCS_2016.pdf,communications-systems-inc,,,
../downolad_files/data/nasdaq_annual_reports\commscope-holdings\NASDAQ_COMM_2020.pdf,commscope-holdings,"CommScope Holding Company, Inc.",False,
../downolad_files/data/nasdaq_annual_reports\commscope-holdings\NASDAQ_COMM_2019.pdf,commscope-holdings,"CommScope Holding Company, Inc.",False,
../downolad_files/data/nasdaq_annual_reports\communications-systems-inc\NASDAQ_JCS_2018.pdf,communications-systems-inc,,,
../downolad_files/data/nasdaq_annual_reports\communications-systems-inc\NASDAQ_JCS_2019.pdf,communications-systems-inc,"COMMUNICATIONS SYSTEMS, INC.",False,
../downolad_files/data/nasdaq_annual_reports\community-bankers-trust\NASDAQ_ESXB_2016.pdf,community-bankers-trust,COMMUNITY BANKERS TRUST CORPORATION,False,
../downolad_files/data/nasdaq_annual_reports\community-bankers-trust\NASDAQ_ESXB_2015.pdf,community-bankers-trust,COMMUNITY BANKERS TRUST CORPORATION,False,
../downolad_files/data/nasdaq_annual_reports\communications-systems-inc\NASDAQ_JCS_2017.pdf,communications-systems-inc,"COMMUNICATIONS SYSTEMS, INC.",False,
../downolad_files/data/nasdaq_annual_reports\community-bankers-trust\NASDAQ_ESXB_2019.pdf,community-bankers-trust,COMMUNITY BANKERS TRUST CORPORATION,False,
../downolad_files/data/nasdaq_annual_reports\community-trust-bancorp-inc\NASDAQ_CTBI_2019.pdf,community-trust-bancorp-inc,,,
../downolad_files/data/nasdaq_annual_reports\community-bankers-trust\NASDAQ_ESXB_2017.pdf,community-bankers-trust,COMMUNITY BANKERS TRUST CORPORATION,False,
../downolad_files/data/nasdaq_annual_reports\community-bankers-trust\NASDAQ_ESXB_2020.pdf,community-bankers-trust,COMMUNITY BANKERS TRUST CORPORATION,False,
../downolad_files/data/nasdaq_annual_reports\community-trust-bancorp-inc\NASDAQ_CTBI_2020.pdf,community-trust-bancorp-inc,,,
../downolad_files/data/nasdaq_annual_reports\community-west-bancshares\NASDAQ_CWBC_2020.pdf,community-west-bancshares,,,
../downolad_files/data/nasdaq_annual_reports\community-west-bancshares\NASDAQ_CWBC_2019.pdf,community-west-bancshares,,,
../downolad_files/data/nasdaq_annual_reports\community-west-bancshares\NASDAQ_CWBC_2021.pdf,community-west-bancshares,,,
../downolad_files/data/nasdaq_annual_reports\commvault-systems-inc\NASDAQ_CVLT_2020.pdf,commvault-systems-inc,"Commvault Systems, Inc.",False,
../downolad_files/data/nasdaq_annual_reports\commvault-systems-inc\NASDAQ_CVLT_2018.pdf,commvault-systems-inc,"Commvault Systems, Inc.",False,
../downolad_files/data/nasdaq_annual_reports\commvault-systems-inc\NASDAQ_CVLT_2019.pdf,commvault-systems-inc,"Commvault Systems, Inc.",False,
../downolad_files/data/nasdaq_annual_reports\community-trust-bancorp-inc\NASDAQ_CTBI_2022.pdf,community-trust-bancorp-inc,"COMMUNITY TRUST BANCORP, INC.",False,
../downolad_files/data/nasdaq_annual_reports\commvault-systems-inc\NASDAQ_CVLT_2021.pdf,commvault-systems-inc,"Commvault Systems, Inc.",False,
../downolad_files/data/nasdaq_annual_reports\compass-diversified-holdings\NASDAQ_CODI_2020.pdf,compass-diversified-holdings,,,
../downolad_files/data/nasdaq_annual_reports\compass-diversified-holdings\NASDAQ_CODI_2021.pdf,compass-diversified-holdings,Compass Diversified Holdings,False,
../downolad_files/data/nasdaq_annual_reports\compugen-ltd\NASDAQ_CGEN_2017.pdf,compugen-ltd,,,
../downolad_files/data/nasdaq_annual_reports\compugen-ltd\NASDAQ_CGEN_2018.pdf,compugen-ltd,,,
../downolad_files/data/nasdaq_annual_reports\compugen-ltd\NASDAQ_CGEN_2019.pdf,compugen-ltd,Compugen Ltd.,False,
../downolad_files/data/nasdaq_annual_reports\community-west-bancshares\NASDAQ_CWBC_2018.pdf,community-west-bancshares,,,
../downolad_files/data/nasdaq_annual_reports\compugen-ltd\NASDAQ_CGEN_2020.pdf,compugen-ltd,Compugen Ltd.,False,
../downolad_files/data/nasdaq_annual_reports\compugen-ltd\NASDAQ_CGEN_2021.pdf,compugen-ltd,Compugen Ltd.,False,
../downolad_files/data/nasdaq_annual_reports\computer-programs-systems-inc\NASDAQ_CPSI_2019.pdf,computer-programs-systems-inc,"COMPUTER PROGRAMS AND SYSTEMS, INC.",False,
../downolad_files/data/nasdaq_annual_reports\compass-diversified-holdings\NASDAQ_CODI_2018.pdf,compass-diversified-holdings,Compass Diversified Holdings,False,
../downolad_files/data/nasdaq_annual_reports\computer-programs-systems-inc\NASDAQ_CPSI_2021.pdf,computer-programs-systems-inc,"COMPUTER PROGRAMS AND SYSTEMS, INC.",False,
../downolad_files/data/nasdaq_annual_reports\computer-programs-systems-inc\NASDAQ_CPSI_2020.pdf,computer-programs-systems-inc,"COMPUTER PROGRAMS AND SYSTEMS, INC.",False,
../downolad_files/data/nasdaq_annual_reports\computer-task-group-inc\NASDAQ_CTG_2018.pdf,computer-task-group-inc,"COMPUTER TASK GROUP, INCORPORATED",False,
../downolad_files/data/nasdaq_annual_reports\computer-task-group-inc\NASDAQ_CTG_2020.pdf,computer-task-group-inc,"COMPUTER TASK GROUP, INCORPORATED",False,
../downolad_files/data/nasdaq_annual_reports\computer-task-group-inc\NASDAQ_CTG_2019.pdf,computer-task-group-inc,"COMPUTER TASK GROUP, INCORPORATED",False,
../downolad_files/data/nasdaq_annual_reports\community-trust-bancorp-inc\NASDAQ_CTBI_2021.pdf,community-trust-bancorp-inc,,,
../downolad_files/data/nasdaq_annual_reports\computer-task-group-inc\NASDAQ_CTG_2021.pdf,computer-task-group-inc,"COMPUTER TASK GROUP, INCORPORATED",False,
../downolad_files/data/nasdaq_annual_reports\compass-diversified-holdings\NASDAQ_CODI_2019.pdf,compass-diversified-holdings,Compass Diversified Holdings,False,
../downolad_files/data/nasdaq_annual_reports\comscore-inc\NASDAQ_SCOR_2018.pdf,comscore-inc,"COMSCORE, INC.",False,
../downolad_files/data/nasdaq_annual_reports\comscore-inc\NASDAQ_SCOR_2020.pdf,comscore-inc,"COMSCORE, INC.",False,
../downolad_files/data/nasdaq_annual_reports\comscore-inc\NASDAQ_SCOR_2021.pdf,comscore-inc,"COMSCORE, INC.",False,
../downolad_files/data/nasdaq_annual_reports\comscore-inc\NASDAQ_SCOR_2019.pdf,comscore-inc,"COMSCORE, INC.",False,
../downolad_files/data/nasdaq_annual_reports\comstock-holding-companies-inc\NASDAQ_CHCI_2018.pdf,comstock-holding-companies-inc,"Comstock Holding Companies, Inc.",False,
../downolad_files/data/nasdaq_annual_reports\comstock-holding-companies-inc\NASDAQ_CHCI_2019.pdf,comstock-holding-companies-inc,"Comstock Holding Companies, Inc.",False,
../downolad_files/data/nasdaq_annual_reports\comstock-holding-companies-inc\NASDAQ_CHCI_2020.pdf,comstock-holding-companies-inc,"Comstock Holding Companies, Inc.",False,
../downolad_files/data/nasdaq_annual_reports\comtech-telecommunications-corp\NASDAQ_CMTL_2018.pdf,comtech-telecommunications-corp,,,
../downolad_files/data/nasdaq_annual_reports\comstock-holding-companies-inc\NASDAQ_CHCI_2016.pdf,comstock-holding-companies-inc,"Comstock Holding Companies, Inc.",False,
../downolad_files/data/nasdaq_annual_reports\comtech-telecommunications-corp\NASDAQ_CMTL_2019.pdf,comtech-telecommunications-corp,,,
../downolad_files/data/nasdaq_annual_reports\comstock-holding-companies-inc\NASDAQ_CHCI_2017.pdf,comstock-holding-companies-inc,"Comstock Holding Companies, Inc.",False,
../downolad_files/data/nasdaq_annual_reports\comtech-telecommunications-corp\NASDAQ_CMTL_2020.pdf,comtech-telecommunications-corp,,,
../downolad_files/data/nasdaq_annual_reports\comtech-telecommunications-corp\NASDAQ_CMTL_2021.pdf,comtech-telecommunications-corp,,,
../downolad_files/data/nasdaq_annual_reports\concrete-pumping-holdings-inc\NASDAQ_BBCP_2018.pdf,concrete-pumping-holdings-inc,"CONCRETE PUMPING HOLDINGS, INC.",False,
../downolad_files/data/nasdaq_annual_reports\concert-pharmaceuticals-inc\NASDAQ_CNCE_2019.pdf,concert-pharmaceuticals-inc,"CONCERT PHARMACEUTICALS, INC.",False,
../downolad_files/data/nasdaq_annual_reports\concert-pharmaceuticals-inc\NASDAQ_CNCE_2018.pdf,concert-pharmaceuticals-inc,"CONCERT PHARMACEUTICALS, INC.",False,
../downolad_files/data/nasdaq_annual_reports\concert-pharmaceuticals-inc\NASDAQ_CNCE_2020.pdf,concert-pharmaceuticals-inc,"CONCERT PHARMACEUTICALS, INC.",False,
../downolad_files/data/nasdaq_annual_reports\concert-pharmaceuticals-inc\NASDAQ_CNCE_2021.pdf,concert-pharmaceuticals-inc,"CONCERT PHARMACEUTICALS, INC.",False,
../downolad_files/data/nasdaq_annual_reports\concrete-pumping-holdings-inc\NASDAQ_BBCP_2019.pdf,concrete-pumping-holdings-inc,"CONCRETE PUMPING HOLDINGS, INC.",False,
../downolad_files/data/nasdaq_annual_reports\condor-hospitality-trust-inc\NASDAQ_CDOR_2016.pdf,condor-hospitality-trust-inc,,,
../downolad_files/data/nasdaq_annual_reports\condor-hospitality-trust-inc\NASDAQ_CDOR_2019.pdf,condor-hospitality-trust-inc,"Condor Hospitality Trust, Inc.",False,
../downolad_files/data/nasdaq_annual_reports\concrete-pumping-holdings-inc\NASDAQ_BBCP_2021.pdf,concrete-pumping-holdings-inc,"CONCRETE PUMPING HOLDINGS, INC.",False,
../downolad_files/data/nasdaq_annual_reports\condor-hospitality-trust-inc\NASDAQ_CDOR_2018.pdf,condor-hospitality-trust-inc,"Condor Hospitality Trust, Inc.",False,
../downolad_files/data/nasdaq_annual_reports\concrete-pumping-holdings-inc\NASDAQ_BBCP_2020.pdf,concrete-pumping-holdings-inc,"CONCRETE PUMPING HOLDINGS, INC.",False,
../downolad_files/data/nasdaq_annual_reports\conformis-inc\NASDAQ_CFMS_2016.pdf,conformis-inc,"ConforMIS, Inc.",False,
../downolad_files/data/nasdaq_annual_reports\conformis-inc\NASDAQ_CFMS_2017.pdf,conformis-inc,"ConforMIS, Inc.",False,
../downolad_files/data/nasdaq_annual_reports\conifer-holdings-inc\NASDAQ_CNFR_2015.pdf,conifer-holdings-inc,"Conifer Holdings, Inc.",False,
../downolad_files/data/nasdaq_annual_reports\conformis-inc\NASDAQ_CFMS_2018.pdf,conformis-inc,"Conformis, Inc.",False,
../downolad_files/data/nasdaq_annual_reports\conformis-inc\NASDAQ_CFMS_2019.pdf,conformis-inc,"Conformis, Inc.",False,
../downolad_files/data/nasdaq_annual_reports\condor-hospitality-trust-inc\NASDAQ_CDOR_2017.pdf,condor-hospitality-trust-inc,"Condor Hospitality Trust, Inc.",False,
../downolad_files/data/nasdaq_annual_reports\conformis-inc\NASDAQ_CFMS_2020.pdf,conformis-inc,"Conformis, Inc.",False,
../downolad_files/data/nasdaq_annual_reports\conifer-holdings-inc\NASDAQ_CNFR_2016.pdf,conifer-holdings-inc,"Conifer Holdings, Inc.",False,
../downolad_files/data/nasdaq_annual_reports\conmed-corp\NASDAQ_CNMD_2018.pdf,conmed-corp,CONMED CORPORATION,False,
../downolad_files/data/nasdaq_annual_reports\conifer-holdings-inc\NASDAQ_CNFR_2019.pdf,conifer-holdings-inc,"Conifer Holdings, Inc.",False,
../downolad_files/data/nasdaq_annual_reports\conifer-holdings-inc\NASDAQ_CNFR_2020.pdf,conifer-holdings-inc,"Conifer Holdings, Inc.",False,
../downolad_files/data/nasdaq_annual_reports\conmed-corp\NASDAQ_CNMD_2019.pdf,conmed-corp,CONMED CORPORATION,False,
../downolad_files/data/nasdaq_annual_reports\conmed-corp\NASDAQ_CNMD_2020.pdf,conmed-corp,CONMED CORPORATION,False,
../downolad_files/data/nasdaq_annual_reports\conns-inc\NASDAQ_CONN_2019.pdf,conns-inc,"CONN’S, INC.",False,
../downolad_files/data/nasdaq_annual_reports\conns-inc\NASDAQ_CONN_2021.pdf,conns-inc,"CONN’S, INC.",False,
../downolad_files/data/nasdaq_annual_reports\consolidated-communications-holdings-inc\NASDAQ_CNSL_2020.pdf,consolidated-communications-holdings-inc,"CONSOLIDATED COMMUNICATIONS HOLDINGS, INC.",False,
../downolad_files/data/nasdaq_annual_reports\consolidated-communications-holdings-inc\NASDAQ_CNSL_2019.pdf,consolidated-communications-holdings-inc,"CONSOLIDATED COMMUNICATIONS HOLDINGS, INC.",False,
../downolad_files/data/nasdaq_annual_reports\conmed-corp\NASDAQ_CNMD_2021.pdf,conmed-corp,CONMED CORPORATION,False,
../downolad_files/data/nasdaq_annual_reports\conns-inc\NASDAQ_CONN_2020_155ef517b10b4bd4b5709712cfafab33.pdf,conns-inc,"CONN’S, INC.",False,
../downolad_files/data/nasdaq_annual_reports\consolidated-communications-holdings-inc\NASDAQ_CNSL_2018.pdf,consolidated-communications-holdings-inc,"CONSOLIDATED COMMUNICATIONS HOLDINGS, INC.",False,
../downolad_files/data/nasdaq_annual_reports\conns-inc\NASDAQ_CONN_2022.pdf,conns-inc,"CONN’S, INC.",False,
../downolad_files/data/nasdaq_annual_reports\consolidated-communications-holdings-inc\NASDAQ_CNSL_2021.pdf,consolidated-communications-holdings-inc,"CONSOLIDATED COMMUNICATIONS HOLDINGS, INC.",False,
../downolad_files/data/nasdaq_annual_reports\consolidated-water-co-ltd\NASDAQ_CWCO_2019.pdf,consolidated-water-co-ltd,CONSOLIDATED WATER CO. LTD.,False,
../downolad_files/data/nasdaq_annual_reports\consolidated-water-co-ltd\NASDAQ_CWCO_2020.pdf,consolidated-water-co-ltd,CONSOLIDATED WATER CO. LTD.,False,
../downolad_files/data/nasdaq_annual_reports\consolidated-water-co-ltd\NASDAQ_CWCO_2021.pdf,consolidated-water-co-ltd,CONSOLIDATED WATER CO. LTD.,False,
../downolad_files/data/nasdaq_annual_reports\constellation-pharmaceuticals-inc\NASDAQ_CNST_2018.pdf,constellation-pharmaceuticals-inc,"CONSTELLATION PHARMACEUTICALS, INC.",False,
../downolad_files/data/nasdaq_annual_reports\consolidated-water-co-ltd\NASDAQ_CWCO_2018.pdf,consolidated-water-co-ltd,CONSOLIDATED WATER CO. LTD.,False,
../downolad_files/data/nasdaq_annual_reports\construction-partners\NASDAQ_ROAD_2018.pdf,construction-partners,,,
../downolad_files/data/nasdaq_annual_reports\constellation-pharmaceuticals-inc\NASDAQ_CNST_2019.pdf,constellation-pharmaceuticals-inc,"CONSTELLATION PHARMACEUTICALS, INC.",False,
../downolad_files/data/nasdaq_annual_reports\consumer-portfolio-services-inc\NASDAQ_CPSS_2019.pdf,consumer-portfolio-services-inc,"CONSUMER PORTFOLIO SERVICES, INC.",False,
../downolad_files/data/nasdaq_annual_reports\construction-partners\NASDAQ_ROAD_2020.pdf,construction-partners,"CONSTRUCTION PARTNERS, INC.",False,
../downolad_files/data/nasdaq_annual_reports\construction-partners\NASDAQ_ROAD_2021.pdf,construction-partners,"CONSTRUCTION PARTNERS, INC.",False,
../downolad_files/data/nasdaq_annual_reports\consumer-portfolio-services-inc\NASDAQ_CPSS_2018.pdf,consumer-portfolio-services-inc,"CONSUMER PORTFOLIO SERVICES, INC.",False,
../downolad_files/data/nasdaq_annual_reports\construction-partners\NASDAQ_ROAD_2019.pdf,construction-partners,"CONSTRUCTION PARTNERS, INC.",False,
../downolad_files/data/nasdaq_annual_reports\consumer-portfolio-services-inc\NASDAQ_CPSS_2020.pdf,consumer-portfolio-services-inc,"CONSUMER PORTFOLIO SERVICES, INC.",False,
../downolad_files/data/nasdaq_annual_reports\contrafect-corp\NASDAQ_CFRX_2017.pdf,contrafect-corp,ContraFect Corporation,False,
../downolad_files/data/nasdaq_annual_reports\contrafect-corp\NASDAQ_CFRX_2016.pdf,contrafect-corp,ContraFect Corporation,False,
../downolad_files/data/nasdaq_annual_reports\consumer-portfolio-services-inc\NASDAQ_CPSS_2021.pdf,consumer-portfolio-services-inc,"CONSUMER PORTFOLIO SERVICES, INC.",False,
../downolad_files/data/nasdaq_annual_reports\contrafect-corp\NASDAQ_CFRX_2018.pdf,contrafect-corp,ContraFect Corporation,False,
../downolad_files/data/nasdaq_annual_reports\contrafect-corp\NASDAQ_CFRX_2019.pdf,contrafect-corp,ContraFect Corporation,False,
../downolad_files/data/nasdaq_annual_reports\control4-corp\NASDAQ_CTRL_2015.pdf,control4-corp,Control4 Corporation,False,
../downolad_files/data/nasdaq_annual_reports\control4-corp\NASDAQ_CTRL_2016.pdf,control4-corp,Control4 Corporation,False,
../downolad_files/data/nasdaq_annual_reports\copart\NASDAQ_CPRT_2020.pdf,,,,Unexpected EOF
../downolad_files/data/nasdaq_annual_reports\contrafect-corp\NASDAQ_CFRX_2020.pdf,contrafect-corp,ContraFect Corporation,False,
../downolad_files/data/nasdaq_annual_reports\copart\NASDAQ_CPRT_2018.pdf,copart,"COPART, INC.",False,
../downolad_files/data/nasdaq_annual_reports\control4-corp\NASDAQ_CTRL_2017.pdf,control4-corp,Control4 Corporation,False,
../downolad_files/data/nasdaq_annual_reports\control4-corp\NASDAQ_CTRL_2018.pdf,control4-corp,Control4 Corporation,False,
../downolad_files/data/nasdaq_annual_reports\corbus-pharmaceuticals-holdings\NASDAQ_CRBP_2018.pdf,corbus-pharmaceuticals-holdings,"Corbus Pharmaceuticals Holdings, Inc.",False,
../downolad_files/data/nasdaq_annual_reports\corbus-pharmaceuticals-holdings\NASDAQ_CRBP_2016.pdf,corbus-pharmaceuticals-holdings,"Corbus Pharmaceuticals Holdings, Inc.",False,
../downolad_files/data/nasdaq_annual_reports\corbus-pharmaceuticals-holdings\NASDAQ_CRBP_2017.pdf,corbus-pharmaceuticals-holdings,"Corbus Pharmaceuticals Holdings, Inc.",False,
../downolad_files/data/nasdaq_annual_reports\copart\NASDAQ_CPRT_2019.pdf,copart,"COPART, INC.",False,
../downolad_files/data/nasdaq_annual_reports\corbus-pharmaceuticals-holdings\NASDAQ_CRBP_2019.pdf,corbus-pharmaceuticals-holdings,"Corbus Pharmaceuticals Holdings, Inc.",False,
../downolad_files/data/nasdaq_annual_reports\corbus-pharmaceuticals-holdings\NASDAQ_CRBP_2020.pdf,corbus-pharmaceuticals-holdings,"Corbus Pharmaceuticals Holdings, Inc.",False,
../downolad_files/data/nasdaq_annual_reports\corcept-therapeutics\NASDAQ_CORT_2019.pdf,corcept-therapeutics,,,
../downolad_files/data/nasdaq_annual_reports\corcept-therapeutics\NASDAQ_CORT_2018.pdf,corcept-therapeutics,,,
../downolad_files/data/nasdaq_annual_reports\core-mark-holding-company-inc\NASDAQ_CORE_2017_2bb60e0eb2754bb6bf16f4a01eb59009.pdf,core-mark-holding-company-inc,"Core-Mark Holding Company, Inc.",False,
../downolad_files/data/nasdaq_annual_reports\corcept-therapeutics\NASDAQ_CORT_2020.pdf,corcept-therapeutics,,,
../downolad_files/data/nasdaq_annual_reports\corcept-therapeutics\NASDAQ_CORT_2021.pdf,corcept-therapeutics,,,
../downolad_files/data/nasdaq_annual_reports\core-mark-holding-company-inc\NASDAQ_CORE_2019.pdf,core-mark-holding-company-inc,"Core-Mark Holding Company, Inc.",False,
../downolad_files/data/nasdaq_annual_reports\core-mark-holding-company-inc\NASDAQ_CORE_2020.pdf,core-mark-holding-company-inc,"Core-Mark Holding Company, Inc.",False,
../downolad_files/data/nasdaq_annual_reports\core-mark-holding-company-inc\NASDAQ_CORE_2018.pdf,core-mark-holding-company-inc,"Core-Mark Holding Company, Inc.",False,
../downolad_files/data/nasdaq_annual_reports\cornerstone-ondemand-inc\NASDAQ_CSOD_2017.pdf,cornerstone-ondemand-inc,"Cornerstone OnDemand, Inc.",False,
../downolad_files/data/nasdaq_annual_reports\cornerstone-ondemand-inc\NASDAQ_CSOD_2018.pdf,cornerstone-ondemand-inc,"Cornerstone OnDemand, Inc.",False,
../downolad_files/data/nasdaq_annual_reports\cornerstone-ondemand-inc\NASDAQ_CSOD_2019.pdf,cornerstone-ondemand-inc,"Cornerstone OnDemand, Inc.",False,
../downolad_files/data/nasdaq_annual_reports\cornerstone-ondemand-inc\NASDAQ_CSOD_2020.pdf,cornerstone-ondemand-inc,"Cornerstone OnDemand, Inc.",False,
../downolad_files/data/nasdaq_annual_reports\corvel-corporation\NASDAQ_CRVL_2019.pdf,corvel-corporation,CorVel Corporation,False,
../downolad_files/data/nasdaq_annual_reports\corvel-corporation\NASDAQ_CRVL_2020.pdf,corvel-corporation,CorVel Corporation,False,
../downolad_files/data/nasdaq_annual_reports\corvel-corporation\NASDAQ_CRVL_2021.pdf,corvel-corporation,CorVel Corporation,False,
../downolad_files/data/nasdaq_annual_reports\corvel-corporation\NASDAQ_CRVL_2022.pdf,corvel-corporation,CorVel Corporation,False,
../downolad_files/data/nasdaq_annual_reports\corvus-pharmaceuticals-inc\NASDAQ_CRVS_2018.pdf,corvus-pharmaceuticals-inc,"Corvus Pharmaceuticals, Inc.",False,
../downolad_files/data/nasdaq_annual_reports\cortexyme-inc\NASDAQ_CRTX_2019.pdf,cortexyme-inc,"Cortexyme, Inc.",False,
../downolad_files/data/nasdaq_annual_reports\cortexyme-inc\NASDAQ_CRTX_2020.pdf,cortexyme-inc,"Cortexyme, Inc.",False,
../downolad_files/data/nasdaq_annual_reports\costar-group-inc\NASDAQ_CSGP_2019.pdf,costar-group-inc,"CoStar Group, Inc.",False,
../downolad_files/data/nasdaq_annual_reports\costar-group-inc\NASDAQ_CSGP_2018.pdf,costar-group-inc,"CoStar Group, Inc.",False,
../downolad_files/data/nasdaq_annual_reports\corvus-pharmaceuticals-inc\NASDAQ_CRVS_2019.pdf,corvus-pharmaceuticals-inc,"Corvus Pharmaceuticals, Inc.",False,
../downolad_files/data/nasdaq_annual_reports\corvus-pharmaceuticals-inc\NASDAQ_CRVS_2020.pdf,corvus-pharmaceuticals-inc,"Corvus Pharmaceuticals, Inc.",False,
../downolad_files/data/nasdaq_annual_reports\corvus-pharmaceuticals-inc\NASDAQ_CRVS_2021.pdf,corvus-pharmaceuticals-inc,"Corvus Pharmaceuticals, Inc.",False,
../downolad_files/data/nasdaq_annual_reports\costar-group-inc\NASDAQ_CSGP_2021.pdf,costar-group-inc,"CoStar Group, Inc.",False,
../downolad_files/data/nasdaq_annual_reports\costar-group-inc\NASDAQ_CSGP_2020.pdf,costar-group-inc,"CoStar Group, Inc.",False,
../downolad_files/data/nasdaq_annual_reports\costco-wholesale-corporation\NASDAQ_COST_2017.pdf,costco-wholesale-corporation,,,
../downolad_files/data/nasdaq_annual_reports\county-bancorp-inc\NASDAQ_ICBK_2017.pdf,county-bancorp-inc,,,
../downolad_files/data/nasdaq_annual_reports\county-bancorp-inc\NASDAQ_ICBK_2018.pdf,county-bancorp-inc,,,
../downolad_files/data/nasdaq_annual_reports\county-bancorp-inc\NASDAQ_ICBK_2019.pdf,county-bancorp-inc,,,
../downolad_files/data/nasdaq_annual_reports\costco-wholesale-corporation\NASDAQ_COST_2019.pdf,costco-wholesale-corporation,Costco Wholesale Corporation,False,
../downolad_files/data/nasdaq_annual_reports\costco-wholesale-corporation\NASDAQ_COST_2020.pdf,costco-wholesale-corporation,Costco Wholesale Corporation,False,
../downolad_files/data/nasdaq_annual_reports\county-bancorp-inc\NASDAQ_ICBK_2020.pdf,county-bancorp-inc,,,
../downolad_files/data/nasdaq_annual_reports\county-bancorp-inc\NASDAQ_ICBK_2021.pdf,county-bancorp-inc,,,
../downolad_files/data/nasdaq_annual_reports\copart\NASDAQ_CPRT_2021.pdf,copart,"COPART, INC.",False,
../downolad_files/data/nasdaq_annual_reports\costco-wholesale-corporation\NASDAQ_COST_2018.pdf,costco-wholesale-corporation,Costco Wholesale Corporation,False,
../downolad_files/data/nasdaq_annual_reports\covenant-transportation-group-inc\NASDAQ_CVTI_2018.pdf,covenant-transportation-group-inc,,,
../downolad_files/data/nasdaq_annual_reports\coupa-software-incorporated\NASDAQ_COUP_2019.pdf,coupa-software-incorporated,COUPA SOFTWARE INCORPORATED,False,
../downolad_files/data/nasdaq_annual_reports\coupa-software-incorporated\NASDAQ_COUP_2020.pdf,coupa-software-incorporated,COUPA SOFTWARE INCORPORATED,False,
../downolad_files/data/nasdaq_annual_reports\coupa-software-incorporated\NASDAQ_COUP_2021.pdf,coupa-software-incorporated,COUPA SOFTWARE INCORPORATED,False,
../downolad_files/data/nasdaq_annual_reports\covenant-transportation-group-inc\NASDAQ_CVTI_2019.pdf,covenant-transportation-group-inc,,,
../downolad_files/data/nasdaq_annual_reports\covenant-transportation-group-inc\NASDAQ_CVTI_2020.pdf,covenant-transportation-group-inc,,,
../downolad_files/data/nasdaq_annual_reports\coupa-software-incorporated\NASDAQ_COUP_2022.pdf,coupa-software-incorporated,COUPA SOFTWARE INCORPORATED,False,
../downolad_files/data/nasdaq_annual_reports\covenant-transportation-group-inc\NASDAQ_CVTI_2021.pdf,covenant-transportation-group-inc,,,
../downolad_files/data/nasdaq_annual_reports\covetrus-inc\NASDAQ_CVET_2019.pdf,covetrus-inc,"COVETRUS, INC.",False,
../downolad_files/data/nasdaq_annual_reports\cowen-group-inc\NASDAQ_COWN_2019.pdf,cowen-group-inc,Cowen Inc.,False,
../downolad_files/data/nasdaq_annual_reports\cowen-group-inc\NASDAQ_COWN_2020.pdf,cowen-group-inc,,,
../downolad_files/data/nasdaq_annual_reports\covetrus-inc\NASDAQ_CVET_2020.pdf,covetrus-inc,"COVETRUS, INC.",False,
../downolad_files/data/nasdaq_annual_reports\cowen-group-inc\NASDAQ_COWN_2018.pdf,cowen-group-inc,Cowen Inc.,False,
../downolad_files/data/nasdaq_annual_reports\cowen-group-inc\NASDAQ_COWN_2021.pdf,cowen-group-inc,Cowen Inc.,False,
../downolad_files/data/nasdaq_annual_reports\cra-international\NASDAQ_CRAI_2018.pdf,cra-international,"CRA International, Inc.",False,
../downolad_files/data/nasdaq_annual_reports\cra-international\NASDAQ_CRAI_2019.pdf,cra-international,"CRA International, Inc.",False,
../downolad_files/data/nasdaq_annual_reports\cra-international\NASDAQ_CRAI_2020.pdf,cra-international,,,
../downolad_files/data/nasdaq_annual_reports\cra-international\NASDAQ_CRAI_2021.pdf,cra-international,"CRA International, Inc.",False,
../downolad_files/data/nasdaq_annual_reports\cracker-barrel-old-country-store-inc\NASDAQ_CBRL_2017.pdf,cracker-barrel-old-country-store-inc,"Cracker Barrel Old Country Store, Inc.",False,
../downolad_files/data/nasdaq_annual_reports\cracker-barrel-old-country-store-inc\NASDAQ_CBRL_2018.pdf,cracker-barrel-old-country-store-inc,"Cracker Barrel Old Country Store, Inc.",False,
../downolad_files/data/nasdaq_annual_reports\cracker-barrel-old-country-store-inc\NASDAQ_CBRL_2019.pdf,cracker-barrel-old-country-store-inc,"Cracker Barrel Old Country Store, Inc.",False,
../downolad_files/data/nasdaq_annual_reports\craft-brew-alliance-inc\NASDAQ_BREW_2016.pdf,craft-brew-alliance-inc,"CRAFT BREW ALLIANCE, INC.",False,
../downolad_files/data/nasdaq_annual_reports\cracker-barrel-old-country-store-inc\NASDAQ_CBRL_2020.pdf,cracker-barrel-old-country-store-inc,"Cracker Barrel Old Country Store, Inc.",False,
../downolad_files/data/nasdaq_annual_reports\cray\NASDAQ_CRAY_2015.pdf,cray,CRAY INC.,False,
../downolad_files/data/nasdaq_annual_reports\craft-brew-alliance-inc\NASDAQ_BREW_2017.pdf,craft-brew-alliance-inc,"CRAFT BREW ALLIANCE, INC.",False,
../downolad_files/data/nasdaq_annual_reports\craft-brew-alliance-inc\NASDAQ_BREW_2019.pdf,craft-brew-alliance-inc,"CRAFT BREW ALLIANCE, INC.",False,
../downolad_files/data/nasdaq_annual_reports\cray\NASDAQ_CRAY_2016.pdf,cray,CRAY INC.,False,
../downolad_files/data/nasdaq_annual_reports\craft-brew-alliance-inc\NASDAQ_BREW_2018.pdf,craft-brew-alliance-inc,,,
../downolad_files/data/nasdaq_annual_reports\cray\NASDAQ_CRAY_2017.pdf,cray,CRAY INC.,False,
../downolad_files/data/nasdaq_annual_reports\cray\NASDAQ_CRAY_2018.pdf,cray,CRAY INC.,False,
../downolad_files/data/nasdaq_annual_reports\creative-realities-inc\NASDAQ_CREX_2019.pdf,creative-realities-inc,"Creative Realities, Inc.",False,
../downolad_files/data/nasdaq_annual_reports\creative-realities-inc\NASDAQ_CREX_2018.pdf,creative-realities-inc,"CREATIVE REALITIES, INC.",False,
../downolad_files/data/nasdaq_annual_reports\cracker-barrel-old-country-store-inc\NASDAQ_CBRL_2016.pdf,cracker-barrel-old-country-store-inc,"Cracker Barrel Old Country Store, Inc.",False,
../downolad_files/data/nasdaq_annual_reports\crecom-bank\NASDAQ_CARO_2014.pdf,crecom-bank,,,
../downolad_files/data/nasdaq_annual_reports\crecom-bank\NASDAQ_CARO_2013.pdf,crecom-bank,,,
../downolad_files/data/nasdaq_annual_reports\creative-realities-inc\NASDAQ_CREX_2021.pdf,creative-realities-inc,"Creative Realities, Inc.",False,
../downolad_files/data/nasdaq_annual_reports\creative-realities-inc\NASDAQ_CREX_2020.pdf,creative-realities-inc,"Creative Realities, Inc.",False,
../downolad_files/data/nasdaq_annual_reports\crecom-bank\NASDAQ_CARO_2015.pdf,crecom-bank,,,
../downolad_files/data/nasdaq_annual_reports\crecom-bank\NASDAQ_CARO_2017.pdf,crecom-bank,,,
../downolad_files/data/nasdaq_annual_reports\crecom-bank\NASDAQ_CARO_2016.pdf,crecom-bank,,,
../downolad_files/data/nasdaq_annual_reports\credit-accep-corp\NASDAQ_CACC_2016.pdf,credit-accep-corp,CREDIT ACCEPTANCE CORPORATION,False,
../downolad_files/data/nasdaq_annual_reports\credit-accep-corp\NASDAQ_CACC_2017.pdf,credit-accep-corp,CREDIT ACCEPTANCE CORPORATION,False,
../downolad_files/data/nasdaq_annual_reports\credit-accep-corp\NASDAQ_CACC_2018.pdf,credit-accep-corp,,,
../downolad_files/data/nasdaq_annual_reports\credit-accep-corp\NASDAQ_CACC_2019.pdf,credit-accep-corp,,,
../downolad_files/data/nasdaq_annual_reports\credit-accep-corp\NASDAQ_CACC_2020.pdf,credit-accep-corp,,,
../downolad_files/data/nasdaq_annual_reports\cree-inc\NASDAQ_CREE_2020.pdf,cree-inc,"CREE, INC.",False,
../downolad_files/data/nasdaq_annual_reports\cree-inc\NASDAQ_CREE_2018.pdf,cree-inc,"CREE, INC.",False,
../downolad_files/data/nasdaq_annual_reports\cree-inc\NASDAQ_CREE_2019.pdf,cree-inc,"CREE, INC.",False,
../downolad_files/data/nasdaq_annual_reports\cree-inc\NASDAQ_CREE_2021.pdf,cree-inc,"CREE, INC.",False,
../downolad_files/data/nasdaq_annual_reports\crescent-acquisition-corp\NASDAQ_CRSA_2020.pdf,crescent-acquisition-corp,Crescent Acquisition Corp,False,
../downolad_files/data/nasdaq_annual_reports\costco-wholesale-corporation\NASDAQ_COST_2016.pdf,costco-wholesale-corporation,,,
../downolad_files/data/nasdaq_annual_reports\crestwood-equity-partners-lp\NASDAQ_CEQP_2018.pdf,crestwood-equity-partners-lp,,,
../downolad_files/data/nasdaq_annual_reports\crestwood-equity-partners-lp\NASDAQ_CEQP_2019.pdf,crestwood-equity-partners-lp,,,
../downolad_files/data/nasdaq_annual_reports\crescent-capital-bdc-inc\NASDAQ_CCAP_2019.pdf,crescent-capital-bdc-inc,"Crescent Capital BDC, Inc.",False,
../downolad_files/data/nasdaq_annual_reports\crestwood-equity-partners-lp\NASDAQ_CEQP_2020.pdf,crestwood-equity-partners-lp,,,
../downolad_files/data/nasdaq_annual_reports\crescent-capital-bdc-inc\NASDAQ_CCAP_2018.pdf,crescent-capital-bdc-inc,"Crescent Capital BDC, Inc.",False,
../downolad_files/data/nasdaq_annual_reports\crescent-capital-bdc-inc\NASDAQ_CCAP_2020.pdf,crescent-capital-bdc-inc,"Crescent Capital BDC, Inc.",False,
../downolad_files/data/nasdaq_annual_reports\crescent-capital-bdc-inc\NASDAQ_CCAP_2021.pdf,crescent-capital-bdc-inc,"Crescent Capital BDC, Inc.",False,
../downolad_files/data/nasdaq_annual_reports\crispr-therapeutics-ag\NASDAQ_CRSP_2016.pdf,,,,Unexpected EOF
../downolad_files/data/nasdaq_annual_reports\crestwood-equity-partners-lp\NASDAQ_CEQP_2021.pdf,crestwood-equity-partners-lp,,,
../downolad_files/data/nasdaq_annual_reports\crispr-therapeutics-ag\NASDAQ_CRSP_2017.PDF,crispr-therapeutics-ag,CRISPR THERAPEUTICS AG,False,
../downolad_files/data/nasdaq_annual_reports\crispr-therapeutics-ag\NASDAQ_CRSP_2018.pdf,crispr-therapeutics-ag,CRISPR THERAPEUTICS AG,False,
../downolad_files/data/nasdaq_annual_reports\crinetics-pharmaceuticals-inc\NASDAQ_CRNX_2019.pdf,crinetics-pharmaceuticals-inc,"Crinetics Pharmaceuticals, Inc.",False,
../downolad_files/data/nasdaq_annual_reports\crinetics-pharmaceuticals-inc\NASDAQ_CRNX_2018.pdf,crinetics-pharmaceuticals-inc,"Crinetics Pharmaceuticals, Inc.",False,
../downolad_files/data/nasdaq_annual_reports\crinetics-pharmaceuticals-inc\NASDAQ_CRNX_2020.pdf,crinetics-pharmaceuticals-inc,"Crinetics Pharmaceuticals, Inc.",False,
../downolad_files/data/nasdaq_annual_reports\crinetics-pharmaceuticals-inc\NASDAQ_CRNX_2021.pdf,crinetics-pharmaceuticals-inc,"Crinetics Pharmaceuticals, Inc.",False,
../downolad_files/data/nasdaq_annual_reports\criteo\NASDAQ_CRTO_2019.pdf,criteo,Criteo S.A.,False,
../downolad_files/data/nasdaq_annual_reports\crispr-therapeutics-ag\NASDAQ_CRSP_2020.pdf,crispr-therapeutics-ag,CRISPR THERAPEUTICS AG,False,
../downolad_files/data/nasdaq_annual_reports\crocs-inc\NASDAQ_CROX_2018.pdf,crocs-inc,"CROCS, INC.",False,
../downolad_files/data/nasdaq_annual_reports\criteo\NASDAQ_CRTO_2018.pdf,criteo,Criteo S.A.,False,
../downolad_files/data/nasdaq_annual_reports\criteo\NASDAQ_CRTO_2020.pdf,criteo,Criteo S.A.,False,
../downolad_files/data/nasdaq_annual_reports\criteo\NASDAQ_CRTO_2021.pdf,criteo,or organization),True,
../downolad_files/data/nasdaq_annual_reports\crispr-therapeutics-ag\NASDAQ_CRSP_2019.pdf,crispr-therapeutics-ag,,,
../downolad_files/data/nasdaq_annual_reports\crocs-inc\NASDAQ_CROX_2019.pdf,crocs-inc,"CROCS, INC.",False,
../downolad_files/data/nasdaq_annual_reports\crocs-inc\NASDAQ_CROX_2020.pdf,crocs-inc,"CROCS, INC.",False,
../downolad_files/data/nasdaq_annual_reports\crocs-inc\NASDAQ_CROX_2021.pdf,crocs-inc,"CROCS, INC.",False,
../downolad_files/data/nasdaq_annual_reports\cronos-group\NASDAQ_CRON_2018.pdf,cronos-group,,,
../downolad_files/data/nasdaq_annual_reports\cronos-group\NASDAQ_CRON_2019.pdf,cronos-group,,,
../downolad_files/data/nasdaq_annual_reports\cross-country-healthcare\NASDAQ_CCRN_2018.pdf,cross-country-healthcare,"Cross Country Healthcare, Inc.",False,
../downolad_files/data/nasdaq_annual_reports\cross-country-healthcare\NASDAQ_CCRN_2019.pdf,cross-country-healthcare,"Cross Country Healthcare, Inc.",False,
../downolad_files/data/nasdaq_annual_reports\cronos-group\NASDAQ_CRON_2020.pdf,cronos-group,,,
../downolad_files/data/nasdaq_annual_reports\cronos-group\NASDAQ_CRON_2021.pdf,cronos-group,,,
../downolad_files/data/nasdaq_annual_reports\cross-country-healthcare\NASDAQ_CCRN_2020.pdf,cross-country-healthcare,"Cross Country Healthcare, Inc.",False,
../downolad_files/data/nasdaq_annual_reports\cross-country-healthcare\NASDAQ_CCRN_2021.pdf,cross-country-healthcare,"Cross Country Healthcare, Inc.",False,
../downolad_files/data/nasdaq_annual_reports\crown-crafts-inc\NASDAQ_CRWS_2018.pdf,crown-crafts-inc,"Crown Crafts, Inc.",False,
../downolad_files/data/nasdaq_annual_reports\crossfirst-bankshares-inc\NASDAQ_CFB_2019.pdf,crossfirst-bankshares-inc,"CROSSFIRST BANKSHARES, INC.",False,
../downolad_files/data/nasdaq_annual_reports\crossfirst-bankshares-inc\NASDAQ_CFB_2020.pdf,crossfirst-bankshares-inc,"CROSSFIRST BANKSHARES, INC.",False,
../downolad_files/data/nasdaq_annual_reports\crowdstrike-holdings-inc\NASDAQ_CRWD_2020.pdf,crowdstrike-holdings-inc,"CROWDSTRIKE HOLDINGS, INC.",False,
../downolad_files/data/nasdaq_annual_reports\crown-crafts-inc\NASDAQ_CRWS_2019.pdf,crown-crafts-inc,"Crown Crafts, Inc.",False,
../downolad_files/data/nasdaq_annual_reports\crowdstrike-holdings-inc\NASDAQ_CRWD_2019.pdf,crowdstrike-holdings-inc,"CROWDSTRIKE HOLDINGS, INC.",False,
../downolad_files/data/nasdaq_annual_reports\crossfirst-bankshares-inc\NASDAQ_CFB_2021.pdf,crossfirst-bankshares-inc,"CROSSFIRST BANKSHARES, INC.",False,
../downolad_files/data/nasdaq_annual_reports\crown-crafts-inc\NASDAQ_CRWS_2021.pdf,crown-crafts-inc,"Crown Crafts, Inc.",False,
../downolad_files/data/nasdaq_annual_reports\crown-crafts-inc\NASDAQ_CRWS_2020.pdf,crown-crafts-inc,"Crown Crafts, Inc.",False,
../downolad_files/data/nasdaq_annual_reports\cryoport-inc\NASDAQ_CYRX_2018.pdf,cryoport-inc,"CRYOPORT, INC.",False,
../downolad_files/data/nasdaq_annual_reports\cryoport-inc\NASDAQ_CYRX_2019.pdf,cryoport-inc,"CRYOPORT, INC.",False,
../downolad_files/data/nasdaq_annual_reports\csg-systems-international-inc\NASDAQ_CSGS_2018.pdf,csg-systems-international-inc,,,
../downolad_files/data/nasdaq_annual_reports\csg-systems-international-inc\NASDAQ_CSGS_2019.pdf,csg-systems-international-inc,"CSG SYSTEMS INTERNATIONAL, INC.",False,
../downolad_files/data/nasdaq_annual_reports\cryoport-inc\NASDAQ_CYRX_2020.pdf,cryoport-inc,"CRYOPORT, INC.",False,
../downolad_files/data/nasdaq_annual_reports\cryoport-inc\NASDAQ_CYRX_2021.pdf,cryoport-inc,"CRYOPORT, INC.",False,
../downolad_files/data/nasdaq_annual_reports\csg-systems-international-inc\NASDAQ_CSGS_2021.pdf,csg-systems-international-inc,"CSG SYSTEMS INTERNATIONAL, INC.",False,
../downolad_files/data/nasdaq_annual_reports\csg-systems-international-inc\NASDAQ_CSGS_2020.pdf,csg-systems-international-inc,"CSG SYSTEMS INTERNATIONAL, INC.",False,
../downolad_files/data/nasdaq_annual_reports\csp-inc\NASDAQ_CSPI_2019.pdf,csp-inc,CSP Inc.,False,
../downolad_files/data/nasdaq_annual_reports\csp-inc\NASDAQ_CSPI_2018.pdf,csp-inc,CSP Inc.,False,
../downolad_files/data/nasdaq_annual_reports\csi-compressco-lp\NASDAQ_CCLP_2018.pdf,csi-compressco-lp,,,
../downolad_files/data/nasdaq_annual_reports\csi-compressco-lp\NASDAQ_CCLP_2019.pdf,csi-compressco-lp,,,
../downolad_files/data/nasdaq_annual_reports\csp-inc\NASDAQ_CSPI_2021.pdf,csp-inc,CSP Inc.,False,
../downolad_files/data/nasdaq_annual_reports\csp-inc\NASDAQ_CSPI_2020.pdf,csp-inc,CSP Inc.,False,
../downolad_files/data/nasdaq_annual_reports\csi-compressco-lp\NASDAQ_CCLP_2020.pdf,csi-compressco-lp,,,
../downolad_files/data/nasdaq_annual_reports\csi-compressco-lp\NASDAQ_CCLP_2021.pdf,csi-compressco-lp,,,
../downolad_files/data/nasdaq_annual_reports\csx-corp\NASDAQ_CSX_2019.pdf,csx-corp,CSX CORPORATION,False,
../downolad_files/data/nasdaq_annual_reports\csw-industrials-inc\NASDAQ_CSWI_2018.pdf,csw-industrials-inc,"CSW INDUSTRIALS, INC.",False,
../downolad_files/data/nasdaq_annual_reports\csw-industrials-inc\NASDAQ_CSWI_2021.pdf,csw-industrials-inc,"CSW INDUSTRIALS, INC.",False,
../downolad_files/data/nasdaq_annual_reports\csw-industrials-inc\NASDAQ_CSWI_2020.pdf,csw-industrials-inc,"CSW INDUSTRIALS, INC.",False,
../downolad_files/data/nasdaq_annual_reports\csx-corp\NASDAQ_CSX_2020.pdf,csx-corp,"CSW INDUSTRIALS, INC.",True,
../downolad_files/data/nasdaq_annual_reports\cti-biopharma-corp\NASDAQ_CTIC_2018_ac7973c512f74bc1b0f097cf0aef643a.pdf,cti-biopharma-corp,CTI BIOPHARMA CORP.,False,
../downolad_files/data/nasdaq_annual_reports\cti-biopharma-corp\NASDAQ_CTIC_2019.pdf,cti-biopharma-corp,,,
../downolad_files/data/nasdaq_annual_reports\cti-biopharma\NASDAQ_CTIC_2018.pdf,cti-biopharma,CTI BIOPHARMA CORP.,False,
../downolad_files/data/nasdaq_annual_reports\cti-biopharma\NASDAQ_CTIC_2019_6a67e6cabb17462586dbbc1e77c11540.pdf,cti-biopharma,,,
../downolad_files/data/nasdaq_annual_reports\csx-corp\NASDAQ_CSX_2018.pdf,csx-corp,CSX CORPORATION,False,
../downolad_files/data/nasdaq_annual_reports\cti-biopharma-corp\NASDAQ_CTIC_2020_df90843d6573402f81c7c7c7bc2aac40.pdf,cti-biopharma-corp,CTI BIOPHARMA CORP.,False,
../downolad_files/data/nasdaq_annual_reports\cti-biopharma-corp\NASDAQ_CTIC_2021_16cf3f9b75864e89b9d223842cee61fa.pdf,cti-biopharma-corp,CTI BIOPHARMA CORP.,False,
../downolad_files/data/nasdaq_annual_reports\csx-corp\NASDAQ_CSX_2021.pdf,csx-corp,CSX CORPORATION,False,
../downolad_files/data/nasdaq_annual_reports\cti-biopharma\NASDAQ_CTIC_2020.pdf,cti-biopharma,CTI BIOPHARMA CORP.,False,
../downolad_files/data/nasdaq_annual_reports\cue-biopharma-inc\NASDAQ_CUE_2018.pdf,cue-biopharma-inc,"Cue Biopharma, Inc.",False,
../downolad_files/data/nasdaq_annual_reports\cti-biopharma\NASDAQ_CTIC_2021.pdf,cti-biopharma,CTI BIOPHARMA CORP.,False,
../downolad_files/data/nasdaq_annual_reports\cue-biopharma-inc\NASDAQ_CUE_2019.pdf,cue-biopharma-inc,"Cue Biopharma, Inc.",False,
../downolad_files/data/nasdaq_annual_reports\cue-biopharma-inc\NASDAQ_CUE_2020.pdf,cue-biopharma-inc,"Cue Biopharma, Inc.",False,
../downolad_files/data/nasdaq_annual_reports\cumberland-pharmaceuticals\NASDAQ_CPIX_2018.pdf,cumberland-pharmaceuticals,,,
../downolad_files/data/nasdaq_annual_reports\cumberland-pharmaceuticals\NASDAQ_CPIX_2020.pdf,cumberland-pharmaceuticals,,,
../downolad_files/data/nasdaq_annual_reports\cumberland-pharmaceuticals\NASDAQ_CPIX_2019.pdf,cumberland-pharmaceuticals,,,
../downolad_files/data/nasdaq_annual_reports\cumberland-pharmaceuticals\NASDAQ_CPIX_2021.pdf,cumberland-pharmaceuticals,,,
../downolad_files/data/nasdaq_annual_reports\cue-biopharma-inc\NASDAQ_CUE_2021.pdf,cue-biopharma-inc,"Cue Biopharma, Inc.",False,
../downolad_files/data/nasdaq_annual_reports\curis-inc\NASDAQ_CRIS_2019.pdf,curis-inc,"CURIS, INC.",False,
../downolad_files/data/nasdaq_annual_reports\cutera\NASDAQ_CUTR_2016.pdf,cutera,,,
../downolad_files/data/nasdaq_annual_reports\cutera\NASDAQ_CUTR_2015.pdf,cutera,,,
../downolad_files/data/nasdaq_annual_reports\curis-inc\NASDAQ_CRIS_2020.pdf,curis-inc,"CURIS, INC.",False,
../downolad_files/data/nasdaq_annual_reports\cvb-financial-corp\NASDAQ_CVBF_2018.pdf,cvb-financial-corp,,,
../downolad_files/data/nasdaq_annual_reports\cutera\NASDAQ_CUTR_2017.pdf,cutera,,,
../downolad_files/data/nasdaq_annual_reports\cvb-financial-corp\NASDAQ_CVBF_2020.pdf,,,,Unexpected EOF
../downolad_files/data/nasdaq_annual_reports\cvb-financial-corp\NASDAQ_CVBF_2021.pdf,,,,Unexpected EOF
../downolad_files/data/nasdaq_annual_reports\cvb-financial-corp\NASDAQ_CVBF_2019.pdf,cvb-financial-corp,,,
../downolad_files/data/nasdaq_annual_reports\cutera\NASDAQ_CUTR_2018.pdf,cutera,,,
../downolad_files/data/nasdaq_annual_reports\curis-inc\NASDAQ_CRIS_2018.PDF,curis-inc,,,
../downolad_files/data/nasdaq_annual_reports\cyanotech-corporation\NASDAQ_CYAN_2018.pdf,,,,Unexpected EOF
../downolad_files/data/nasdaq_annual_reports\curis-inc\NASDAQ_CRIS_2021.pdf,curis-inc,"CURIS, INC.",False,
../downolad_files/data/nasdaq_annual_reports\cyanotech-corporation\NASDAQ_CYAN_2020.pdf,,,,Unexpected EOF
../downolad_files/data/nasdaq_annual_reports\cyanotech-corporation\NASDAQ_CYAN_2021.pdf,,,,Unexpected EOF
../downolad_files/data/nasdaq_annual_reports\cvd-equipment-corporation\NASDAQ_CVV_2018.pdf,cvd-equipment-corporation,CVD EQUIPMENT CORPORATION,False,
../downolad_files/data/nasdaq_annual_reports\cyanotech-corporation\NASDAQ_CYAN_2019.pdf,cyanotech-corporation,CYANOTECH CORPORATION,False,
../downolad_files/data/nasdaq_annual_reports\cvd-equipment-corporation\NASDAQ_CVV_2019.pdf,cvd-equipment-corporation,CVD EQUIPMENT CORPORATION,False,
../downolad_files/data/nasdaq_annual_reports\cvd-equipment-corporation\NASDAQ_CVV_2020.pdf,cvd-equipment-corporation,CVD EQUIPMENT CORPORATION,False,
../downolad_files/data/nasdaq_annual_reports\cvd-equipment-corporation\NASDAQ_CVV_2021.pdf,cvd-equipment-corporation,CVD EQUIPMENT CORPORATION,False,
../downolad_files/data/nasdaq_annual_reports\cyberark\NASDAQ_CYBR_2019.pdf,cyberark,CYBERARK SOFTWARE LTD.,False,
../downolad_files/data/nasdaq_annual_reports\cyberark\NASDAQ_CYBR_2018.pdf,cyberark,CYBERARK SOFTWARE LTD.,False,
../downolad_files/data/nasdaq_annual_reports\cyberark\NASDAQ_CYBR_2020.pdf,cyberark,CYBERARK SOFTWARE LTD.,False,
../downolad_files/data/nasdaq_annual_reports\cyberoptics-corp\NASDAQ_CYBE_2018.pdf,cyberoptics-corp,CYBEROPTICS CORPORATION,False,
../downolad_files/data/nasdaq_annual_reports\cyberark\NASDAQ_CYBR_2017.pdf,cyberark,CYBERARK SOFTWARE LTD.,False,
../downolad_files/data/nasdaq_annual_reports\cyberark\NASDAQ_CYBR_2016.pdf,cyberark,CYBERARK SOFTWARE LTD.,False,
../downolad_files/data/nasdaq_annual_reports\cyberoptics-corp\NASDAQ_CYBE_2019.pdf,cyberoptics-corp,CYBEROPTICS CORPORATION,False,
../downolad_files/data/nasdaq_annual_reports\cyberoptics-corp\NASDAQ_CYBE_2020.pdf,cyberoptics-corp,CYBEROPTICS CORPORATION,False,
../downolad_files/data/nasdaq_annual_reports\cyberoptics-corp\NASDAQ_CYBE_2021.pdf,cyberoptics-corp,CYBEROPTICS CORPORATION,False,
../downolad_files/data/nasdaq_annual_reports\cyclerion-tyherapeutics-inc\NASDAQ_CYCN_2019.pdf,cyclerion-tyherapeutics-inc,"CYCLERION THERAPEUTICS, INC.",False,
../downolad_files/data/nasdaq_annual_reports\cyclerion-tyherapeutics-inc\NASDAQ_CYCN_2021.pdf,cyclerion-tyherapeutics-inc,"CYCLERION THERAPEUTICS, INC.",False,
../downolad_files/data/nasdaq_annual_reports\cypress-semiconductor-corporation\NASDAQ_CY_2016.pdf,cypress-semiconductor-corporation,,,
../downolad_files/data/nasdaq_annual_reports\cypress-semiconductor-corporation\NASDAQ_CY_2017.pdf,,,,Unexpected EOF
../downolad_files/data/nasdaq_annual_reports\cypress-semiconductor-corporation\NASDAQ_CY_2018.pdf,,,,Unexpected EOF
../downolad_files/data/nasdaq_annual_reports\cyclerion-tyherapeutics-inc\NASDAQ_CYCN_2020.pdf,cyclerion-tyherapeutics-inc,"CYCLERION THERAPEUTICS, INC.",False,
../downolad_files/data/nasdaq_annual_reports\cyren-ltd\NASDAQ_CYRN_2016.pdf,,,,Unexpected EOF
../downolad_files/data/nasdaq_annual_reports\cymabay-therapeutics\NASDAQ_CBAY_2018.pdf,cymabay-therapeutics,"CYMABAY THERAPEUTICS, INC.",False,
../downolad_files/data/nasdaq_annual_reports\cymabay-therapeutics\NASDAQ_CBAY_2019.pdf,cymabay-therapeutics,"CYMABAY THERAPEUTICS, INC.",False,
../downolad_files/data/nasdaq_annual_reports\cymabay-therapeutics\NASDAQ_CBAY_2020.pdf,cymabay-therapeutics,"CYMABAY THERAPEUTICS, INC.",False,
../downolad_files/data/nasdaq_annual_reports\cyren-ltd\NASDAQ_CYRN_2017.pdf,cyren-ltd,,,
../downolad_files/data/nasdaq_annual_reports\cyrusone-inc\NASDAQ_CONE_2017.pdf,cyrusone-inc,,,
../downolad_files/data/nasdaq_annual_reports\cyrusone-inc\NASDAQ_CONE_2018.pdf,,,,Unexpected EOF
../downolad_files/data/nasdaq_annual_reports\cyren-ltd\NASDAQ_CYRN_2018.pdf,cyren-ltd,CYREN LTD.,False,
../downolad_files/data/nasdaq_annual_reports\cyrusone-inc\NASDAQ_CONE_2019.pdf,,,,Unexpected EOF
../downolad_files/data/nasdaq_annual_reports\cyrusone-inc\NASDAQ_CONE_2020.pdf,cyrusone-inc,,,
../downolad_files/data/nasdaq_annual_reports\cytokinetics\NASDAQ_CYTK_2019.pdf,,,,Unexpected EOF
../downolad_files/data/nasdaq_annual_reports\cyren-ltd\NASDAQ_CYRN_2020.pdf,cyren-ltd,CYREN LTD.,False,
../downolad_files/data/nasdaq_annual_reports\cytokinetics\NASDAQ_CYTK_2021.pdf,cytokinetics,,,
../downolad_files/data/nasdaq_annual_reports\cytomx-therapeutics-inc\NASDAQ_CTMX_2018.pdf,,,,Unexpected EOF
../downolad_files/data/nasdaq_annual_reports\cymabay-therapeutics\NASDAQ_CBAY_2021.pdf,cymabay-therapeutics,"CYMABAY THERAPEUTICS, INC.",False,
../downolad_files/data/nasdaq_annual_reports\cytomx-therapeutics-inc\NASDAQ_CTMX_2020.pdf,,,,Unexpected EOF
../downolad_files/data/nasdaq_annual_reports\cytomx-therapeutics-inc\NASDAQ_CTMX_2021.pdf,,,,Unexpected EOF
../downolad_files/data/nasdaq_annual_reports\cytori-therapeutics\NASDAQ_CYTX_2015.pdf,cytori-therapeutics,"CYTORI THERAPEUTICS, INC.",False,
../downolad_files/data/nasdaq_annual_reports\cypress-semiconductor-corporation\NASDAQ_CY_2019.pdf,cypress-semiconductor-corporation,Cypress Semiconductor Corporation,False,
../downolad_files/data/nasdaq_annual_reports\cytori-therapeutics\NASDAQ_CYTX_2016.pdf,,,,Unexpected EOF
../downolad_files/data/nasdaq_annual_reports\cytori-therapeutics\NASDAQ_CYTX_2017.pdf,,,,Unexpected EOF
../downolad_files/data/nasdaq_annual_reports\cytokinetics\NASDAQ_CYTK_2018.PDF,cytokinetics,"CYTOKINETICS, INCORPORATED",False,
../downolad_files/data/nasdaq_annual_reports\cytokinetics\NASDAQ_CYTK_2020.pdf,cytokinetics,"CYTOKINETICS, INCORPORATED",False,
../downolad_files/data/nasdaq_annual_reports\cytosorbents-corp\NASDAQ_CTSO_2018.pdf,,,,Unexpected EOF
../downolad_files/data/nasdaq_annual_reports\cyren-ltd\NASDAQ_CYRN_2019.pdf,cyren-ltd,CYREN LTD.,False,
../downolad_files/data/nasdaq_annual_reports\cytosorbents-corp\NASDAQ_CTSO_2021.pdf,,,,Unexpected EOF
../downolad_files/data/nasdaq_annual_reports\cytori-therapeutics\NASDAQ_CYTX_2018.pdf,cytori-therapeutics,"CYTORI THERAPEUTICS, INC.",False,
../downolad_files/data/nasdaq_annual_reports\cytomx-therapeutics-inc\NASDAQ_CTMX_2019.pdf,cytomx-therapeutics-inc,"CytomX Therapeutics, Inc.",False,
../downolad_files/data/nasdaq_annual_reports\cytrx-corporation\NASDAQ_CYTR_2020.pdf,,,,Unexpected EOF
../downolad_files/data/nasdaq_annual_reports\cytrx-corporation\NASDAQ_CYTR_2021.pdf,,,,Unexpected EOF
../downolad_files/data/nasdaq_annual_reports\daktronics-inc\NASDAQ_DAKT_2018.PDF,,,,Unexpected EOF
../downolad_files/data/nasdaq_annual_reports\daktronics-inc\NASDAQ_DAKT_2019.pdf,,,,Unexpected EOF
../downolad_files/data/nasdaq_annual_reports\daktronics-inc\NASDAQ_DAKT_2020.pdf,,,,Unexpected EOF
../downolad_files/data/nasdaq_annual_reports\daktronics-inc\NASDAQ_DAKT_2021.pdf,,,,Unexpected EOF
../downolad_files/data/nasdaq_annual_reports\dare-bioscience-inc\NASDAQ_DARE_2018.pdf,,,,Unexpected EOF
../downolad_files/data/nasdaq_annual_reports\dare-bioscience-inc\NASDAQ_DARE_2019.pdf,,,,Unexpected EOF
../downolad_files/data/nasdaq_annual_reports\dare-bioscience-inc\NASDAQ_DARE_2020.pdf,,,,Unexpected EOF
../downolad_files/data/nasdaq_annual_reports\dare-bioscience-inc\NASDAQ_DARE_2021.pdf,,,,Unexpected EOF
../downolad_files/data/nasdaq_annual_reports\cytosorbents-corp\NASDAQ_CTSO_2019.pdf,cytosorbents-corp,CYTOSORBENTS CORPORATION,False,
../downolad_files/data/nasdaq_annual_reports\cytrx-corporation\NASDAQ_CYTR_2018.pdf,cytrx-corporation,CytRx Corporation,False,
../downolad_files/data/nasdaq_annual_reports\cytosorbents-corp\NASDAQ_CTSO_2020.pdf,cytosorbents-corp,CYTOSORBENTS CORPORATION,False,
../downolad_files/data/nasdaq_annual_reports\cytosorbents-corp\NASDAQ_CTSO_2017.pdf,cytosorbents-corp,CYTOSORBENTS CORPORATION,False,
../downolad_files/data/nasdaq_annual_reports\cytrx-corporation\NASDAQ_CYTR_2019.pdf,cytrx-corporation,CytRx Corporation,False,
../downolad_files/data/nasdaq_annual_reports\darioHealth-corp\NASDAQ_DRIO_2016.pdf,darioHealth-corp,DARIOHEALTH CORP.,False,
../downolad_files/data/nasdaq_annual_reports\dasan-zhone-solutions-inc\NASDAQ_DZSI_2018.pdf,dasan-zhone-solutions-inc,"DASAN ZHONE SOLUTIONS, INC.",False,
../downolad_files/data/nasdaq_annual_reports\darioHealth-corp\NASDAQ_DRIO_2017.pdf,darioHealth-corp,DARIOHEALTH CORP.,False,
../downolad_files/data/nasdaq_annual_reports\darioHealth-corp\NASDAQ_DRIO_2018.pdf,darioHealth-corp,DARIOHEALTH CORP.,False,
../downolad_files/data/nasdaq_annual_reports\darioHealth-corp\NASDAQ_DRIO_2020.pdf,darioHealth-corp,DARIOHEALTH CORP.,False,
../downolad_files/data/nasdaq_annual_reports\dasan-zhone-solutions-inc\NASDAQ_DZSI_2021.pdf,dasan-zhone-solutions-inc,DZS INC.,True,
../downolad_files/data/nasdaq_annual_reports\darioHealth-corp\NASDAQ_DRIO_2019.pdf,darioHealth-corp,DARIOHEALTH CORP.,False,
../downolad_files/data/nasdaq_annual_reports\dasan-zhone-solutions-inc\NASDAQ_DZSI_2020.pdf,dasan-zhone-solutions-inc,DZS INC.,True,
../downolad_files/data/nasdaq_annual_reports\dasan-zhone-solutions-inc\NASDAQ_DZSI_2019.pdf,dasan-zhone-solutions-inc,"DASAN ZHONE SOLUTIONS, INC.",False,
../downolad_files/data/nasdaq_annual_reports\daseke-inc\NASDAQ_DSKE_2020.pdf,daseke-inc,,,
../downolad_files/data/nasdaq_annual_reports\daseke-inc\NASDAQ_DSKE_2018.pdf,daseke-inc,,,
../downolad_files/data/nasdaq_annual_reports\daseke-inc\NASDAQ_DSKE_2019.pdf,daseke-inc,"DASEKE, INC.",False,
../downolad_files/data/nasdaq_annual_reports\dassault-systemes\NASDAQ_DASTY_2018.pdf,dassault-systemes,,,
../downolad_files/data/nasdaq_annual_reports\dassault-systemes\NASDAQ_DASTY_2017.pdf,dassault-systemes,,,
../downolad_files/data/nasdaq_annual_reports\daseke-inc\NASDAQ_DSKE_2021.pdf,daseke-inc,"DASEKE, INC.",False,
../downolad_files/data/nasdaq_annual_reports\dassault-systemes\NASDAQ_DASTY_2020.pdf,dassault-systemes,,,
../downolad_files/data/nasdaq_annual_reports\data-io-corp\NASDAQ_DAIO_2019.pdf,data-io-corp,,,
../downolad_files/data/nasdaq_annual_reports\data-io-corp\NASDAQ_DAIO_2020.pdf,data-io-corp,DATA I/O CORPORATION,False,
../downolad_files/data/nasdaq_annual_reports\data-io-corp\NASDAQ_DAIO_2021.pdf,data-io-corp,DATA I/O CORPORATION,False,
../downolad_files/data/nasdaq_annual_reports\data-io-corp\NASDAQ_DAIO_2018.pdf,data-io-corp,,,
../downolad_files/data/nasdaq_annual_reports\dassault-systemes\NASDAQ_DASTY_2021.pdf,dassault-systemes,,,
../downolad_files/data/nasdaq_annual_reports\datadog-inc\NASDAQ_DDOG_2019.pdf,datadog-inc,,,
../downolad_files/data/nasdaq_annual_reports\datadog-inc\NASDAQ_DDOG_2020.pdf,datadog-inc,,,
../downolad_files/data/nasdaq_annual_reports\datadog-inc\NASDAQ_DDOG_2021.pdf,datadog-inc,,,
../downolad_files/data/nasdaq_annual_reports\datasea-inc\NASDAQ_DTSS_2018.pdf,datasea-inc,DATASEA INC.,False,
../downolad_files/data/nasdaq_annual_reports\dave-busters-entertainment-inc\NASDAQ_PLAY_2018.pdf,dave-busters-entertainment-inc,"Dave & Buster’s Entertainment, Inc.",False,
../downolad_files/data/nasdaq_annual_reports\datasea-inc\NASDAQ_DTSS_2019.pdf,datasea-inc,DATASEA INC.,False,
../downolad_files/data/nasdaq_annual_reports\datasea-inc\NASDAQ_DTSS_2020.pdf,datasea-inc,DATASEA INC.,False,
../downolad_files/data/nasdaq_annual_reports\dave-busters-entertainment-inc\NASDAQ_PLAY_2019.pdf,dave-busters-entertainment-inc,"Dave & Buster’s Entertainment, Inc.",False,
../downolad_files/data/nasdaq_annual_reports\datasea-inc\NASDAQ_DTSS_2021.pdf,datasea-inc,DATASEA INC.,False,
../downolad_files/data/nasdaq_annual_reports\dave-busters-entertainment-inc\NASDAQ_PLAY_2020.pdf,dave-busters-entertainment-inc,"Dave & Buster’s Entertainment, Inc.",False,
../downolad_files/data/nasdaq_annual_reports\dave-busters-entertainment-inc\NASDAQ_PLAY_2021.pdf,dave-busters-entertainment-inc,"Dave & Buster’s Entertainment, Inc.",False,
../downolad_files/data/nasdaq_annual_reports\davidstea-inc\NASDAQ_DTEA_2015.pdf,davidstea-inc,DAVIDsTEA Inc.,False,
../downolad_files/data/nasdaq_annual_reports\davidstea-inc\NASDAQ_DTEA_2018.pdf,davidstea-inc,DAVIDsTEA Inc.,False,
../downolad_files/data/nasdaq_annual_reports\davidstea-inc\NASDAQ_DTEA_2016.pdf,davidstea-inc,DAVIDsTEA Inc.,False,
../downolad_files/data/nasdaq_annual_reports\davidstea-inc\NASDAQ_DTEA_2017.pdf,davidstea-inc,DAVIDsTEA Inc.,False,
../downolad_files/data/nasdaq_annual_reports\davidstea-inc\NASDAQ_DTEA_2019.pdf,davidstea-inc,DAVIDsTEA Inc.,False,
../downolad_files/data/nasdaq_annual_reports\dassault-systemes\NASDAQ_DASTY_2019.pdf,dassault-systemes,,,
../downolad_files/data/nasdaq_annual_reports\dawson-geophysical-co\NASDAQ_DWSN_2018.pdf,dawson-geophysical-co,DAWSON GEOPHYSICAL COMPANY,False,
../downolad_files/data/nasdaq_annual_reports\dawson-geophysical-co\NASDAQ_DWSN_2019.pdf,dawson-geophysical-co,DAWSON GEOPHYSICAL COMPANY,False,
../downolad_files/data/nasdaq_annual_reports\deciphera-pharmaceuticals-inc\NASDAQ_DCPH_2018.pdf,deciphera-pharmaceuticals-inc,"Deciphera Pharmaceuticals, Inc.",False,
../downolad_files/data/nasdaq_annual_reports\dawson-geophysical-co\NASDAQ_DWSN_2020.pdf,dawson-geophysical-co,DAWSON GEOPHYSICAL COMPANY,False,
../downolad_files/data/nasdaq_annual_reports\dawson-geophysical-co\NASDAQ_DWSN_2021.pdf,dawson-geophysical-co,DAWSON GEOPHYSICAL COMPANY,False,
../downolad_files/data/nasdaq_annual_reports\deckers-outdoor-corp\NASDAQ_DECK_2019.pdf,deckers-outdoor-corp,DECKERS OUTDOOR CORPORATION,False,
../downolad_files/data/nasdaq_annual_reports\deckers-outdoor-corp\NASDAQ_DECK_2020.pdf,deckers-outdoor-corp,DECKERS OUTDOOR CORPORATION,False,
../downolad_files/data/nasdaq_annual_reports\deckers-outdoor-corp\NASDAQ_DECK_2018.pdf,deckers-outdoor-corp,DECKERS OUTDOOR CORPORATION,False,
../downolad_files/data/nasdaq_annual_reports\deciphera-pharmaceuticals-inc\NASDAQ_DCPH_2019.pdf,deciphera-pharmaceuticals-inc,"DECIPHERA PHARMACEUTICALS, INC.",False,
../downolad_files/data/nasdaq_annual_reports\del-friscos-restaurant-group-inc\NASDAQ_DFRG_2015.pdf,del-friscos-restaurant-group-inc,"Del Frisco’s Restaurant Group, Inc.",False,
../downolad_files/data/nasdaq_annual_reports\deciphera-pharmaceuticals-inc\NASDAQ_DCPH_2020.pdf,deciphera-pharmaceuticals-inc,"DECIPHERA PHARMACEUTICALS, INC.",False,
../downolad_files/data/nasdaq_annual_reports\deckers-outdoor-corp\NASDAQ_DECK_2021.pdf,deckers-outdoor-corp,,,
../downolad_files/data/nasdaq_annual_reports\deciphera-pharmaceuticals-inc\NASDAQ_DCPH_2021.pdf,deciphera-pharmaceuticals-inc,"DECIPHERA PHARMACEUTICALS, INC.",False,
../downolad_files/data/nasdaq_annual_reports\del-friscos-restaurant-group-inc\NASDAQ_DFRG_2017.pdf,del-friscos-restaurant-group-inc,"Del Frisco’s Restaurant Group, Inc.",False,
../downolad_files/data/nasdaq_annual_reports\del-taco-restaurants-inc\NASDAQ_TACO_2017.PDF,del-taco-restaurants-inc,"DEL TACO RESTAURANTS, INC.",False,
../downolad_files/data/nasdaq_annual_reports\del-friscos-restaurant-group-inc\NASDAQ_DFRG_2016.pdf,del-friscos-restaurant-group-inc,"Del Frisco’s Restaurant Group, Inc.",False,
../downolad_files/data/nasdaq_annual_reports\del-taco-restaurants-inc\NASDAQ_TACO_2018.pdf,del-taco-restaurants-inc,"DEL TACO RESTAURANTS, INC.",False,
../downolad_files/data/nasdaq_annual_reports\del-taco-restaurants-inc\NASDAQ_TACO_2019.pdf,del-taco-restaurants-inc,,,
../downolad_files/data/nasdaq_annual_reports\del-friscos-restaurant-group-inc\NASDAQ_DFRG_2018.pdf,del-friscos-restaurant-group-inc,"Del Frisco’s Restaurant Group, Inc.",False,
../downolad_files/data/nasdaq_annual_reports\dennys-corporation\NASDAQ_DENN_2016.pdf,dennys-corporation,,,
../downolad_files/data/nasdaq_annual_reports\del-taco-restaurants-inc\NASDAQ_TACO_2020.pdf,del-taco-restaurants-inc,"DEL TACO RESTAURANTS, INC.",False,
../downolad_files/data/nasdaq_annual_reports\delcath-systems-inc\NASDAQ_DCTH_2021.pdf,delcath-systems-inc,,,
../downolad_files/data/nasdaq_annual_reports\dennys-corporation\NASDAQ_DENN_2017.pdf,dennys-corporation,DENNY'S CORPORATION,False,
../downolad_files/data/nasdaq_annual_reports\dennys-corporation\NASDAQ_DENN_2018.pdf,dennys-corporation,DENNY’S CORPORATION,False,
../downolad_files/data/nasdaq_annual_reports\dentsply-sirona-inc\NASDAQ_XRAY_2018.pdf,,,,unpack requires a buffer of 12 bytes
../downolad_files/data/nasdaq_annual_reports\delcath-systems-inc\NASDAQ_DCTH_2018.pdf,delcath-systems-inc,,,
../downolad_files/data/nasdaq_annual_reports\delcath-systems-inc\NASDAQ_DCTH_2020.pdf,delcath-systems-inc,,,
../downolad_files/data/nasdaq_annual_reports\delcath-systems-inc\NASDAQ_DCTH_2019.pdf,delcath-systems-inc,,,
../downolad_files/data/nasdaq_annual_reports\dentsply-sirona-inc\NASDAQ_XRAY_2019.pdf,dentsply-sirona-inc,DENTSPLY SIRONA Inc.,False,
../downolad_files/data/nasdaq_annual_reports\dennys-corporation\NASDAQ_DENN_2019.pdf,dennys-corporation,DE(cid:1)(cid:1)Y’S CORPORATIO(cid:1),True,
../downolad_files/data/nasdaq_annual_reports\dentsply-sirona-inc\NASDAQ_XRAY_2020.pdf,dentsply-sirona-inc,DENTSPLY SIRONA Inc.,False,
../downolad_files/data/nasdaq_annual_reports\dennys-corporation\NASDAQ_DENN_2020.pdf,dennys-corporation,DENNY’S CORPORATION,False,
../downolad_files/data/nasdaq_annual_reports\dermtech-inc\NASDAQ_DMTK_2020.pdf,dermtech-inc,"DERMTECH, INC.",False,
../downolad_files/data/nasdaq_annual_reports\descartes-systems-group-inc\NASDAQ_DSGX_2016.pdf,descartes-systems-group-inc,,,
../downolad_files/data/nasdaq_annual_reports\descartes-systems-group-inc\NASDAQ_DSGX_2017.pdf,descartes-systems-group-inc,,,
../downolad_files/data/nasdaq_annual_reports\dermtech-inc\NASDAQ_DMTK_2019.pdf,dermtech-inc,"DERMTECH, INC.",False,
../downolad_files/data/nasdaq_annual_reports\descartes-systems-group-inc\NASDAQ_DSGX_2018.pdf,descartes-systems-group-inc,,,
../downolad_files/data/nasdaq_annual_reports\descartes-systems-group-inc\NASDAQ_DSGX_2019.pdf,descartes-systems-group-inc,,,
../downolad_files/data/nasdaq_annual_reports\dermtech-inc\NASDAQ_DMTK_2021.pdf,dermtech-inc,"DERMTECH, INC.",False,
../downolad_files/data/nasdaq_annual_reports\descartes-systems-group-inc\NASDAQ_DSGX_2020.pdf,descartes-systems-group-inc,,,
../downolad_files/data/nasdaq_annual_reports\destination-maternity-corporation\NASDAQ_DEST_2017.pdf,destination-maternity-corporation,Destination Maternity Corporation,False,
../downolad_files/data/nasdaq_annual_reports\destination-maternity-corporation\NASDAQ_DEST_2018.pdf,destination-maternity-corporation,Destination Maternity Corporation,False,
../downolad_files/data/nasdaq_annual_reports\destination-maternity-corporation\NASDAQ_DEST_2016.pdf,destination-maternity-corporation,Destination Maternity Corporation,False,
../downolad_files/data/nasdaq_annual_reports\destination-xl-group-inc\NASDAQ_DXLG_2019.pdf,destination-xl-group-inc,,,
../downolad_files/data/nasdaq_annual_reports\dentsply-sirona-inc\NASDAQ_XRAY_2021.pdf,dentsply-sirona-inc,DENTSPLY SIRONA Inc.,False,
../downolad_files/data/nasdaq_annual_reports\destination-xl-group-inc\NASDAQ_DXLG_2018.pdf,destination-xl-group-inc,,,
../downolad_files/data/nasdaq_annual_reports\destination-maternity-corporation\NASDAQ_DEST_2019.pdf,destination-maternity-corporation,Destination Maternity Corporation,False,
../downolad_files/data/nasdaq_annual_reports\destination-xl-group-inc\NASDAQ_DXLG_2021.pdf,destination-xl-group-inc,"DESTINATION XL GROUP, INC.",False,
../downolad_files/data/nasdaq_annual_reports\destination-xl-group-inc\NASDAQ_DXLG_2020.pdf,destination-xl-group-inc,,,
../downolad_files/data/nasdaq_annual_reports\dexcom-inc\NASDAQ_DXCM_2018.pdf,dexcom-inc,"DEXCOM, INC.",False,
../downolad_files/data/nasdaq_annual_reports\dexcom-inc\NASDAQ_DXCM_2019.pdf,dexcom-inc,"DEXCOM, INC.",False,
../downolad_files/data/nasdaq_annual_reports\dexcom-inc\NASDAQ_DXCM_2020.pdf,dexcom-inc,"DEXCOM, INC.",False,
../downolad_files/data/nasdaq_annual_reports\dexcom-inc\NASDAQ_DXCM_2021.pdf,dexcom-inc,"DEXCOM, INC.",False,
../downolad_files/data/nasdaq_annual_reports\dhl-holdings-corp\NASDAQ_DLHC_2016.pdf,dhl-holdings-corp,DLH HOLDINGS CORP.,True,
../downolad_files/data/nasdaq_annual_reports\dhl-holdings-corp\NASDAQ_DLHC_2017.pdf,dhl-holdings-corp,DLH HOLDINGS CORP.,True,
../downolad_files/data/nasdaq_annual_reports\dhl-holdings-corp\NASDAQ_DLHC_2019.pdf,dhl-holdings-corp,DLH HOLDINGS CORP.,True,
../downolad_files/data/nasdaq_annual_reports\dhl-holdings-corp\NASDAQ_DLHC_2020.pdf,dhl-holdings-corp,DLH HOLDINGS CORP.,True,
../downolad_files/data/nasdaq_annual_reports\dialog-semiconductor\NASDAQ_DLGS_2016.pdf,dialog-semiconductor,,,
../downolad_files/data/nasdaq_annual_reports\dialog-semiconductor\NASDAQ_DLGS_2018.pdf,dialog-semiconductor,,,
../downolad_files/data/nasdaq_annual_reports\dhl-holdings-corp\NASDAQ_DLHC_2018.pdf,dhl-holdings-corp,DLH HOLDINGS CORP.,True,
../downolad_files/data/nasdaq_annual_reports\dialog-semiconductor\NASDAQ_DLGS_2017.pdf,dialog-semiconductor,,,
../downolad_files/data/nasdaq_annual_reports\dialog-semiconductor\NASDAQ_DLGS_2020.pdf,dialog-semiconductor,,,
../downolad_files/data/nasdaq_annual_reports\diamedica-therapeutics-inc\NASDAQ_DMAC_2019.pdf,diamedica-therapeutics-inc,,,
../downolad_files/data/nasdaq_annual_reports\diamedica-therapeutics-inc\NASDAQ_DMAC_2018.pdf,diamedica-therapeutics-inc,,,
../downolad_files/data/nasdaq_annual_reports\diamedica-therapeutics-inc\NASDAQ_DMAC_2020.pdf,diamedica-therapeutics-inc,,,
../downolad_files/data/nasdaq_annual_reports\diamedica-therapeutics-inc\NASDAQ_DMAC_2021.pdf,diamedica-therapeutics-inc,,,
../downolad_files/data/nasdaq_annual_reports\diamond-hill-investment-group-inc\NASDAQ_DHIL_2019.pdf,diamond-hill-investment-group-inc,,,
../downolad_files/data/nasdaq_annual_reports\diamond-hill-investment-group-inc\NASDAQ_DHIL_2021.pdf,diamond-hill-investment-group-inc,,,
../downolad_files/data/nasdaq_annual_reports\diamond-hill-investment-group-inc\NASDAQ_DHIL_2020.pdf,diamond-hill-investment-group-inc,,,
../downolad_files/data/nasdaq_annual_reports\diamond-hill-investment-group-inc\NASDAQ_DHIL_2018.pdf,diamond-hill-investment-group-inc,,,
../downolad_files/data/nasdaq_annual_reports\dialog-semiconductor\NASDAQ_DLGS_2019.pdf,dialog-semiconductor,,,
../downolad_files/data/nasdaq_annual_reports\diamondback-energy-inc\NASDAQ_FANG_2016.pdf,diamondback-energy-inc,"Diamondback Energy, Inc.",False,
../downolad_files/data/nasdaq_annual_reports\diamondback-energy-inc\NASDAQ_FANG_2019.pdf,diamondback-energy-inc,"Diamondback Energy, Inc.",False,
../downolad_files/data/nasdaq_annual_reports\diamondback-energy-inc\NASDAQ_FANG_2020.pdf,diamondback-energy-inc,"Diamondback Energy, Inc.",False,
../downolad_files/data/nasdaq_annual_reports\diamondback-energy-inc\NASDAQ_FANG_2017.pdf,diamondback-energy-inc,"Diamondback Energy, Inc.",False,
../downolad_files/data/nasdaq_annual_reports\diamondback-energy-inc\NASDAQ_FANG_2018.pdf,diamondback-energy-inc,"Diamondback Energy, Inc.",False,
../downolad_files/data/nasdaq_annual_reports\dicerna-pharmaceuticals-inc\NASDAQ_DRNA_2017.pdf,dicerna-pharmaceuticals-inc,"DICERNA PHARMACEUTICALS, INC.",False,
../downolad_files/data/nasdaq_annual_reports\dicerna-pharmaceuticals-inc\NASDAQ_DRNA_2018.pdf,dicerna-pharmaceuticals-inc,"DICERNA PHARMACEUTICALS, INC.",False,
../downolad_files/data/nasdaq_annual_reports\dicerna-pharmaceuticals-inc\NASDAQ_DRNA_2019.pdf,dicerna-pharmaceuticals-inc,"DICERNA PHARMACEUTICALS, INC.",False,
../downolad_files/data/nasdaq_annual_reports\dicerna-pharmaceuticals-inc\NASDAQ_DRNA_2020.pdf,dicerna-pharmaceuticals-inc,"DICERNA PHARMACEUTICALS, INC.",False,
../downolad_files/data/nasdaq_annual_reports\digi-international-inc\NASDAQ_DGII_2016.pdf,digi-international-inc,DIGI INTERNATIONAL INC.,False,
../downolad_files/data/nasdaq_annual_reports\digimarc-corporation\NASDAQ_DMRC_2018.pdf,digimarc-corporation,DIGIMARC CORPORATION,False,
../downolad_files/data/nasdaq_annual_reports\digi-international-inc\NASDAQ_DGII_2017.pdf,digi-international-inc,DIGI INTERNATIONAL INC.,False,
../downolad_files/data/nasdaq_annual_reports\digimarc-corporation\NASDAQ_DMRC_2019.pdf,digimarc-corporation,DIGIMARC CORPORATION,False,
../downolad_files/data/nasdaq_annual_reports\digi-international-inc\NASDAQ_DGII_2018.pdf,digi-international-inc,DIGI INTERNATIONAL INC.,False,
../downolad_files/data/nasdaq_annual_reports\digi-international-inc\NASDAQ_DGII_2020.pdf,digi-international-inc,DIGI INTERNATIONAL INC.,False,
../downolad_files/data/nasdaq_annual_reports\digimarc-corporation\NASDAQ_DMRC_2020.pdf,digimarc-corporation,DIGIMARC CORPORATION,False,
../downolad_files/data/nasdaq_annual_reports\digimarc-corporation\NASDAQ_DMRC_2021.pdf,digimarc-corporation,DIGIMARC CORPORATION,False,
../downolad_files/data/nasdaq_annual_reports\digirad-corporation\NASDAQ_DRAD_2016.pdf,digirad-corporation,Digirad Corporation,False,
../downolad_files/data/nasdaq_annual_reports\digi-international-inc\NASDAQ_DGII_2019.pdf,digi-international-inc,DIGI INTERNATIONAL INC.,False,
../downolad_files/data/nasdaq_annual_reports\digital-ally-inc\NASDAQ_DGLY_2018.pdf,digital-ally-inc,"Digital Ally, Inc.",False,
../downolad_files/data/nasdaq_annual_reports\digirad-corporation\NASDAQ_DRAD_2017.PDF,digirad-corporation,Digirad Corporation,False,
../downolad_files/data/nasdaq_annual_reports\digirad-corporation\NASDAQ_DRAD_2018.pdf,digirad-corporation,Digirad Corporation,False,
../downolad_files/data/nasdaq_annual_reports\digirad-corporation\NASDAQ_DRAD_2019.pdf,digirad-corporation,Digirad Corporation,False,
../downolad_files/data/nasdaq_annual_reports\digital-ally-inc\NASDAQ_DGLY_2020.pdf,digital-ally-inc,"Digital Ally, Inc.",False,
../downolad_files/data/nasdaq_annual_reports\digital-ally-inc\NASDAQ_DGLY_2021.pdf,digital-ally-inc,"DIGITAL ALLY, INC.",False,
../downolad_files/data/nasdaq_annual_reports\digital-ally-inc\NASDAQ_DGLY_2019.pdf,digital-ally-inc,"Digital Ally, Inc.",False,
../downolad_files/data/nasdaq_annual_reports\dime-community-bancshares-inc\NASDAQ_DCOM_2018.pdf,dime-community-bancshares-inc,"Dime Community Bancshares, Inc.",False,
../downolad_files/data/nasdaq_annual_reports\dime-community-bancshares-inc\NASDAQ_DCOM_2019.pdf,dime-community-bancshares-inc,"Dime Community Bancshares, Inc.",False,
../downolad_files/data/nasdaq_annual_reports\digital-turbine-inc\NASDAQ_APPS_2019.pdf,digital-turbine-inc,"DIGITAL TURBINE, INC.",False,
../downolad_files/data/nasdaq_annual_reports\digital-turbine-inc\NASDAQ_APPS_2020.pdf,digital-turbine-inc,"DIGITAL TURBINE, INC.",False,
../downolad_files/data/nasdaq_annual_reports\digital-turbine-inc\NASDAQ_APPS_2021.pdf,digital-turbine-inc,"DIGITAL TURBINE, INC.",False,
../downolad_files/data/nasdaq_annual_reports\digital-turbine-inc\NASDAQ_APPS_2022.pdf,digital-turbine-inc,"DIGITAL TURBINE, INC.",False,
../downolad_files/data/nasdaq_annual_reports\dime-community-bancshares-inc\NASDAQ_DCOM_2020.pdf,dime-community-bancshares-inc,"DIME COMMUNITY BANCSHARES, INC.",False,
../downolad_files/data/nasdaq_annual_reports\dime-community-bancshares-inc\NASDAQ_DCOM_2021.pdf,dime-community-bancshares-inc,"Dime Community Bancshares, Inc.",False,
../downolad_files/data/nasdaq_annual_reports\diodes-incorporated\NASDAQ_DIOD_2018.pdf,diodes-incorporated,DIODES INCORPORATED,False,
../downolad_files/data/nasdaq_annual_reports\diodes-incorporated\NASDAQ_DIOD_2017.pdf,diodes-incorporated,DIODES INCORPORATED,False,
../downolad_files/data/nasdaq_annual_reports\diodes-incorporated\NASDAQ_DIOD_2019.pdf,diodes-incorporated,DIODES INCORPORATED,False,
../downolad_files/data/nasdaq_annual_reports\diodes-incorporated\NASDAQ_DIOD_2021.pdf,diodes-incorporated,DIODES INCORPORATED,False,
../downolad_files/data/nasdaq_annual_reports\discovery-inc\NASDAQ_DISCA_2018.pdf,discovery-inc,"Discovery, Inc.",False,
../downolad_files/data/nasdaq_annual_reports\discovery-inc\NASDAQ_DISCA_2019.pdf,discovery-inc,"Discoveryyy,,, Inc.",True,
../downolad_files/data/nasdaq_annual_reports\discovery-inc\NASDAQ_DISCA_2020.pdf,discovery-inc,"Discovery, Inc.",False,
../downolad_files/data/nasdaq_annual_reports\discovery-inc\NASDAQ_DISCA_2021.pdf,discovery-inc,"Discovery, Inc.",False,
../downolad_files/data/nasdaq_annual_reports\dish-network-corp\NASDAQ_DISH_2018.pdf,dish-network-corp,DISH Network Corporation,False,
../downolad_files/data/nasdaq_annual_reports\dish-network-corp\NASDAQ_DISH_2019.pdf,dish-network-corp,DISH Network Corporation,False,
../downolad_files/data/nasdaq_annual_reports\dish-network-corp\NASDAQ_DISH_2021.pdf,dish-network-corp,DISH Network Corporation,False,
../downolad_files/data/nasdaq_annual_reports\dish-network-corp\NASDAQ_DISH_2020.pdf,dish-network-corp,,,
../downolad_files/data/nasdaq_annual_reports\diversicare-healthcare\NASDAQ_DVCR_2017.pdf,diversicare-healthcare,,,
../downolad_files/data/nasdaq_annual_reports\diversicare-healthcare\NASDAQ_DVCR_2019.pdf,diversicare-healthcare,"Diversicare Healthcare Services, Inc.",False,
../downolad_files/data/nasdaq_annual_reports\diversified-healthcare-trust\NASDAQ_DHC_2019.pdf,diversified-healthcare-trust,DIVERSIFIED HEALTHCARE TRUST,False,
../downolad_files/data/nasdaq_annual_reports\diversicare-healthcare\NASDAQ_DVCR_2018.pdf,diversicare-healthcare,,,
../downolad_files/data/nasdaq_annual_reports\diversified-healthcare-trust\NASDAQ_DHC_2020.pdf,diversified-healthcare-trust,DIVERSIFIED HEALTHCARE TRUST,False,
../downolad_files/data/nasdaq_annual_reports\diversicare-healthcare\NASDAQ_DVCR_2020.pdf,diversicare-healthcare,"Diversicare Health care Services, Inc.",False,
../downolad_files/data/nasdaq_annual_reports\diversified-restaurant-holdings-inc\NASDAQ_SAUC_2015.pdf,diversified-restaurant-holdings-inc,"DIVERSIFIED RESTAURANT HOLDINGS, INC.",False,
../downolad_files/data/nasdaq_annual_reports\diversified-restaurant-holdings-inc\NASDAQ_SAUC_2014.pdf,diversified-restaurant-holdings-inc,"DIVERSIFIED RESTAURANT HOLDINGS, INC.",False,
../downolad_files/data/nasdaq_annual_reports\dnb-financial-corporation\NASDAQ_DNBF_2015.pdf,dnb-financial-corporation,18 MAR 201400595322,True,
../downolad_files/data/nasdaq_annual_reports\diversified-healthcare-trust\NASDAQ_DHC_2021.pdf,diversified-healthcare-trust,DIVERSIFIED HEALTHCARE TRUST,False,
../downolad_files/data/nasdaq_annual_reports\diversified-restaurant-holdings-inc\NASDAQ_SAUC_2017.pdf,diversified-restaurant-holdings-inc,Ditech Holding Corporation,True,
../downolad_files/data/nasdaq_annual_reports\diversified-restaurant-holdings-inc\NASDAQ_SAUC_2016.pdf,diversified-restaurant-holdings-inc,"DIVERSIFIED RESTAURANT HOLDINGS, INC.",False,
../downolad_files/data/nasdaq_annual_reports\dnb-financial-corporation\NASDAQ_DNBF_2016.pdf,dnb-financial-corporation,18 MAR 201400595322,True,
../downolad_files/data/nasdaq_annual_reports\dnb-financial-corporation\NASDAQ_DNBF_2018.pdf,dnb-financial-corporation,18 MAR 201400595322,True,
../downolad_files/data/nasdaq_annual_reports\dnb-financial-corporation\NASDAQ_DNBF_2017.pdf,dnb-financial-corporation,18 MAR 201400595322,True,
../downolad_files/data/nasdaq_annual_reports\docusign\NASDAQ_DOCU_2019.pdf,docusign,"DOCUSIGN, INC.",False,
../downolad_files/data/nasdaq_annual_reports\dogness-international-corporation\NASDAQ_DOGZ_2018.pdf,dogness-international-corporation,Dogness (International) Corporation,False,
../downolad_files/data/nasdaq_annual_reports\docusign\NASDAQ_DOCU_2021.pdf,docusign,"DOCUSIGN, INC.",False,
../downolad_files/data/nasdaq_annual_reports\docusign\NASDAQ_DOCU_2020.pdf,docusign,,,
../downolad_files/data/nasdaq_annual_reports\dollar-tree-inc\NASDAQ_DLTR_2018.pdf,dollar-tree-inc,"DOLLAR TREE, INC.",False,
../downolad_files/data/nasdaq_annual_reports\dollar-tree-inc\NASDAQ_DLTR_2019.pdf,dollar-tree-inc,"DOLLAR TREE, INC.",False,
../downolad_files/data/nasdaq_annual_reports\dogness-international-corporation\NASDAQ_DOGZ_2019.pdf,dogness-international-corporation,Dogness (International) Corporation,False,
../downolad_files/data/nasdaq_annual_reports\dollar-tree-inc\NASDAQ_DLTR_2020.pdf,dollar-tree-inc,"DOLLAR TREE, INC.",False,
../downolad_files/data/nasdaq_annual_reports\dogness-international-corporation\NASDAQ_DOGZ_2020.pdf,dogness-international-corporation,Dogness (International) Corporation,False,
../downolad_files/data/nasdaq_annual_reports\dollar-tree-inc\NASDAQ_DLTR_2021.pdf,dollar-tree-inc,"DOLLAR TREE, INC.",False,
../downolad_files/data/nasdaq_annual_reports\dogness-international-corporation\NASDAQ_DOGZ_2021.pdf,dogness-international-corporation,Dogness (International) Corporation,False,
../downolad_files/data/nasdaq_annual_reports\domo-inc\NASDAQ_DOMO_2019.pdf,domo-inc,"DOMO, INC.",False,
../downolad_files/data/nasdaq_annual_reports\domo-inc\NASDAQ_DOMO_2020.pdf,domo-inc,"DOMO, INC.",False,
../downolad_files/data/nasdaq_annual_reports\dolphin-entertainment-inc\NASDAQ_DLPN_2020.pdf,dolphin-entertainment-inc,"DOLPHIN ENTERTAINMENT, INC.",False,
../downolad_files/data/nasdaq_annual_reports\dolphin-entertainment-inc\NASDAQ_DLPN_2019.pdf,dolphin-entertainment-inc,"DOLPHIN ENTERTAINMENT, INC.",False,
../downolad_files/data/nasdaq_annual_reports\dolphin-entertainment-inc\NASDAQ_DLPN_2018.pdf,dolphin-entertainment-inc,"DOLPHIN ENTERTAINMENT, INC.",False,
../downolad_files/data/nasdaq_annual_reports\dolphin-entertainment-inc\NASDAQ_DLPN_2021.pdf,dolphin-entertainment-inc,"DOLPHIN ENTERTAINMENT, INC.",False,
../downolad_files/data/nasdaq_annual_reports\donegal-group-inc\NASDAQ_DGICA_2019.pdf,donegal-group-inc,DONEGAL GROUP INC.,False,
../downolad_files/data/nasdaq_annual_reports\donegal-group-inc\NASDAQ_DGICA_2018.pdf,donegal-group-inc,DONEGAL GROUP INC.,False,
../downolad_files/data/nasdaq_annual_reports\donegal-group-inc\NASDAQ_DGICA_2020.pdf,donegal-group-inc,DONEGAL GROUP INC.,False,
../downolad_files/data/nasdaq_annual_reports\donegal-group-inc\NASDAQ_DGICA_2021.pdf,donegal-group-inc,DONEGAL GROUP INC.,False,
../downolad_files/data/nasdaq_annual_reports\domo-inc\NASDAQ_DOMO_2021.pdf,domo-inc,"DOMO, INC.",False,
../downolad_files/data/nasdaq_annual_reports\domo-inc\NASDAQ_DOMO_2022.pdf,domo-inc,"DOMO, INC.",False,
../downolad_files/data/nasdaq_annual_reports\dorman-products-inc\NASDAQ_DORM_2018.pdf,dorman-products-inc,"DORMAN PRODUCTS, INC.",False,
../downolad_files/data/nasdaq_annual_reports\dorman-products-inc\NASDAQ_DORM_2019.pdf,dorman-products-inc,"DORMAN PRODUCTS, INC.",False,
../downolad_files/data/nasdaq_annual_reports\dorchester-minerals-lp\NASDAQ_DMLP_2019.pdf,dorchester-minerals-lp,"DORCHESTER MINERALS, L.P.",False,
../downolad_files/data/nasdaq_annual_reports\dorchester-minerals-lp\NASDAQ_DMLP_2018.pdf,dorchester-minerals-lp,"DORCHESTER MINERALS, L.P.",False,
../downolad_files/data/nasdaq_annual_reports\dorchester-minerals-lp\NASDAQ_DMLP_2021.pdf,dorchester-minerals-lp,"DORCHESTER MINERALS, L.P.",False,
../downolad_files/data/nasdaq_annual_reports\dorchester-minerals-lp\NASDAQ_DMLP_2020.pdf,dorchester-minerals-lp,"DORCHESTER MINERALS, L.P.",False,
../downolad_files/data/nasdaq_annual_reports\dorman-products-inc\NASDAQ_DORM_2021.pdf,dorman-products-inc,"DORMAN PRODUCTS, INC.",False,
../downolad_files/data/nasdaq_annual_reports\dorman-products-inc\NASDAQ_DORM_2020.pdf,dorman-products-inc,"DORMAN PRODUCTS, INC.",False,
../downolad_files/data/nasdaq_annual_reports\douyu-international-holdings-limited\NASDAQ_DOYU_2019.pdf,douyu-international-holdings-limited,DouYu International Holdings Limited,False,
../downolad_files/data/nasdaq_annual_reports\douyu-international-holdings-limited\NASDAQ_DOYU_2020.pdf,douyu-international-holdings-limited,DouYu International Holdings Limited,False,
../downolad_files/data/nasdaq_annual_reports\dragon-victory-international-limited\NASDAQ_LYL_2018.pdf,dragon-victory-international-limited,Dragon Victory International Limited,False,
../downolad_files/data/nasdaq_annual_reports\dragon-victory-international-limited\NASDAQ_LYL_2020.pdf,dragon-victory-international-limited,Dragon Victory International Limited,False,
../downolad_files/data/nasdaq_annual_reports\dragon-victory-international-limited\NASDAQ_LYL_2019.pdf,dragon-victory-international-limited,Dragon Victory International Limited,False,
../downolad_files/data/nasdaq_annual_reports\douyu-international-holdings-limited\NASDAQ_DOYU_2021.pdf,douyu-international-holdings-limited,DouYu International Holdings Limited,False,
../downolad_files/data/nasdaq_annual_reports\dropbox-inc\NASDAQ_DBX_2018.pdf,dropbox-inc,"Dropbox, Inc.",False,
../downolad_files/data/nasdaq_annual_reports\dsp-group-inc\NASDAQ_DSPG_2018.pdf,dsp-group-inc,"DSP GROUP, INC.",False,
../downolad_files/data/nasdaq_annual_reports\dsp-group-inc\NASDAQ_DSPG_2017.pdf,dsp-group-inc,"DSP GROUP, INC.",False,
../downolad_files/data/nasdaq_annual_reports\dropbox-inc\NASDAQ_DBX_2019.pdf,dropbox-inc,"Dropbox, Inc.",False,
../downolad_files/data/nasdaq_annual_reports\dropbox-inc\NASDAQ_DBX_2020.pdf,dropbox-inc,"Dropbox, Inc.",False,
../downolad_files/data/nasdaq_annual_reports\dsp-group-inc\NASDAQ_DSPG_2020.pdf,dsp-group-inc,"DSP GROUP, INC.",False,
../downolad_files/data/nasdaq_annual_reports\dsp-group-inc\NASDAQ_DSPG_2019.pdf,dsp-group-inc,"DSP GROUP, INC.",False,
../downolad_files/data/nasdaq_annual_reports\dunkin-brands-group\NASDAQ_DNKN_2014.pdf,dunkin-brands-group,,,
../downolad_files/data/nasdaq_annual_reports\duluth-holdings-inc\NASDAQ_DLTH_2018.pdf,duluth-holdings-inc,DULUTH HOLDINGS INC.,False,
../downolad_files/data/nasdaq_annual_reports\dunkin-brands-group\NASDAQ_DNKN_2015.PDF,dunkin-brands-group,"DUNKIN’ BRANDS GROUP, INC.",False,
../downolad_files/data/nasdaq_annual_reports\duluth-holdings-inc\NASDAQ_DLTH_2019.pdf,duluth-holdings-inc,DULUTH HOLDINGS INC.,False,
../downolad_files/data/nasdaq_annual_reports\duluth-holdings-inc\NASDAQ_DLTH_2020.pdf,duluth-holdings-inc,DULUTH HOLDINGS INC.,False,
../downolad_files/data/nasdaq_annual_reports\dunkin-brands-group\NASDAQ_DNKN_2017.pdf,dunkin-brands-group,,,
../downolad_files/data/nasdaq_annual_reports\dunkin-brands-group\NASDAQ_DNKN_2016.pdf,dunkin-brands-group,,,
../downolad_files/data/nasdaq_annual_reports\dunkin-brands-group\NASDAQ_DNKN_2018.pdf,dunkin-brands-group,"DUNKIN’ BRANDS GROUP, INC.",False,
../downolad_files/data/nasdaq_annual_reports\duos-technologies-group-inc\NASDAQ_DUOT_2016.pdf,duos-technologies-group-inc,"DUOS TECHNOLOGIES GROUP, INC.",False,
../downolad_files/data/nasdaq_annual_reports\duos-technologies-group-inc\NASDAQ_DUOT_2017.pdf,duos-technologies-group-inc,"DUOS TECHNOLOGIES GROUP, INC.",False,
../downolad_files/data/nasdaq_annual_reports\duos-technologies-group-inc\NASDAQ_DUOT_2018.pdf,duos-technologies-group-inc,"DUOS TECHNOLOGIES GROUP, INC.",False,
../downolad_files/data/nasdaq_annual_reports\duos-technologies-group-inc\NASDAQ_DUOT_2019.pdf,duos-technologies-group-inc,"DUOS TECHNOLOGIES GROUP, INC.",False,
../downolad_files/data/nasdaq_annual_reports\duos-technologies-group-inc\NASDAQ_DUOT_2020.pdf,duos-technologies-group-inc,"DUOS TECHNOLOGIES GROUP, INC.",False,
../downolad_files/data/nasdaq_annual_reports\durect-corp\NASDAQ_DRRX_2018.pdf,durect-corp,DURECT CORPORATION,False,
../downolad_files/data/nasdaq_annual_reports\durect-corp\NASDAQ_DRRX_2019.pdf,durect-corp,DURECT CORPORATION,False,
../downolad_files/data/nasdaq_annual_reports\durect-corp\NASDAQ_DRRX_2020.pdf,durect-corp,DURECT CORPORATION,False,
../downolad_files/data/nasdaq_annual_reports\dxp-enterprises-inc\NASDAQ_DXPE_2018.pdf,dxp-enterprises-inc,"DXP Enterprises, Inc.",False,
../downolad_files/data/nasdaq_annual_reports\durect-corp\NASDAQ_DRRX_2021.pdf,durect-corp,DURECT CORPORATION,False,
../downolad_files/data/nasdaq_annual_reports\dxp-enterprises-inc\NASDAQ_DXPE_2020.pdf,dxp-enterprises-inc,"DXP Enterprises, Inc.",False,
../downolad_files/data/nasdaq_annual_reports\dxp-enterprises-inc\NASDAQ_DXPE_2019.pdf,dxp-enterprises-inc,DURECT CORPORATION,True,
../downolad_files/data/nasdaq_annual_reports\dxp-enterprises-inc\NASDAQ_DXPE_2021.pdf,dxp-enterprises-inc,"DXP Enterprises, Inc.",False,
../downolad_files/data/nasdaq_annual_reports\dyadic-international-inc\NASDAQ_DYAI_2018.pdf,dyadic-international-inc,"DYADIC INTERNATIONAL, INC.",False,
../downolad_files/data/nasdaq_annual_reports\dynamic-materials-corporation\NASDAQ_BOOM_2018.pdf,dynamic-materials-corporation,DMC Global Inc.,True,
../downolad_files/data/nasdaq_annual_reports\dynamic-materials-corporation\NASDAQ_BOOM_2019.pdf,dynamic-materials-corporation,DMC Global Inc.,True,
../downolad_files/data/nasdaq_annual_reports\dyadic-international-inc\NASDAQ_DYAI_2020.pdf,dyadic-international-inc,"DYADIC INTERNATIONAL, INC.",False,
../downolad_files/data/nasdaq_annual_reports\dyadic-international-inc\NASDAQ_DYAI_2021.pdf,dyadic-international-inc,"DYADIC INTERNATIONAL, INC.",False,
../downolad_files/data/nasdaq_annual_reports\dynamic-materials-corporation\NASDAQ_BOOM_2021.pdf,dynamic-materials-corporation,DMC Global Inc.,True,
../downolad_files/data/nasdaq_annual_reports\dynatronics-corp\NASDAQ_DYNT_2017.pdf,dynatronics-corp,,,
../downolad_files/data/nasdaq_annual_reports\dyadic-international-inc\NASDAQ_DYAI_2019.pdf,dyadic-international-inc,,,
../downolad_files/data/nasdaq_annual_reports\dynamic-materials-corporation\NASDAQ_BOOM_2020.pdf,dynamic-materials-corporation,DMC Global Inc.,True,
../downolad_files/data/nasdaq_annual_reports\dynavax-technologies-corporation\NASDAQ_DVAX_2018.pdf,dynavax-technologies-corporation,,,
../downolad_files/data/nasdaq_annual_reports\dynatronics-corp\NASDAQ_DYNT_2018.pdf,dynatronics-corp,Dynatronics Corporation,False,
../downolad_files/data/nasdaq_annual_reports\dynavax-technologies-corporation\NASDAQ_DVAX_2019.pdf,dynavax-technologies-corporation,,,
../downolad_files/data/nasdaq_annual_reports\dynatronics-corp\NASDAQ_DYNT_2019.pdf,dynatronics-corp,Dynatronics Corporation,False,
../downolad_files/data/nasdaq_annual_reports\dynatronics-corp\NASDAQ_DYNT_2020.pdf,dynatronics-corp,Dynatronics Corporation,False,
../downolad_files/data/nasdaq_annual_reports\dynavax-technologies-corporation\NASDAQ_DVAX_2021.pdf,dynavax-technologies-corporation,,,
../downolad_files/data/nasdaq_annual_reports\dynavax-technologies-corporation\NASDAQ_DVAX_2020.pdf,dynavax-technologies-corporation,,,
../downolad_files/data/nasdaq_annual_reports\e-trade-financial-corp\NASDAQ_ETFC_2016.pdf,e-trade-financial-corp,E TRADE Financial Corporation,False,
../downolad_files/data/nasdaq_annual_reports\e-trade-financial-corp\NASDAQ_ETFC_2018.pdf,e-trade-financial-corp,E TRADE Financial Corporation,False,
../downolad_files/data/nasdaq_annual_reports\eagle-bancorp-inc\NASDAQ_EGBN_2018.pdf,eagle-bancorp-inc,,,
../downolad_files/data/nasdaq_annual_reports\eagle-bancorp-inc\NASDAQ_EGBN_2020.pdf,eagle-bancorp-inc,,,
../downolad_files/data/nasdaq_annual_reports\eagle-bancorp-inc\NASDAQ_EGBN_2019.pdf,eagle-bancorp-inc,,,
../downolad_files/data/nasdaq_annual_reports\eagle-bancorp-inc\NASDAQ_EGBN_2021.pdf,eagle-bancorp-inc,,,
../downolad_files/data/nasdaq_annual_reports\e-trade-financial-corp\NASDAQ_ETFC_2019.pdf,e-trade-financial-corp,E*TRADE Financial Corporation,False,
../downolad_files/data/nasdaq_annual_reports\e-trade-financial-corp\NASDAQ_ETFC_2017.pdf,e-trade-financial-corp,E TRADE Financial Corporation,False,
../downolad_files/data/nasdaq_annual_reports\eagle-bancorp-montana-inc\NASDAQ_EBMT_2019.pdf,eagle-bancorp-montana-inc,"Eagle Bancorp Montana, Inc.",False,
../downolad_files/data/nasdaq_annual_reports\eagle-bancorp-montana-inc\NASDAQ_EBMT_2018.pdf,eagle-bancorp-montana-inc,,,
../downolad_files/data/nasdaq_annual_reports\eagle-bancorp-montana-inc\NASDAQ_EBMT_2020.pdf,eagle-bancorp-montana-inc,"Eagle Bancorp Montana, Inc.",False,
../downolad_files/data/nasdaq_annual_reports\eagle-bancorp-montana-inc\NASDAQ_EBMT_2021.pdf,eagle-bancorp-montana-inc,"Eagle Bancorp Montana, Inc.",False,
../downolad_files/data/nasdaq_annual_reports\eagle-bulk-shipping-inc\NASDAQ_EGLE_2021.pdf,eagle-bulk-shipping-inc,EAGLE BULK SHIPPING INC.,False,
../downolad_files/data/nasdaq_annual_reports\eagle-bulk-shipping-inc\NASDAQ_EGLE_2019.pdf,eagle-bulk-shipping-inc,EAGLE BULK SHIPPING INC.,False,
../downolad_files/data/nasdaq_annual_reports\eagle-bulk-shipping-inc\NASDAQ_EGLE_2020.pdf,eagle-bulk-shipping-inc,EAGLE BULK SHIPPING INC.,False,
../downolad_files/data/nasdaq_annual_reports\eagle-bulk-shipping-inc\NASDAQ_EGLE_2018.pdf,eagle-bulk-shipping-inc,EAGLE BULK SHIPPING INC.,False,
../downolad_files/data/nasdaq_annual_reports\eagle-pharmaceuticals-inc\NASDAQ_EGRX_2019.pdf,eagle-pharmaceuticals-inc,"Eagle Pharmaceuticals, Inc.",False,
../downolad_files/data/nasdaq_annual_reports\east-west-bancorp\NASDAQ_EWBC_2019.pdf,east-west-bancorp,,,
../downolad_files/data/nasdaq_annual_reports\eagle-pharmaceuticals-inc\NASDAQ_EGRX_2018.pdf,eagle-pharmaceuticals-inc,"Eagle Pharmaceuticals, Inc.",False,
../downolad_files/data/nasdaq_annual_reports\east-west-bancorp\NASDAQ_EWBC_2020.pdf,east-west-bancorp,"EAST WEST BANCORP, INC.",False,
../downolad_files/data/nasdaq_annual_reports\eagle-pharmaceuticals-inc\NASDAQ_EGRX_2020.pdf,eagle-pharmaceuticals-inc,"Eagle Pharmaceuticals, Inc.",False,
../downolad_files/data/nasdaq_annual_reports\eagle-pharmaceuticals-inc\NASDAQ_EGRX_2021.pdf,eagle-pharmaceuticals-inc,"Eagle Pharmaceuticals, Inc.",False,
../downolad_files/data/nasdaq_annual_reports\east-west-bancorp\NASDAQ_EWBC_2021.pdf,east-west-bancorp,"EAST WEST BANCORP, INC.",False,
../downolad_files/data/nasdaq_annual_reports\eastman-kodak\NASDAQ_KODK_2017.pdf,eastman-kodak,EASTMAN KODAK COMPANY,False,
../downolad_files/data/nasdaq_annual_reports\eastman-kodak\NASDAQ_KODK_2016.pdf,eastman-kodak,EASTMAN KODAK COMPANY,False,
../downolad_files/data/nasdaq_annual_reports\eastman-kodak\NASDAQ_KODK_2018.pdf,eastman-kodak,EASTMAN KODAK COMPANY,False,
../downolad_files/data/nasdaq_annual_reports\eastman-kodak\NASDAQ_KODK_2020.pdf,eastman-kodak,EASTMAN KODAK COMPANY,False,
../downolad_files/data/nasdaq_annual_reports\eastside-distilling-inc\NASDAQ_EAST_2017.pdf,eastside-distilling-inc,,,
../downolad_files/data/nasdaq_annual_reports\eastman-kodak\NASDAQ_KODK_2019.pdf,eastman-kodak,EASTMAN KODAK COMPANY,False,
../downolad_files/data/nasdaq_annual_reports\eastside-distilling-inc\NASDAQ_EAST_2018.pdf,eastside-distilling-inc,,,
../downolad_files/data/nasdaq_annual_reports\ebay\NASDAQ_EBAY_2018.pdf,ebay,eBayInc.,False,
../downolad_files/data/nasdaq_annual_reports\eastside-distilling-inc\NASDAQ_EAST_2021.pdf,eastside-distilling-inc,,,
../downolad_files/data/nasdaq_annual_reports\ebay\NASDAQ_EBAY_2019.pdf,ebay,eBayInc.,False,
../downolad_files/data/nasdaq_annual_reports\eastside-distilling-inc\NASDAQ_EAST_2020.pdf,eastside-distilling-inc,,,
../downolad_files/data/nasdaq_annual_reports\ebay\NASDAQ_EBAY_2020.pdf,ebay,eBayInc.,False,
../downolad_files/data/nasdaq_annual_reports\ebay\NASDAQ_EBAY_2021.pdf,ebay,eBayInc.,False,
../downolad_files/data/nasdaq_annual_reports\echo-global-logistics-inc\NASDAQ_ECHO_2017.pdf,echo-global-logistics-inc,"ECHO GLOBAL LOGISTICS, INC.",False,
../downolad_files/data/nasdaq_annual_reports\echo-global-logistics-inc\NASDAQ_ECHO_2016.pdf,echo-global-logistics-inc,"ECHO GLOBAL LOGISTICS, INC.",False,
../downolad_files/data/nasdaq_annual_reports\echo-global-logistics-inc\NASDAQ_ECHO_2018.pdf,echo-global-logistics-inc,"ECHO GLOBAL LOGISTICS, INC.",False,
../downolad_files/data/nasdaq_annual_reports\echo-global-logistics-inc\NASDAQ_ECHO_2019.pdf,echo-global-logistics-inc,"ECHO GLOBAL LOGISTICS, INC.",False,
../downolad_files/data/nasdaq_annual_reports\echostar-corporation\NASDAQ_SATS_2019.pdf,echostar-corporation,EchoStar Corporation,False,
../downolad_files/data/nasdaq_annual_reports\echostar-corporation\NASDAQ_SATS_2018.pdf,echostar-corporation,EchoStar Corporation,False,
../downolad_files/data/nasdaq_annual_reports\echostar-corporation\NASDAQ_SATS_2020.pdf,echostar-corporation,EchoStar Corporation,False,
../downolad_files/data/nasdaq_annual_reports\echostar-corporation\NASDAQ_SATS_2021.pdf,echostar-corporation,EchoStar Corporation,False,
../downolad_files/data/nasdaq_annual_reports\ecmoho-limited\NASDAQ_MOHO_2019.pdf,ecmoho-limited,ECMOHO Limited,False,
../downolad_files/data/nasdaq_annual_reports\ecology-environment-inc\NASDAQ_EEI_2015.pdf,ecology-environment-inc,,,
../downolad_files/data/nasdaq_annual_reports\ecology-environment-inc\NASDAQ_EEI_2016.pdf,ecology-environment-inc,,,
../downolad_files/data/nasdaq_annual_reports\ecmoho-limited\NASDAQ_MOHO_2020.pdf,ecmoho-limited,ECMOHO Limited,False,
../downolad_files/data/nasdaq_annual_reports\ecmoho-limited\NASDAQ_MOHO_2021.pdf,ecmoho-limited,ECMOHO Limited,False,
../downolad_files/data/nasdaq_annual_reports\ecology-environment-inc\NASDAQ_EEI_2017.pdf,ecology-environment-inc,"ECOLOGY AND ENVIRONMENT, INC.",False,
../downolad_files/data/nasdaq_annual_reports\edap-tms-sa\NASDAQ_EDAP_2017.pdf,edap-tms-sa,EDAP TMS S.A.,False,
../downolad_files/data/nasdaq_annual_reports\ecology-environment-inc\NASDAQ_EEI_2018.pdf,ecology-environment-inc,ECOLOGY AND ENVIRONMENT INC.,False,
../downolad_files/data/nasdaq_annual_reports\edap-tms-sa\NASDAQ_EDAP_2018.pdf,edap-tms-sa,EDAP TMS S.A.,False,
../downolad_files/data/nasdaq_annual_reports\edap-tms-sa\NASDAQ_EDAP_2019.pdf,edap-tms-sa,EDAP TMS S.A.,False,
../downolad_files/data/nasdaq_annual_reports\edap-tms-sa\NASDAQ_EDAP_2020.pdf,edap-tms-sa,EDAP TMS S.A.,False,
../downolad_files/data/nasdaq_annual_reports\edap-tms-sa\NASDAQ_EDAP_2021.pdf,edap-tms-sa,EDAP TMS S.A.,False,
../downolad_files/data/nasdaq_annual_reports\edison-nation-inc\NASDAQ_EDNT_2018.pdf,edison-nation-inc,"EDISON NATION, INC.",False,
../downolad_files/data/nasdaq_annual_reports\editas-medicine\NASDAQ_EDIT_2018.pdf,editas-medicine,"EDITAS MEDICINE, INC.",False,
../downolad_files/data/nasdaq_annual_reports\educational-development-corporation\NASDAQ_EDUC_2019.pdf,educational-development-corporation,EDUCATIONAL DEVELOPMENT CORPORATION,False,
../downolad_files/data/nasdaq_annual_reports\editas-medicine\NASDAQ_EDIT_2019.pdf,editas-medicine,"EDITAS MEDICINE, INC.",False,
../downolad_files/data/nasdaq_annual_reports\editas-medicine\NASDAQ_EDIT_2020.pdf,editas-medicine,"EDITAS MEDICINE, INC.",False,
../downolad_files/data/nasdaq_annual_reports\educational-development-corporation\NASDAQ_EDUC_2020.pdf,educational-development-corporation,EDUCATIONAL DEVELOPMENT CORPORATION,False,
../downolad_files/data/nasdaq_annual_reports\educational-development-corporation\NASDAQ_EDUC_2021.pdf,educational-development-corporation,EDUCATIONAL DEVELOPMENT CORPORATION,False,
../downolad_files/data/nasdaq_annual_reports\editas-medicine\NASDAQ_EDIT_2021.pdf,editas-medicine,"EDITAS MEDICINE, INC.",False,
../downolad_files/data/nasdaq_annual_reports\educational-development-corporation\NASDAQ_EDUC_2022.pdf,educational-development-corporation,EDUCATIONAL DEVELOPMENT CORPORATION,False,
../downolad_files/data/nasdaq_annual_reports\egain-corp\NASDAQ_EGAN_2019.pdf,egain-corp,eGain Corporation,False,
../downolad_files/data/nasdaq_annual_reports\egain-corp\NASDAQ_EGAN_2021.pdf,egain-corp,eGain Corporation,False,
../downolad_files/data/nasdaq_annual_reports\egain-corp\NASDAQ_EGAN_2018.pdf,egain-corp,"Sincerely,",True,
../downolad_files/data/nasdaq_annual_reports\egain-corp\NASDAQ_EGAN_2020.pdf,egain-corp,eGain Corporation,False,
../downolad_files/data/nasdaq_annual_reports\ehang-holdings-limited\NASDAQ_EH_2019.pdf,ehang-holdings-limited,EHang Holdings Limited,False,
../downolad_files/data/nasdaq_annual_reports\ehealth-inc\NASDAQ_EHTH_2018.pdf,ehealth-inc,"EHEALTH, INC.",False,
../downolad_files/data/nasdaq_annual_reports\ehealth-inc\NASDAQ_EHTH_2019.pdf,ehealth-inc,"EHEALTH, INC.",False,
../downolad_files/data/nasdaq_annual_reports\ehealth-inc\NASDAQ_EHTH_2020.pdf,ehealth-inc,"EHEALTH, INC.",False,
../downolad_files/data/nasdaq_annual_reports\eidos-therapeutics-inc\NASDAQ_EIDX_2018.pdf,eidos-therapeutics-inc,"EIDOS THERAPEUTICS, INC.",False,
../downolad_files/data/nasdaq_annual_reports\eidos-therapeutics-inc\NASDAQ_EIDX_2019.pdf,eidos-therapeutics-inc,"EIDOS THERAPEUTICS, INC.",False,
../downolad_files/data/nasdaq_annual_reports\ehealth-inc\NASDAQ_EHTH_2021.pdf,ehealth-inc,"EHEALTH, INC.",False,
../downolad_files/data/nasdaq_annual_reports\eiger-biopharmaceuticals-inc\NASDAQ_EIGR_2018.pdf,eiger-biopharmaceuticals-inc,"Eiger Bio Pharmaceuticals, Inc.",False,
../downolad_files/data/nasdaq_annual_reports\eiger-biopharmaceuticals-inc\NASDAQ_EIGR_2019.pdf,eiger-biopharmaceuticals-inc,"Eiger Bio Pharmaceuticals, Inc.",False,
../downolad_files/data/nasdaq_annual_reports\eiger-biopharmaceuticals-inc\NASDAQ_EIGR_2020.pdf,eiger-biopharmaceuticals-inc,"Eiger Bio Pharmaceuticals, Inc.",False,
../downolad_files/data/nasdaq_annual_reports\eiger-biopharmaceuticals-inc\NASDAQ_EIGR_2021.pdf,eiger-biopharmaceuticals-inc,"Eiger Bio Pharmaceuticals, Inc.",False,
../downolad_files/data/nasdaq_annual_reports\eksoi-bonics-holdings-inc\NASDAQ_EKSO_2016.pdf,eksoi-bonics-holdings-inc,"Ekso Bionics Holdings, Inc.",True,
../downolad_files/data/nasdaq_annual_reports\eksoi-bonics-holdings-inc\NASDAQ_EKSO_2017.pdf,eksoi-bonics-holdings-inc,"Ekso Bionics Holdings, Inc.",True,
../downolad_files/data/nasdaq_annual_reports\eksoi-bonics-holdings-inc\NASDAQ_EKSO_2018.pdf,eksoi-bonics-holdings-inc,"Ekso Bionics Holdings, Inc.",True,
../downolad_files/data/nasdaq_annual_reports\eksoi-bonics-holdings-inc\NASDAQ_EKSO_2019.pdf,eksoi-bonics-holdings-inc,"Ekso Bionics Holdings, Inc.",True,
../downolad_files/data/nasdaq_annual_reports\eksoi-bonics-holdings-inc\NASDAQ_EKSO_2020.pdf,eksoi-bonics-holdings-inc,"Ekso Bionics Holdings, Inc.",True,
../downolad_files/data/nasdaq_annual_reports\el-pollo-loco-holdings-inc\NASDAQ_LOCO_2018.pdf,el-pollo-loco-holdings-inc,"EL POLLO LOCO HOLDINGS, INC.",False,
../downolad_files/data/nasdaq_annual_reports\el-pollo-loco-holdings-inc\NASDAQ_LOCO_2020.pdf,el-pollo-loco-holdings-inc,"EL POLLO LOCO HOLDINGS, INC.",False,
../downolad_files/data/nasdaq_annual_reports\el-pollo-loco-holdings-inc\NASDAQ_LOCO_2019.pdf,el-pollo-loco-holdings-inc,"EL POLLO LOCO HOLDINGS, INC.",False,
../downolad_files/data/nasdaq_annual_reports\elbit-systems-ltd\NASDAQ_ESLT_2016.pdf,elbit-systems-ltd,,,
../downolad_files/data/nasdaq_annual_reports\el-pollo-loco-holdings-inc\NASDAQ_LOCO_2021.pdf,el-pollo-loco-holdings-inc,"EL POLLO LOCO HOLDINGS, INC.",False,
../downolad_files/data/nasdaq_annual_reports\elbit-systems-ltd\NASDAQ_ESLT_2018.pdf,elbit-systems-ltd,,,
../downolad_files/data/nasdaq_annual_reports\elbit-systems-ltd\NASDAQ_ESLT_2019.pdf,elbit-systems-ltd,,,
../downolad_files/data/nasdaq_annual_reports\electrameccanica-vehicles-corp-ltd\NASDAQ_SOLO_2017.pdf,electrameccanica-vehicles-corp-ltd,,,
../downolad_files/data/nasdaq_annual_reports\elbit-systems-ltd\NASDAQ_ESLT_2020.pdf,elbit-systems-ltd,ELBIT SYSTEMS LTD.,False,
../downolad_files/data/nasdaq_annual_reports\elbit-systems-ltd\NASDAQ_ESLT_2017.pdf,elbit-systems-ltd,,,
../downolad_files/data/nasdaq_annual_reports\electrameccanica-vehicles-corp-ltd\NASDAQ_SOLO_2018.pdf,electrameccanica-vehicles-corp-ltd,,,
../downolad_files/data/nasdaq_annual_reports\electro-sensors-inc\NASDAQ_ELSE_2015.pdf,electro-sensors-inc,"ELECTRO-SENSORS, INC.",False,
../downolad_files/data/nasdaq_annual_reports\electro-sensors-inc\NASDAQ_ELSE_2021.pdf,electro-sensors-inc,"ELECTRO-SENSORS, INC.",False,
../downolad_files/data/nasdaq_annual_reports\electrocore-inc\NASDAQ_ECOR_2018.pdf,electrocore-inc,"electroCore, Inc.",False,
../downolad_files/data/nasdaq_annual_reports\electronic-arts\NASDAQ_EA_2018.pdf,electronic-arts,,,
../downolad_files/data/nasdaq_annual_reports\electrocore-inc\NASDAQ_ECOR_2020.pdf,electrocore-inc,"electroCore, Inc.",False,
../downolad_files/data/nasdaq_annual_reports\electrocore-inc\NASDAQ_ECOR_2019.pdf,electrocore-inc,"electroCore, Inc.",False,
../downolad_files/data/nasdaq_annual_reports\electrocore-inc\NASDAQ_ECOR_2021.pdf,electrocore-inc,"electroCore, Inc.",False,
../downolad_files/data/nasdaq_annual_reports\electronic-arts\NASDAQ_EA_2019.pdf,electronic-arts,,,
../downolad_files/data/nasdaq_annual_reports\electronic-arts\NASDAQ_EA_2020.pdf,electronic-arts,,,
../downolad_files/data/nasdaq_annual_reports\electronics-for-imaging-inc\NASDAQ_EFII_2014.pdf,electronics-for-imaging-inc,,,
../downolad_files/data/nasdaq_annual_reports\electronic-arts\NASDAQ_EA_2021.pdf,electronic-arts,,,
../downolad_files/data/nasdaq_annual_reports\electronics-for-imaging-inc\NASDAQ_EFII_2015.pdf,electronics-for-imaging-inc,,,
../downolad_files/data/nasdaq_annual_reports\electronics-for-imaging-inc\NASDAQ_EFII_2016.PDF,electronics-for-imaging-inc,,,
../downolad_files/data/nasdaq_annual_reports\elmira-savings-bank\NASDAQ_ESBK_2016.pdf,elmira-savings-bank,,,
../downolad_files/data/nasdaq_annual_reports\elmira-savings-bank\NASDAQ_ESBK_2017.pdf,elmira-savings-bank,,,
../downolad_files/data/nasdaq_annual_reports\elmira-savings-bank\NASDAQ_ESBK_2018.pdf,elmira-savings-bank,,,
../downolad_files/data/nasdaq_annual_reports\electronics-for-imaging-inc\NASDAQ_EFII_2017.pdf,electronics-for-imaging-inc,,,
../downolad_files/data/nasdaq_annual_reports\elmira-savings-bank\NASDAQ_ESBK_2019.pdf,elmira-savings-bank,,,
../downolad_files/data/nasdaq_annual_reports\elmira-savings-bank\NASDAQ_ESBK_2020.pdf,elmira-savings-bank,,,
../downolad_files/data/nasdaq_annual_reports\electronics-for-imaging-inc\NASDAQ_EFII_2018.pdf,electronics-for-imaging-inc,"ELECTRONICS FOR IMAGING, INC.",False,
../downolad_files/data/nasdaq_annual_reports\eloxx-pharmaceuticals-inc\NASDAQ_ELOX_2018.pdf,eloxx-pharmaceuticals-inc,"ELOXX PHARMACEUTICALS, INC.",False,
../downolad_files/data/nasdaq_annual_reports\eloxx-pharmaceuticals-inc\NASDAQ_ELOX_2019.pdf,eloxx-pharmaceuticals-inc,"ELOXX PHARMACEUTICALS, INC.",False,
../downolad_files/data/nasdaq_annual_reports\eloxx-pharmaceuticals-inc\NASDAQ_ELOX_2020.pdf,eloxx-pharmaceuticals-inc,"ELOXX PHARMACEUTICALS, INC.",False,
../downolad_files/data/nasdaq_annual_reports\eloxx-pharmaceuticals-inc\NASDAQ_ELOX_2021.pdf,eloxx-pharmaceuticals-inc,"ELOXX PHARMACEUTICALS, INC.",False,
../downolad_files/data/nasdaq_annual_reports\eltek-ltd\NASDAQ_ELTK_2017.pdf,eltek-ltd,,,
../downolad_files/data/nasdaq_annual_reports\eltek-ltd\NASDAQ_ELTK_2018.pdf,eltek-ltd,,,
../downolad_files/data/nasdaq_annual_reports\eltek-ltd\NASDAQ_ELTK_2019.pdf,eltek-ltd,,,
../downolad_files/data/nasdaq_annual_reports\eltek-ltd\NASDAQ_ELTK_2020.pdf,eltek-ltd,,,
../downolad_files/data/nasdaq_annual_reports\eltek-ltd\NASDAQ_ELTK_2021.pdf,eltek-ltd,,,
../downolad_files/data/nasdaq_annual_reports\emc-insurance-group-inc\NASDAQ_EMCI_2015.pdf,emc-insurance-group-inc,EMC INSURANCE GROUP INC.,False,
../downolad_files/data/nasdaq_annual_reports\emc-insurance-group-inc\NASDAQ_EMCI_2016.pdf,emc-insurance-group-inc,EMC INSURANCE GROUP INC.,False,
../downolad_files/data/nasdaq_annual_reports\emc-insurance-group-inc\NASDAQ_EMCI_2017.PDF,emc-insurance-group-inc,EMC INSURANCE GROUP INC.,False,
../downolad_files/data/nasdaq_annual_reports\emc-insurance-group-inc\NASDAQ_EMCI_2018.pdf,emc-insurance-group-inc,EMC INSURANCE GROUP INC.,False,
../downolad_files/data/nasdaq_annual_reports\emclaire-financial-corp\NASDAQ_EMCF_2021.pdf,emclaire-financial-corp,EMCLAIRE FINANCIAL CORP,False,
../downolad_files/data/nasdaq_annual_reports\emclaire-financial-corp\NASDAQ_EMCF_2019.pdf,emclaire-financial-corp,,,
../downolad_files/data/nasdaq_annual_reports\emcore-corporation\NASDAQ_EMKR_2018.pdf,emcore-corporation,EMCORE Corporation,False,
../downolad_files/data/nasdaq_annual_reports\emcore-corporation\NASDAQ_EMKR_2019.pdf,emcore-corporation,EMCORE Corporation,False,
../downolad_files/data/nasdaq_annual_reports\emclaire-financial-corp\NASDAQ_EMCF_2020.pdf,emclaire-financial-corp,,,
../downolad_files/data/nasdaq_annual_reports\emclaire-financial-corp\NASDAQ_EMCF_2018.pdf,emclaire-financial-corp,,,
../downolad_files/data/nasdaq_annual_reports\emcore-corporation\NASDAQ_EMKR_2020.pdf,emcore-corporation,EMCORE Corporation,False,
../downolad_files/data/nasdaq_annual_reports\emmis-communications-corp\NASDAQ_EMMS_2017.pdf,emmis-communications-corp,EMMIS COMMUNICATIONS CORPORATION,False,
../downolad_files/data/nasdaq_annual_reports\emcore-corporation\NASDAQ_EMKR_2021.pdf,emcore-corporation,EMCORE Corporation,False,
../downolad_files/data/nasdaq_annual_reports\emmis-communications-corp\NASDAQ_EMMS_2018.pdf,emmis-communications-corp,EMMIS COMMUNICATIONS CORPORATION,False,
../downolad_files/data/nasdaq_annual_reports\emmis-communications-corp\NASDAQ_EMMS_2019.pdf,emmis-communications-corp,EMMIS COMMUNICATIONS CORPORATION,False,
../downolad_files/data/nasdaq_annual_reports\empire-resorts-inc\NASDAQ_NYNY_2015.pdf,empire-resorts-inc,THE EMPIRE DISTRICT ELECTRIC COMPANY,False,
../downolad_files/data/nasdaq_annual_reports\emmis-communications-corp\NASDAQ_EMMS_2020.pdf,emmis-communications-corp,EMMIS COMMUNICATIONS CORPORATION,False,
../downolad_files/data/nasdaq_annual_reports\empire-resorts-inc\NASDAQ_NYNY_2016.pdf,empire-resorts-inc,"EMPIRE RESORTS, INC.",False,
../downolad_files/data/nasdaq_annual_reports\empire-resorts-inc\NASDAQ_NYNY_2017.pdf,empire-resorts-inc,"EMPIRE RESORTS, INC.",False,
../downolad_files/data/nasdaq_annual_reports\empire-resorts-inc\NASDAQ_NYNY_2018.pdf,empire-resorts-inc,"EMPIRE RESORTS, INC.",False,
../downolad_files/data/nasdaq_annual_reports\enanta-pharmaceuticals\NASDAQ_ENTA_2018.pdf,enanta-pharmaceuticals,"ENANTA PHARMACEUTICALS, INC.",False,
../downolad_files/data/nasdaq_annual_reports\enact-holdings-inc\NASDAQ_ACT_2021.pdf,enact-holdings-inc,"Enact Holdings, Inc.",False,
../downolad_files/data/nasdaq_annual_reports\enanta-pharmaceuticals\NASDAQ_ENTA_2019.pdf,enanta-pharmaceuticals,"ENANTA PHARMACEUTICALS, INC.",False,
../downolad_files/data/nasdaq_annual_reports\enact-holdings-inc\NASDAQ_ACT_2022.pdf,enact-holdings-inc,"Enact Holdings, Inc.",False,
../downolad_files/data/nasdaq_annual_reports\enanta-pharmaceuticals\NASDAQ_ENTA_2020.pdf,enanta-pharmaceuticals,"ENANTA PHARMACEUTICALS, INC.",False,
../downolad_files/data/nasdaq_annual_reports\enanta-pharmaceuticals\NASDAQ_ENTA_2021.pdf,enanta-pharmaceuticals,"ENANTA PHARMACEUTICALS, INC.",False,
../downolad_files/data/nasdaq_annual_reports\encore-capital-group-inc\NASDAQ_ECPG_2018.pdf,encore-capital-group-inc,"ENCORE CAPITAL GROUP, INC.",False,
../downolad_files/data/nasdaq_annual_reports\encore-capital-group-inc\NASDAQ_ECPG_2019.pdf,encore-capital-group-inc,"ENCORE CAPITAL GROUP, INC.",False,
../downolad_files/data/nasdaq_annual_reports\encore-capital-group-inc\NASDAQ_ECPG_2021.pdf,encore-capital-group-inc,"ENCORE CAPITAL GROUP, INC.",False,
../downolad_files/data/nasdaq_annual_reports\encore-wire-corp\NASDAQ_WIRE_2015.pdf,encore-wire-corp,ENCORE WIRE CORPORATION,False,
../downolad_files/data/nasdaq_annual_reports\encore-wire-corp\NASDAQ_WIRE_2016.pdf,encore-wire-corp,ENCORE WIRE CORPORATION,False,
../downolad_files/data/nasdaq_annual_reports\encore-wire-corp\NASDAQ_WIRE_2017.pdf,encore-wire-corp,ENCORE WIRE CORPORATION,False,
../downolad_files/data/nasdaq_annual_reports\endo-international\NASDAQ_ENDP_2017.pdf,endo-international,,,
../downolad_files/data/nasdaq_annual_reports\endo-international\NASDAQ_ENDP_2016.pdf,endo-international,ENDO INTERNATIONAL PLC,False,
../downolad_files/data/nasdaq_annual_reports\encore-wire-corp\NASDAQ_WIRE_2018.pdf,encore-wire-corp,ENCORE WIRE CORPORATION,False,
../downolad_files/data/nasdaq_annual_reports\endo-international\NASDAQ_ENDP_2019.PDF,endo-international,Endo International plc,False,
../downolad_files/data/nasdaq_annual_reports\endo-international\NASDAQ_ENDP_2020.pdf,endo-international,,,
../downolad_files/data/nasdaq_annual_reports\endo-international\NASDAQ_ENDP_2018.pdf,endo-international,ENDO INTERNATIONAL PLC,False,
../downolad_files/data/nasdaq_annual_reports\endologix-inc\NASDAQ_ELGX_2015.pdf,endologix-inc,"Endologix, Inc.",False,
../downolad_files/data/nasdaq_annual_reports\endologix-inc\NASDAQ_ELGX_2016.pdf,endologix-inc,"Endologix, Inc.",False,
../downolad_files/data/nasdaq_annual_reports\encore-capital-group-inc\NASDAQ_ECPG_2020.pdf,encore-capital-group-inc,"ENCORE CAPITAL GROUP, INC.",False,
../downolad_files/data/nasdaq_annual_reports\endologix-inc\NASDAQ_ELGX_2017.pdf,endologix-inc,"Endologix, Inc.",False,
../downolad_files/data/nasdaq_annual_reports\endologix-inc\NASDAQ_ELGX_2018.PDF,endologix-inc,"Endologix, Inc.",False,
../downolad_files/data/nasdaq_annual_reports\endra-life-sciences-inc\NASDAQ_NDRA_2020.pdf,endra-life-sciences-inc,ENDRA Life Sciences Inc.,False,
../downolad_files/data/nasdaq_annual_reports\endra-life-sciences-inc\NASDAQ_NDRA_2018.pdf,endra-life-sciences-inc,ENDRA Life Sciences Inc.,False,
../downolad_files/data/nasdaq_annual_reports\endra-life-sciences-inc\NASDAQ_NDRA_2019.pdf,endra-life-sciences-inc,ENDRA Life Sciences Inc.,False,
../downolad_files/data/nasdaq_annual_reports\endurance-international-group-hldgs-inc\NASDAQ_EIGI_2017.pdf,endurance-international-group-hldgs-inc,"Endurance International Group Holdings, Inc.",False,
../downolad_files/data/nasdaq_annual_reports\endra-life-sciences-inc\NASDAQ_NDRA_2021.pdf,endra-life-sciences-inc,ENDRA Life Sciences Inc.,False,
../downolad_files/data/nasdaq_annual_reports\endurance-international-group-hldgs-inc\NASDAQ_EIGI_2019.pdf,endurance-international-group-hldgs-inc,"Endurance International Grouppp Holdings, Inc.",False,
../downolad_files/data/nasdaq_annual_reports\energous-corp\NASDAQ_WATT_2018.pdf,energous-corp,ENERGOUS CORPORATION,False,
../downolad_files/data/nasdaq_annual_reports\endurance-international-group-hldgs-inc\NASDAQ_EIGI_2016.pdf,endurance-international-group-hldgs-inc,,,
../downolad_files/data/nasdaq_annual_reports\endurance-international-group-hldgs-inc\NASDAQ_EIGI_2018.pdf,endurance-international-group-hldgs-inc,"Endurance International Groupp Holdings, Inc.",False,
../downolad_files/data/nasdaq_annual_reports\energous-corp\NASDAQ_WATT_2019.pdf,energous-corp,ENERGOUS CORPORATION,False,
../downolad_files/data/nasdaq_annual_reports\energous-corp\NASDAQ_WATT_2020.pdf,energous-corp,ENERGOUS CORPORATION,False,
../downolad_files/data/nasdaq_annual_reports\energous-corp\NASDAQ_WATT_2021.pdf,energous-corp,ENERGOUS CORPORATION,False,
../downolad_files/data/nasdaq_annual_reports\energy-focus-inc\NASDAQ_EFOI_2018.pdf,energy-focus-inc,"ENERGY FOCUS, INC.",False,
../downolad_files/data/nasdaq_annual_reports\energy-focus-inc\NASDAQ_EFOI_2019.pdf,energy-focus-inc,"ENERGY FOCUS, INC.",False,
../downolad_files/data/nasdaq_annual_reports\energy-focus-inc\NASDAQ_EFOI_2020.pdf,energy-focus-inc,"ENERGY FOCUS, INC.",False,
../downolad_files/data/nasdaq_annual_reports\energy-recovery\NASDAQ_ERII_2020.pdf,energy-recovery,"Energy Recovery, Inc.",False,
../downolad_files/data/nasdaq_annual_reports\energy-focus-inc\NASDAQ_EFOI_2021.pdf,energy-focus-inc,"ENERGY FOCUS, INC.",False,
../downolad_files/data/nasdaq_annual_reports\energy-recovery\NASDAQ_ERII_2018.pdf,energy-recovery,"Energy Recovery, Inc.",False,
../downolad_files/data/nasdaq_annual_reports\energy-recovery\NASDAQ_ERII_2019.pdf,energy-recovery,"ENERGY FOCUS, INC.",False,
../downolad_files/data/nasdaq_annual_reports\energy-recovery\NASDAQ_ERII_2021.pdf,energy-recovery,"Energy Recovery, Inc.",False,
../downolad_files/data/nasdaq_annual_reports\englobal-corporation\NASDAQ_ENG_2020.pdf,englobal-corporation,ENGlobal Corporation,False,
../downolad_files/data/nasdaq_annual_reports\englobal-corporation\NASDAQ_ENG_2019.pdf,englobal-corporation,ENGlobal Corporation,False,
../downolad_files/data/nasdaq_annual_reports\englobal-corporation\NASDAQ_ENG_2018.pdf,englobal-corporation,ENGlobal Corporation,False,
../downolad_files/data/nasdaq_annual_reports\enochian-biosciences-inc\NASDAQ_ENOB_2019.pdf,enochian-biosciences-inc,,,
../downolad_files/data/nasdaq_annual_reports\enochian-biosciences-inc\NASDAQ_ENOB_2018.pdf,enochian-biosciences-inc,,,
../downolad_files/data/nasdaq_annual_reports\enochian-biosciences-inc\NASDAQ_ENOB_2020.pdf,enochian-biosciences-inc,,,
../downolad_files/data/nasdaq_annual_reports\enphase-energy-inc\NASDAQ_ENPH_2018.pdf,enphase-energy-inc,"Enphase Energy, Inc.",False,
../downolad_files/data/nasdaq_annual_reports\englobal-corporation\NASDAQ_ENG_2021.pdf,englobal-corporation,ENGlobal Corporation,False,
../downolad_files/data/nasdaq_annual_reports\enochian-biosciences-inc\NASDAQ_ENOB_2021.pdf,enochian-biosciences-inc,,,
../downolad_files/data/nasdaq_annual_reports\enphase-energy-inc\NASDAQ_ENPH_2020.pdf,enphase-energy-inc,"Enphase Energy, Inc.",False,
../downolad_files/data/nasdaq_annual_reports\enphase-energy-inc\NASDAQ_ENPH_2019.pdf,enphase-energy-inc,"Enphase Energy, Inc.",False,
../downolad_files/data/nasdaq_annual_reports\enstar-group\NASDAQ_ESGR_2018.pdf,enstar-group,ENSTAR GROUP LIMITED,False,
../downolad_files/data/nasdaq_annual_reports\enphase-energy-inc\NASDAQ_ENPH_2021.pdf,enphase-energy-inc,"Enphase Energy, Inc.",False,
../downolad_files/data/nasdaq_annual_reports\enstar-group\NASDAQ_ESGR_2019.pdf,enstar-group,ENSTAR GROUP LIMITED,False,
../downolad_files/data/nasdaq_annual_reports\enstar-group\NASDAQ_ESGR_2020.pdf,enstar-group,ENSTAR GROUP LIMITED,False,
../downolad_files/data/nasdaq_annual_reports\enstar-group\NASDAQ_ESGR_2021.pdf,enstar-group,ENSTAR GROUP LIMITED,False,
../downolad_files/data/nasdaq_annual_reports\entasis-therapeutics-holdings-inc\NASDAQ_ETTX_2018.pdf,entasis-therapeutics-holdings-inc,Entasis Therapeutics Holdings Inc.,False,
../downolad_files/data/nasdaq_annual_reports\entasis-therapeutics-holdings-inc\NASDAQ_ETTX_2019.pdf,entasis-therapeutics-holdings-inc,Entasis Therapeutics Holdings Inc.,False,
../downolad_files/data/nasdaq_annual_reports\entasis-therapeutics-holdings-inc\NASDAQ_ETTX_2020.pdf,entasis-therapeutics-holdings-inc,Entasis Therapeutics Holdings Inc.,False,
../downolad_files/data/nasdaq_annual_reports\entegris\NASDAQ_ENTG_2018.PDF,entegris,"Entegris, Inc.",False,
../downolad_files/data/nasdaq_annual_reports\entasis-therapeutics-holdings-inc\NASDAQ_ETTX_2021.pdf,entasis-therapeutics-holdings-inc,Entasis Therapeutics Holdings Inc.,False,
../downolad_files/data/nasdaq_annual_reports\entegris\NASDAQ_ENTG_2019.pdf,entegris,"Entegris, Inc.",False,
../downolad_files/data/nasdaq_annual_reports\entegris\NASDAQ_ENTG_2021.pdf,entegris,"Entegris, Inc.",False,
../downolad_files/data/nasdaq_annual_reports\entera-bio-ltd\NASDAQ_ENTX_2019.pdf,entera-bio-ltd,ENTERA BIO LTD.,False,
../downolad_files/data/nasdaq_annual_reports\entegris\NASDAQ_ENTG_2020.pdf,entegris,"Entegris, Inc.",False,
../downolad_files/data/nasdaq_annual_reports\entera-bio-ltd\NASDAQ_ENTX_2018.pdf,entera-bio-ltd,ENTERA BIO LTD.,False,
../downolad_files/data/nasdaq_annual_reports\entera-bio-ltd\NASDAQ_ENTX_2020.pdf,entera-bio-ltd,ENTERA BIO LTD.,False,
../downolad_files/data/nasdaq_annual_reports\enterprise-bancorp-inc\NASDAQ_EBTC_2018.pdf,enterprise-bancorp-inc,,,
../downolad_files/data/nasdaq_annual_reports\enterprise-bancorp-inc\NASDAQ_EBTC_2020.pdf,enterprise-bancorp-inc,,,
../downolad_files/data/nasdaq_annual_reports\enterprise-bancorp-inc\NASDAQ_EBTC_2021.pdf,enterprise-bancorp-inc,,,
../downolad_files/data/nasdaq_annual_reports\enterprise-bancorp-inc\NASDAQ_EBTC_2019.pdf,enterprise-bancorp-inc,,,
../downolad_files/data/nasdaq_annual_reports\entera-bio-ltd\NASDAQ_ENTX_2021.pdf,entera-bio-ltd,Entera Bio Ltd.,False,
../downolad_files/data/nasdaq_annual_reports\enterprise-financial-services-corp\NASDAQ_EFSC_2018.pdf,enterprise-financial-services-corp,ENTERPRISE FINANCIAL SERVICES CORP,False,
../downolad_files/data/nasdaq_annual_reports\enterprise-financial-services-corp\NASDAQ_EFSC_2019.pdf,enterprise-financial-services-corp,ENTERPRISE FINANCIAL SERVICES CORP,False,
../downolad_files/data/nasdaq_annual_reports\enterprise-financial-services-corp\NASDAQ_EFSC_2021.pdf,enterprise-financial-services-corp,ENTERPRISE FINANCIAL SERVICES CORP,False,
../downolad_files/data/nasdaq_annual_reports\enterprise-financial-services-corp\NASDAQ_EFSC_2020.pdf,enterprise-financial-services-corp,ENTERPRISE FINANCIAL SERVICES CORP,False,
../downolad_files/data/nasdaq_annual_reports\duluth-holdings-inc\NASDAQ_DLTH_2017.pdf,duluth-holdings-inc,DULUTH HOLDINGS INC.,False,
../downolad_files/data/nasdaq_annual_reports\envestnet-yodlee\NASDAQ_ENV_2018.pdf,envestnet-yodlee,"Envestnet, Inc.",False,
../downolad_files/data/nasdaq_annual_reports\envestnet-yodlee\NASDAQ_ENV_2019.pdf,envestnet-yodlee,"Envestnet, Inc.",False,
../downolad_files/data/nasdaq_annual_reports\envestnet-yodlee\NASDAQ_ENV_2021.pdf,envestnet-yodlee,,,
../downolad_files/data/nasdaq_annual_reports\enzon-pharmaceuticals-inc\NASDAQ_ENZN_2018.pdf,enzon-pharmaceuticals-inc,"Enzon Pharmaceuticals, Inc.",False,
../downolad_files/data/nasdaq_annual_reports\envestnet-yodlee\NASDAQ_ENV_2020.pdf,envestnet-yodlee,"Envestnet, Inc.",False,
../downolad_files/data/nasdaq_annual_reports\enzon-pharmaceuticals-inc\NASDAQ_ENZN_2019.pdf,enzon-pharmaceuticals-inc,"Enzon Pharmaceuticals, Inc.",False,
../downolad_files/data/nasdaq_annual_reports\enzon-pharmaceuticals-inc\NASDAQ_ENZN_2020.pdf,enzon-pharmaceuticals-inc,"Enzon Pharmaceuticals, Inc.",False,
../downolad_files/data/nasdaq_annual_reports\epizyme-inc\NASDAQ_EPZM_2016.pdf,epizyme-inc,"EPIZYME, INC.",False,
../downolad_files/data/nasdaq_annual_reports\enzon-pharmaceuticals-inc\NASDAQ_ENZN_2021.pdf,enzon-pharmaceuticals-inc,"Enzon Pharmaceuticals, Inc.",False,
../downolad_files/data/nasdaq_annual_reports\epizyme-inc\NASDAQ_EPZM_2020.pdf,epizyme-inc,"EPIZYME, INC.",False,
../downolad_files/data/nasdaq_annual_reports\epizyme-inc\NASDAQ_EPZM_2017.pdf,epizyme-inc,"EPIZYME, INC.",False,
../downolad_files/data/nasdaq_annual_reports\eplus-inc\NASDAQ_PLUS_2018.pdf,eplus-inc,ePlus inc.,False,
../downolad_files/data/nasdaq_annual_reports\epizyme-inc\NASDAQ_EPZM_2018.pdf,epizyme-inc,"EPIZYME, INC.",False,
../downolad_files/data/nasdaq_annual_reports\eplus-inc\NASDAQ_PLUS_2019.pdf,eplus-inc,ePlus inc.,False,
../downolad_files/data/nasdaq_annual_reports\eplus-inc\NASDAQ_PLUS_2020.pdf,eplus-inc,ePlus inc.,False,
../downolad_files/data/nasdaq_annual_reports\eplus-inc\NASDAQ_PLUS_2021.pdf,eplus-inc,ePlus inc.,False,
../downolad_files/data/nasdaq_annual_reports\epizyme-inc\NASDAQ_EPZM_2019.pdf,epizyme-inc,"EPIZYME, INC.",False,
../downolad_files/data/nasdaq_annual_reports\epsilon-energy-ltd\NASDAQ_EPSN_2018.pdf,epsilon-energy-ltd,EPSILON ENERGY LTD.,False,
../downolad_files/data/nasdaq_annual_reports\epsilon-energy-ltd\NASDAQ_EPSN_2019.pdf,epsilon-energy-ltd,EPSILON ENERGY LTD.,False,
../downolad_files/data/nasdaq_annual_reports\epsilon-energy-ltd\NASDAQ_EPSN_2020.pdf,epsilon-energy-ltd,EPSILON ENERGY LTD.,False,
../downolad_files/data/nasdaq_annual_reports\equillium\NASDAQ_EQ_2019.pdf,equillium,"EQUILLIUM, INC.",False,
../downolad_files/data/nasdaq_annual_reports\equillium\NASDAQ_EQ_2018.pdf,equillium,"EQUILLIUM, INC.",False,
../downolad_files/data/nasdaq_annual_reports\equinix-inc\NASDAQ_EQIX_2020.pdf,equinix-inc,"EQUINIX, INC.",False,
../downolad_files/data/nasdaq_annual_reports\equinix-inc\NASDAQ_EQIX_2021.pdf,equinix-inc,"EQUINIX, INC.",False,
../downolad_files/data/nasdaq_annual_reports\equinix-inc\NASDAQ_EQIX_2022.pdf,equinix-inc,"EQUINIX, INC.",False,
../downolad_files/data/nasdaq_annual_reports\equillium\NASDAQ_EQ_2020.pdf,equillium,"EQUILLIUM, INC.",False,
../downolad_files/data/nasdaq_annual_reports\equity-bank\NASDAQ_EQBK_2019.pdf,equity-bank,"EQUITY BANCSHARES, INC.",False,
../downolad_files/data/nasdaq_annual_reports\equity-bank\NASDAQ_EQBK_2021.pdf,equity-bank,"EQUITY BANCSHARES, INC.",False,
../downolad_files/data/nasdaq_annual_reports\equinix-inc\NASDAQ_EQIX_2019.pdf,equinix-inc,"EQUINIX, INC.",False,
../downolad_files/data/nasdaq_annual_reports\ericsson\NASDAQ_ERIC_2018.pdf,ericsson,,,
../downolad_files/data/nasdaq_annual_reports\equity-bank\NASDAQ_EQBK_2018.pdf,equity-bank,"EQUITY BANCSHARES, INC.",False,
../downolad_files/data/nasdaq_annual_reports\ericsson\NASDAQ_ERIC_2019.pdf,ericsson,,,
../downolad_files/data/nasdaq_annual_reports\equity-bank\NASDAQ_EQBK_2020.pdf,equity-bank,"EQUITY BANCSHARES, INC.",False,
../downolad_files/data/nasdaq_annual_reports\ericsson\NASDAQ_ERIC_2020.pdf,ericsson,,,
../downolad_files/data/nasdaq_annual_reports\ericsson\NASDAQ_ERIC_2021.pdf,ericsson,,,
../downolad_files/data/nasdaq_annual_reports\ericsson\NASDAQ_ERIC_2022.pdf,ericsson,,,
../downolad_files/data/nasdaq_annual_reports\erie-indemnity-co\NASDAQ_ERIE_2019.pdf,erie-indemnity-co,,,
../downolad_files/data/nasdaq_annual_reports\erie-indemnity-co\NASDAQ_ERIE_2018.pdf,erie-indemnity-co,,,
../downolad_files/data/nasdaq_annual_reports\erie-indemnity-co\NASDAQ_ERIE_2020.pdf,erie-indemnity-co,,,
../downolad_files/data/nasdaq_annual_reports\erie-indemnity-co\NASDAQ_ERIE_2021.pdf,erie-indemnity-co,,,
../downolad_files/data/nasdaq_annual_reports\erytech-pharma-sa\NASDAQ_ERYP_2017.pdf,erytech-pharma-sa,,,
../downolad_files/data/nasdaq_annual_reports\erytech-pharma-sa\NASDAQ_ERYP_2018.pdf,erytech-pharma-sa,,,
../downolad_files/data/nasdaq_annual_reports\erytech-pharma-sa\NASDAQ_ERYP_2019.pdf,erytech-pharma-sa,,,
../downolad_files/data/nasdaq_annual_reports\escalade-inc\NASDAQ_ESCA_2018.pdf,escalade-inc,"ESCALADE, INCORPORATED",False,
../downolad_files/data/nasdaq_annual_reports\escalade-inc\NASDAQ_ESCA_2019.pdf,escalade-inc,"ESCALADE, INCORPORATED",False,
../downolad_files/data/nasdaq_annual_reports\erytech-pharma-sa\NASDAQ_ERYP_2020.pdf,erytech-pharma-sa,,,
../downolad_files/data/nasdaq_annual_reports\erytech-pharma-sa\NASDAQ_ERYP_2021.pdf,erytech-pharma-sa,,,
../downolad_files/data/nasdaq_annual_reports\escalade-inc\NASDAQ_ESCA_2020.pdf,escalade-inc,"ESCALADE, INCORPORATED",False,
../downolad_files/data/nasdaq_annual_reports\escalade-inc\NASDAQ_ESCA_2021.pdf,escalade-inc,"ESCALADE, INCORPORATED",False,
../downolad_files/data/nasdaq_annual_reports\escalon-medical-corp\NASDAQ_ESMC_2004.pdf,escalon-medical-corp,,,
../downolad_files/data/nasdaq_annual_reports\escalon-medical-corp\NASDAQ_ESMC_2005.pdf,escalon-medical-corp,,,
../downolad_files/data/nasdaq_annual_reports\escalon-medical-corp\NASDAQ_ESMC_2007.pdf,escalon-medical-corp,ESCALON MEDICAL CORP.,False,
../downolad_files/data/nasdaq_annual_reports\escalon-medical-corp\NASDAQ_ESMC_2006.pdf,escalon-medical-corp,,,
../downolad_files/data/nasdaq_annual_reports\esperion-therapeutics-inc\NASDAQ_ESPR_2018.pdf,esperion-therapeutics-inc,"Esperion Therapeutics, Inc.",False,
../downolad_files/data/nasdaq_annual_reports\esperion-therapeutics-inc\NASDAQ_ESPR_2019.pdf,esperion-therapeutics-inc,"Esperion Therapeutics, Inc.",False,
../downolad_files/data/nasdaq_annual_reports\esquire-financial-holdings-inc\NASDAQ_ESQ_2018.pdf,esquire-financial-holdings-inc,,,
../downolad_files/data/nasdaq_annual_reports\esquire-financial-holdings-inc\NASDAQ_ESQ_2019.pdf,esquire-financial-holdings-inc,"Esquire Financial Holdings, Inc.",False,
../downolad_files/data/nasdaq_annual_reports\esperion-therapeutics-inc\NASDAQ_ESPR_2021.pdf,esperion-therapeutics-inc,"Esperion Therapeutics, Inc.",False,
../downolad_files/data/nasdaq_annual_reports\esquire-financial-holdings-inc\NASDAQ_ESQ_2020.pdf,esquire-financial-holdings-inc,"Esquire Financial Holdings, Inc.",False,
../downolad_files/data/nasdaq_annual_reports\essa-bancorp-inc\NASDAQ_ESSA_2019.pdf,essa-bancorp-inc,,,
../downolad_files/data/nasdaq_annual_reports\essa-bancorp-inc\NASDAQ_ESSA_2018.pdf,essa-bancorp-inc,,,
../downolad_files/data/nasdaq_annual_reports\esperion-therapeutics-inc\NASDAQ_ESPR_2020.pdf,esperion-therapeutics-inc,,,
../downolad_files/data/nasdaq_annual_reports\essa-bancorp-inc\NASDAQ_ESSA_2020.pdf,essa-bancorp-inc,,,
../downolad_files/data/nasdaq_annual_reports\essa-bancorp-inc\NASDAQ_ESSA_2021.pdf,essa-bancorp-inc,,,
../downolad_files/data/nasdaq_annual_reports\esquire-financial-holdings-inc\NASDAQ_ESQ_2021.pdf,esquire-financial-holdings-inc,,,
../downolad_files/data/nasdaq_annual_reports\establishment-labs-holdings-inc\NASDAQ_ESTA_2018.pdf,establishment-labs-holdings-inc,Establishment Labs Holdings Inc.,False,
../downolad_files/data/nasdaq_annual_reports\establishment-labs-holdings-inc\NASDAQ_ESTA_2019.pdf,establishment-labs-holdings-inc,Establishment Labs Holdings Inc.,False,
../downolad_files/data/nasdaq_annual_reports\establishment-labs-holdings-inc\NASDAQ_ESTA_2020.pdf,establishment-labs-holdings-inc,Establishment Labs Holdings Inc.,False,
../downolad_files/data/nasdaq_annual_reports\establishment-labs-holdings-inc\NASDAQ_ESTA_2021.pdf,establishment-labs-holdings-inc,Establishment Labs Holdings Inc.,False,
../downolad_files/data/nasdaq_annual_reports\etsy-inc\NASDAQ_ETSY_2017.pdf,etsy-inc,"ETSY, INC.",False,
../downolad_files/data/nasdaq_annual_reports\eton-pharmaceuticals-inc\NASDAQ_ETON_2018.pdf,eton-pharmaceuticals-inc,"ETON PHARMACEUTICALS, INC.",False,
../downolad_files/data/nasdaq_annual_reports\etsy-inc\NASDAQ_ETSY_2019.pdf,etsy-inc,"ETSY, INC.",False,
../downolad_files/data/nasdaq_annual_reports\eton-pharmaceuticals-inc\NASDAQ_ETON_2019.pdf,eton-pharmaceuticals-inc,"ETON PHARMACEUTICALS, INC.",False,
../downolad_files/data/nasdaq_annual_reports\eton-pharmaceuticals-inc\NASDAQ_ETON_2020.pdf,eton-pharmaceuticals-inc,"ETON PHARMACEUTICALS, INC.",False,
../downolad_files/data/nasdaq_annual_reports\eton-pharmaceuticals-inc\NASDAQ_ETON_2021.pdf,eton-pharmaceuticals-inc,"ETON PHARMACEUTICALS, INC.",False,
../downolad_files/data/nasdaq_annual_reports\etsy-inc\NASDAQ_ETSY_2020.pdf,etsy-inc,"ETSY, INC.",False,
../downolad_files/data/nasdaq_annual_reports\eurodry-ltd\NASDAQ_EDRY_2020.pdf,eurodry-ltd,EURODRY LTD.,False,
../downolad_files/data/nasdaq_annual_reports\euronet-worldwide-inc\NASDAQ_EEFT_2019.pdf,euronet-worldwide-inc,"EURONET WORLDWIDE, INC.",False,
../downolad_files/data/nasdaq_annual_reports\eurodry-ltd\NASDAQ_EDRY_2019.pdf,eurodry-ltd,EURODRY LTD.,False,
../downolad_files/data/nasdaq_annual_reports\euronet-worldwide-inc\NASDAQ_EEFT_2021.pdf,euronet-worldwide-inc,"EURONET WORLDWIDE, INC.",False,
../downolad_files/data/nasdaq_annual_reports\euroseas-ltd\NASDAQ_ESEA_2015.pdf,euroseas-ltd,EUROSEAS LTD.,False,
../downolad_files/data/nasdaq_annual_reports\euronet-worldwide-inc\NASDAQ_EEFT_2020.pdf,euronet-worldwide-inc,"EURONET WORLDWIDE, INC.",False,
